board_id,chip_id,processor_id,vertex,SDRAM
0,0,1,"Command Sender on 0, 0",492
0,0,2,"SYSTEM:PacketGatherer(0,0)",477250
0,0,3,SYSTEM:ExtraMonitor,488476
0,0,4,f_cnn,14632
0,0,5,f_cnn,14632
0,0,6,f_cnn,14632
0,0,7,f_cnn,14632
0,0,8,f_cnn,14632
0,0,9,f_cnn,14632
0,0,10,f_cnn,14632
0,0,11,f_cnn,14632
0,0,12,f_cnn,14632
0,0,13,f_cnn,14632
0,0,14,f_cnn,14632
0,0,15,f_cnn,14632
0,0,16,f_cnn,14632
0,0,17,f_cnn,14632
1,0,1,SYSTEM:ExtraMonitor,488476
1,0,2,f_cnn,14632
1,0,3,f_cnn,14632
1,0,4,f_cnn,14632
1,0,5,f_cnn,14632
1,0,6,f_cnn,14632
1,0,7,f_cnn,14632
1,0,8,f_cnn,14632
1,0,9,f_cnn,14632
1,0,10,f_cnn,14632
1,0,11,f_cnn,14632
1,0,12,f_cnn,14632
1,0,13,f_cnn,14632
1,0,14,f_cnn,14632
1,0,15,f_cnn,14632
1,0,16,f_cnn,14632
1,0,17,f_cnn,14632
2,0,1,SYSTEM:ExtraMonitor,488476
2,0,2,f_cnn,14632
2,0,3,f_cnn,14632
2,0,4,f_cnn,14632
2,0,5,f_cnn,14632
2,0,6,f_cnn,14632
2,0,7,f_cnn,14632
2,0,8,f_cnn,14632
2,0,9,f_cnn,14632
2,0,10,f_cnn,14632
2,0,11,f_cnn,14632
2,0,12,f_cnn,14632
2,0,13,f_cnn,14632
2,0,14,f_cnn,14632
2,0,15,f_cnn,14632
2,0,16,f_cnn,14632
2,0,17,f_cnn,14632
3,0,1,SYSTEM:ExtraMonitor,488476
3,0,2,f_cnn,14632
3,0,3,f_cnn,14632
3,0,4,f_cnn,14632
3,0,5,f_cnn,14632
3,0,6,f_cnn,14632
3,0,7,f_cnn,14632
3,0,8,f_cnn,14632
3,0,9,f_cnn,14632
3,0,10,f_cnn,14632
3,0,11,f_cnn,14632
3,0,12,f_cnn,14632
3,0,13,f_cnn,14632
3,0,14,f_cnn,14632
3,0,15,f_cnn,14632
3,0,16,f_cnn,14632
3,0,17,f_cnn,14632
4,0,1,SYSTEM:ExtraMonitor,488476
4,0,2,f_cnn,14632
4,0,3,f_cnn,14632
4,0,4,f_cnn,14632
4,0,5,f_cnn,14632
4,0,6,f_cnn,14632
4,0,7,f_cnn,14632
4,0,8,f_cnn,14632
4,0,9,f_cnn,14632
4,0,10,f_cnn,14632
4,0,11,f_cnn,14632
4,0,12,f_cnn,14632
4,0,13,f_cnn,14632
4,0,14,f_cnn,14632
4,0,15,f_cnn,14632
4,0,16,f_cnn,14632
4,0,17,f_cnn,14632
5,0,1,SYSTEM:ExtraMonitor,488476
5,0,2,f_cnn,14632
5,0,3,f_cnn,14632
5,0,4,f_cnn,14632
5,0,5,f_cnn,14632
5,0,6,f_cnn,14632
5,0,7,f_cnn,14632
5,0,8,f_cnn,14632
5,0,9,f_cnn,14632
5,0,10,f_cnn,14632
5,0,11,f_cnn,14632
5,0,12,f_cnn,14632
5,0,13,f_cnn,14632
5,0,14,f_cnn,14632
5,0,15,f_cnn,14632
5,0,16,f_cnn,14632
5,0,17,f_cnn,14632
6,0,1,SYSTEM:ExtraMonitor,488476
6,0,2,f_cnn,14632
6,0,3,f_cnn,14632
6,0,4,f_cnn,14632
6,0,5,f_cnn,14632
6,0,6,f_cnn,14632
6,0,7,f_cnn,14632
6,0,8,f_cnn,14632
6,0,9,f_cnn,14632
6,0,10,f_cnn,14632
6,0,11,f_cnn,14632
6,0,12,f_cnn,14632
6,0,13,f_cnn,14632
6,0,14,f_cnn,14632
6,0,15,f_cnn,14632
6,0,16,f_cnn,14632
6,0,17,f_cnn,14632
7,0,1,SYSTEM:ExtraMonitor,488476
7,0,2,f_cnn,14632
7,0,3,f_cnn,14632
7,0,4,f_cnn,14632
7,0,5,f_cnn,14632
7,0,6,f_cnn,14632
7,0,7,f_cnn,14632
7,0,8,f_cnn,14632
7,0,9,f_cnn,14632
7,0,10,f_cnn,14632
7,0,11,f_cnn,14632
7,0,12,f_cnn,14632
7,0,13,f_cnn,14632
7,0,14,f_cnn,14632
7,0,15,f_cnn,14632
7,0,16,f_cnn,14632
7,0,17,f_cnn,14632
8,0,1,SYSTEM:ExtraMonitor,488476
8,0,2,f_cnn,14632
8,0,3,f_cnn,14632
8,0,4,f_cnn,14632
8,0,5,f_cnn,14632
8,0,6,f_cnn,14632
8,0,7,f_cnn,14632
8,0,8,f_cnn,14632
8,0,9,f_cnn,14632
8,0,10,f_cnn,14632
8,0,11,f_cnn,14632
8,0,12,f_cnn,14632
8,0,13,f_cnn,14632
8,0,14,f_cnn,14632
8,0,15,f_cnn,14632
8,0,16,f_cnn,14632
8,0,17,f_cnn,14632
9,0,1,SYSTEM:ExtraMonitor,488476
9,0,2,f_cnn,14632
9,0,3,f_cnn,14632
9,0,4,f_cnn,14632
9,0,5,f_cnn,14632
9,0,6,f_cnn,14632
9,0,7,f_cnn,14632
9,0,8,f_cnn,14632
9,0,9,f_cnn,14632
9,0,10,f_cnn,14632
9,0,11,f_cnn,14632
9,0,12,f_cnn,14632
9,0,13,f_cnn,14632
9,0,14,f_cnn,14632
9,0,15,f_cnn,14632
9,0,16,f_cnn,14632
9,0,17,f_cnn,14632
10,0,1,SYSTEM:ExtraMonitor,488476
10,0,2,f_cnn,14632
10,0,3,f_cnn,14632
10,0,4,f_cnn,14632
10,0,5,f_cnn,14632
10,0,6,f_cnn,14632
10,0,7,f_cnn,14632
10,0,8,f_cnn,14632
10,0,9,f_cnn,14632
10,0,10,f_cnn,14632
10,0,11,f_cnn,14632
10,0,12,f_cnn,14632
10,0,13,f_cnn,14632
10,0,14,f_cnn,14632
10,0,15,f_cnn,14632
10,0,16,f_cnn,14632
10,0,17,f_cnn,14632
11,0,1,SYSTEM:ExtraMonitor,488476
11,0,2,f_cnn,14632
11,0,3,f_cnn,14632
11,0,4,f_cnn,14632
11,0,5,f_cnn,14632
11,0,6,f_cnn,14632
11,0,7,f_cnn,14632
11,0,8,f_cnn,14632
11,0,9,f_cnn,14632
11,0,10,f_cnn,14632
11,0,11,f_cnn,14632
11,0,12,f_cnn,14632
11,0,13,f_cnn,14632
11,0,14,f_cnn,14632
11,0,15,f_cnn,14632
11,0,16,f_cnn,14632
11,0,17,f_cnn,14632
12,0,1,"SYSTEM:PacketGatherer(0,12)",477250
12,0,2,SYSTEM:ExtraMonitor,488476
12,0,3,s_cnn,14632
12,0,4,s_cnn,14632
12,0,5,s_cnn,14632
12,0,6,s_cnn,14632
12,0,7,s_cnn,14632
12,0,8,s_cnn,14632
12,0,9,s_cnn,14632
12,0,10,s_cnn,14632
12,0,11,s_cnn,14632
12,0,12,s_cnn,14632
12,0,13,s_cnn,14632
12,0,14,s_cnn,14632
12,0,15,s_cnn,14632
12,0,16,s_cnn,14632
12,0,17,s_cnn,14632
13,0,1,SYSTEM:ExtraMonitor,488476
13,0,2,s_cnn,14632
13,0,3,s_cnn,14632
13,0,4,s_cnn,14632
13,0,5,s_cnn,14632
13,0,6,s_cnn,14632
13,0,7,s_cnn,14632
13,0,8,s_cnn,14632
13,0,9,s_cnn,14632
13,0,10,s_cnn,14632
13,0,11,s_cnn,14632
13,0,12,s_cnn,14632
13,0,13,s_cnn,14632
13,0,14,s_cnn,14632
13,0,15,s_cnn,14632
13,0,16,s_cnn,14632
13,0,17,s_cnn,14632
14,0,1,SYSTEM:ExtraMonitor,488476
14,0,2,s_cnn,14632
14,0,3,s_cnn,14632
14,0,4,s_cnn,14632
14,0,5,s_cnn,14632
14,0,6,s_cnn,14632
14,0,7,s_cnn,14632
14,0,8,s_cnn,14632
14,0,9,s_cnn,14632
14,0,10,s_cnn,14632
14,0,11,s_cnn,14632
14,0,12,s_cnn,14632
14,0,13,s_cnn,14632
14,0,14,s_cnn,14632
14,0,15,s_cnn,14632
14,0,16,s_cnn,14632
14,0,17,s_cnn,14632
15,0,1,SYSTEM:ExtraMonitor,488476
15,0,2,s_cnn,14632
15,0,3,s_cnn,14632
15,0,4,s_cnn,14632
15,0,5,s_cnn,14632
15,0,6,s_cnn,14632
15,0,7,s_cnn,14632
15,0,8,s_cnn,14632
15,0,9,s_cnn,14632
15,0,10,s_cnn,14632
15,0,11,s_cnn,14632
15,0,12,s_cnn,14632
15,0,13,s_cnn,14632
15,0,14,s_cnn,14632
15,0,15,s_cnn,14632
15,0,16,s_cnn,14632
15,0,17,s_cnn,14632
16,0,1,SYSTEM:ExtraMonitor,488476
16,0,2,f_cnn,14632
16,0,3,f_cnn,14632
16,0,4,f_cnn,14632
16,0,5,f_cnn,14632
16,0,6,f_cnn,14632
16,0,7,f_cnn,14632
16,0,8,f_cnn,14632
16,0,9,f_cnn,14632
16,0,10,f_cnn,14632
16,0,11,f_cnn,14632
16,0,12,f_cnn,14632
16,0,13,f_cnn,14632
16,0,14,f_cnn,14632
16,0,15,f_cnn,14632
16,0,16,f_cnn,14632
16,0,17,f_cnn,14632
17,0,1,SYSTEM:ExtraMonitor,488476
17,0,2,f_cnn,14632
17,0,3,f_cnn,14632
17,0,4,f_cnn,14632
17,0,5,f_cnn,14632
17,0,6,f_cnn,14632
17,0,7,f_cnn,14632
17,0,8,f_cnn,14632
17,0,9,f_cnn,14632
17,0,10,f_cnn,14632
17,0,11,f_cnn,14632
17,0,12,f_cnn,14632
17,0,13,f_cnn,14632
17,0,14,f_cnn,14632
17,0,15,f_cnn,14632
17,0,16,f_cnn,14632
17,0,17,f_cnn,14632
18,0,1,SYSTEM:ExtraMonitor,488476
18,0,2,f_cnn,14632
18,0,3,f_cnn,14632
18,0,4,f_cnn,14632
18,0,5,f_cnn,14632
18,0,6,f_cnn,14632
18,0,7,f_cnn,14632
18,0,8,f_cnn,14632
18,0,9,f_cnn,14632
18,0,10,f_cnn,14632
18,0,11,f_cnn,14632
18,0,12,f_cnn,14632
18,0,13,f_cnn,14632
18,0,14,f_cnn,14632
18,0,15,f_cnn,14632
18,0,16,f_cnn,14632
18,0,17,f_cnn,14632
19,0,1,SYSTEM:ExtraMonitor,488476
19,0,2,f_cnn,14632
19,0,3,f_cnn,14632
19,0,4,f_cnn,14632
19,0,5,f_cnn,14632
19,0,6,f_cnn,14632
19,0,7,f_cnn,14632
19,0,8,f_cnn,14632
19,0,9,f_cnn,14632
19,0,10,f_cnn,14632
19,0,11,f_cnn,14632
19,0,12,f_cnn,14632
19,0,13,f_cnn,14632
19,0,14,f_cnn,14632
19,0,15,f_cnn,14632
19,0,16,f_cnn,14632
19,0,17,f_cnn,14632
20,0,1,SYSTEM:ExtraMonitor,488476
20,0,2,f_cnn,14632
20,0,3,f_cnn,14632
20,0,4,f_cnn,14632
20,0,5,f_cnn,14632
20,0,6,f_cnn,14632
20,0,7,f_cnn,14632
20,0,8,f_cnn,14632
20,0,9,f_cnn,14632
20,0,10,f_cnn,14632
20,0,11,f_cnn,14632
20,0,12,f_cnn,14632
20,0,13,f_cnn,14632
20,0,14,f_cnn,14632
20,0,15,f_cnn,14632
20,0,16,f_cnn,14632
20,0,17,f_cnn,14632
21,0,1,SYSTEM:ExtraMonitor,488476
21,0,2,f_cnn,14632
21,0,3,f_cnn,14632
21,0,4,f_cnn,14632
21,0,5,f_cnn,14632
21,0,6,f_cnn,14632
21,0,7,f_cnn,14632
21,0,8,f_cnn,14632
21,0,9,f_cnn,14632
21,0,10,f_cnn,14632
21,0,11,f_cnn,14632
21,0,12,f_cnn,14632
21,0,13,f_cnn,14632
21,0,14,f_cnn,14632
21,0,15,f_cnn,14632
21,0,16,f_cnn,14632
21,0,17,f_cnn,14632
22,0,1,SYSTEM:ExtraMonitor,488476
22,0,2,f_cnn,14632
22,0,3,f_cnn,14632
22,0,4,f_cnn,14632
22,0,5,f_cnn,14632
22,0,6,f_cnn,14632
22,0,7,f_cnn,14632
22,0,8,f_cnn,14632
22,0,9,f_cnn,14632
22,0,10,f_cnn,14632
22,0,11,f_cnn,14632
22,0,12,f_cnn,14632
22,0,13,f_cnn,14632
22,0,14,f_cnn,14632
22,0,15,f_cnn,14632
22,0,16,f_cnn,14632
22,0,17,f_cnn,14632
23,0,1,SYSTEM:ExtraMonitor,488476
23,0,2,f_cnn,14632
23,0,3,f_cnn,14632
23,0,4,f_cnn,14632
23,0,5,f_cnn,14632
23,0,6,f_cnn,14632
23,0,7,f_cnn,14632
23,0,8,f_cnn,14632
23,0,9,f_cnn,14632
23,0,10,f_cnn,14632
23,0,11,f_cnn,14632
23,0,12,f_cnn,14632
23,0,13,f_cnn,14632
23,0,14,f_cnn,14632
23,0,15,f_cnn,14632
23,0,16,f_cnn,14632
23,0,17,f_cnn,14632
0,1,1,SYSTEM:ExtraMonitor,488476
0,1,2,f_cnn,14632
0,1,3,f_cnn,14632
0,1,4,f_cnn,14632
0,1,5,f_cnn,14632
0,1,6,f_cnn,14632
0,1,7,f_cnn,14632
0,1,8,f_cnn,14632
0,1,9,f_cnn,14632
0,1,10,f_cnn,14632
0,1,11,f_cnn,14632
0,1,12,f_cnn,14632
0,1,13,f_cnn,14632
0,1,14,f_cnn,14632
0,1,15,f_cnn,14632
0,1,16,f_cnn,14632
0,1,17,f_cnn,14632
1,1,1,SYSTEM:ExtraMonitor,488476
1,1,2,f_cnn,14632
1,1,3,f_cnn,14632
1,1,4,f_cnn,14632
1,1,5,f_cnn,14632
1,1,6,f_cnn,14632
1,1,7,f_cnn,14632
1,1,8,f_cnn,14632
1,1,9,f_cnn,14632
1,1,10,f_cnn,14632
1,1,11,f_cnn,14632
1,1,12,f_cnn,14632
1,1,13,f_cnn,14632
1,1,14,f_cnn,14632
1,1,15,f_cnn,14632
1,1,16,f_cnn,14632
2,1,1,SYSTEM:ExtraMonitor,488476
2,1,2,f_cnn,14632
2,1,3,f_cnn,14632
2,1,4,f_cnn,14632
2,1,5,f_cnn,14632
2,1,6,f_cnn,14632
2,1,7,f_cnn,14632
2,1,8,f_cnn,14632
2,1,9,f_cnn,14632
2,1,10,f_cnn,14632
2,1,11,f_cnn,14632
2,1,12,f_cnn,14632
2,1,13,f_cnn,14632
2,1,14,f_cnn,14632
2,1,15,f_cnn,14632
2,1,16,f_cnn,14632
2,1,17,f_cnn,14632
3,1,1,SYSTEM:ExtraMonitor,488476
3,1,2,f_cnn,14632
3,1,3,f_cnn,14632
3,1,4,f_cnn,14632
3,1,5,f_cnn,14632
3,1,6,f_cnn,14632
3,1,7,f_cnn,14632
3,1,8,f_cnn,14632
3,1,9,f_cnn,14632
3,1,10,f_cnn,14632
3,1,11,f_cnn,14632
3,1,12,f_cnn,14632
3,1,13,f_cnn,14632
3,1,14,f_cnn,14632
3,1,15,f_cnn,14632
3,1,16,f_cnn,14632
4,1,1,SYSTEM:ExtraMonitor,488476
4,1,2,f_cnn,14632
4,1,3,f_cnn,14632
4,1,4,f_cnn,14632
4,1,5,f_cnn,14632
4,1,6,f_cnn,14632
4,1,7,f_cnn,14632
4,1,8,f_cnn,14632
4,1,9,f_cnn,14632
4,1,10,f_cnn,14632
4,1,11,f_cnn,14632
4,1,12,f_cnn,14632
4,1,13,f_cnn,14632
4,1,14,f_cnn,14632
4,1,15,f_cnn,14632
4,1,16,f_cnn,14632
4,1,17,f_cnn,14632
5,1,1,SYSTEM:ExtraMonitor,488476
5,1,2,f_cnn,14632
5,1,3,f_cnn,14632
5,1,4,f_cnn,14632
5,1,5,f_cnn,14632
5,1,6,f_cnn,14632
5,1,7,f_cnn,14632
5,1,8,f_cnn,14632
5,1,9,f_cnn,14632
5,1,10,f_cnn,14632
5,1,11,f_cnn,14632
5,1,12,f_cnn,14632
5,1,13,f_cnn,14632
5,1,14,f_cnn,14632
5,1,15,f_cnn,14632
5,1,16,f_cnn,14632
5,1,17,f_cnn,14632
6,1,1,SYSTEM:ExtraMonitor,488476
6,1,2,f_cnn,14632
6,1,3,f_cnn,14632
6,1,4,f_cnn,14632
6,1,5,f_cnn,14632
6,1,6,f_cnn,14632
6,1,7,f_cnn,14632
6,1,8,f_cnn,14632
6,1,9,f_cnn,14632
6,1,10,f_cnn,14632
6,1,11,f_cnn,14632
6,1,12,f_cnn,14632
6,1,13,f_cnn,14632
6,1,14,f_cnn,14632
6,1,15,f_cnn,14632
6,1,16,f_cnn,14632
7,1,1,SYSTEM:ExtraMonitor,488476
7,1,2,f_cnn,14632
7,1,3,f_cnn,14632
7,1,4,f_cnn,14632
7,1,5,f_cnn,14632
7,1,6,f_cnn,14632
7,1,7,f_cnn,14632
7,1,8,f_cnn,14632
7,1,9,f_cnn,14632
7,1,10,f_cnn,14632
7,1,11,f_cnn,14632
7,1,12,f_cnn,14632
7,1,13,f_cnn,14632
7,1,14,f_cnn,14632
7,1,15,f_cnn,14632
7,1,16,f_cnn,14632
7,1,17,f_cnn,14632
8,1,1,SYSTEM:ExtraMonitor,488476
8,1,2,f_cnn,14632
8,1,3,f_cnn,14632
8,1,4,f_cnn,14632
8,1,5,f_cnn,14632
8,1,6,f_cnn,14632
8,1,7,f_cnn,14632
8,1,8,f_cnn,14632
8,1,9,f_cnn,14632
8,1,10,f_cnn,14632
8,1,11,f_cnn,14632
8,1,12,f_cnn,14632
8,1,13,f_cnn,14632
8,1,14,f_cnn,14632
8,1,15,f_cnn,14632
8,1,16,f_cnn,14632
9,1,1,SYSTEM:ExtraMonitor,488476
9,1,2,f_cnn,14632
9,1,3,f_cnn,14632
9,1,4,f_cnn,14632
9,1,5,f_cnn,14632
9,1,6,f_cnn,14632
9,1,7,f_cnn,14632
9,1,8,f_cnn,14632
9,1,9,f_cnn,14632
9,1,10,f_cnn,14632
9,1,11,f_cnn,14632
9,1,12,f_cnn,14632
9,1,13,f_cnn,14632
9,1,14,f_cnn,14632
9,1,15,f_cnn,14632
9,1,16,f_cnn,14632
9,1,17,f_cnn,14632
10,1,1,SYSTEM:ExtraMonitor,488476
10,1,2,f_cnn,14632
10,1,3,f_cnn,14632
10,1,4,f_cnn,14632
10,1,5,f_cnn,14632
10,1,6,f_cnn,14632
10,1,7,f_cnn,14632
10,1,8,f_cnn,14632
10,1,9,f_cnn,14632
10,1,10,f_cnn,14632
10,1,11,f_cnn,14632
10,1,12,f_cnn,14632
10,1,13,f_cnn,14632
10,1,14,f_cnn,14632
10,1,15,f_cnn,14632
10,1,16,f_cnn,14632
11,1,1,SYSTEM:ExtraMonitor,488476
11,1,2,f_cnn,14632
11,1,3,f_cnn,14632
11,1,4,f_cnn,14632
11,1,5,f_cnn,14632
11,1,6,f_cnn,14632
11,1,7,f_cnn,14632
11,1,8,f_cnn,14632
11,1,9,f_cnn,14632
11,1,10,f_cnn,14632
11,1,11,f_cnn,14632
11,1,12,f_cnn,14632
11,1,13,f_cnn,14632
11,1,14,f_cnn,14632
11,1,15,f_cnn,14632
11,1,16,f_cnn,14632
11,1,17,f_cnn,14632
12,1,1,SYSTEM:ExtraMonitor,488476
12,1,2,s_cnn,14632
12,1,3,s_cnn,14632
12,1,4,s_cnn,14632
12,1,5,s_cnn,14632
12,1,6,s_cnn,14632
12,1,7,s_cnn,14632
12,1,8,s_cnn,14632
12,1,9,s_cnn,14632
12,1,10,s_cnn,14632
12,1,11,s_cnn,14632
12,1,12,s_cnn,14632
12,1,13,s_cnn,14632
12,1,14,s_cnn,14632
12,1,15,s_cnn,14632
12,1,16,s_cnn,14632
12,1,17,s_cnn,14632
13,1,1,SYSTEM:ExtraMonitor,488476
13,1,2,s_cnn,14632
13,1,3,s_cnn,14632
13,1,4,s_cnn,14632
13,1,5,s_cnn,14632
13,1,6,s_cnn,14632
13,1,7,s_cnn,14632
13,1,8,s_cnn,14632
13,1,9,s_cnn,14632
13,1,10,s_cnn,14632
13,1,11,s_cnn,14632
13,1,12,s_cnn,14632
13,1,13,s_cnn,14632
13,1,14,s_cnn,14632
13,1,15,s_cnn,14632
13,1,16,s_cnn,14632
14,1,1,SYSTEM:ExtraMonitor,488476
14,1,2,s_cnn,14632
14,1,3,s_cnn,14632
14,1,4,s_cnn,14632
14,1,5,s_cnn,14632
14,1,6,s_cnn,14632
14,1,7,s_cnn,14632
14,1,8,s_cnn,14632
14,1,9,s_cnn,14632
14,1,10,s_cnn,14632
14,1,11,s_cnn,14632
14,1,12,s_cnn,14632
14,1,13,s_cnn,14632
14,1,14,s_cnn,14632
14,1,15,s_cnn,14632
14,1,16,s_cnn,14632
14,1,17,s_cnn,14632
15,1,1,SYSTEM:ExtraMonitor,488476
15,1,2,s_cnn,14632
15,1,3,s_cnn,14632
15,1,4,s_cnn,14632
15,1,5,s_cnn,14632
15,1,6,s_cnn,14632
15,1,7,s_cnn,14632
15,1,8,s_cnn,14632
15,1,9,s_cnn,14632
15,1,10,s_cnn,14632
15,1,11,s_cnn,14632
15,1,12,s_cnn,14632
15,1,13,s_cnn,14632
15,1,14,s_cnn,14632
15,1,15,s_cnn,14632
15,1,16,s_cnn,14632
16,1,1,SYSTEM:ExtraMonitor,488476
16,1,2,s_cnn,14632
16,1,3,s_cnn,14632
16,1,4,s_cnn,14632
16,1,5,s_cnn,14632
16,1,6,s_cnn,14632
16,1,7,s_cnn,14632
16,1,8,s_cnn,14632
16,1,9,s_cnn,14632
16,1,10,s_cnn,14632
16,1,11,s_cnn,14632
16,1,12,s_cnn,14632
16,1,13,s_cnn,14632
16,1,14,s_cnn,14632
16,1,15,s_cnn,14632
16,1,16,s_cnn,14632
16,1,17,s_cnn,14632
17,1,1,SYSTEM:ExtraMonitor,488476
17,1,2,f_cnn,14632
17,1,3,f_cnn,14632
17,1,4,f_cnn,14632
17,1,5,f_cnn,14632
17,1,6,f_cnn,14632
17,1,7,f_cnn,14632
17,1,8,f_cnn,14632
17,1,9,f_cnn,14632
17,1,10,f_cnn,14632
17,1,11,f_cnn,14632
17,1,12,f_cnn,14632
17,1,13,f_cnn,14632
17,1,14,f_cnn,14632
17,1,15,f_cnn,14632
17,1,16,f_cnn,14632
17,1,17,f_cnn,14632
18,1,1,SYSTEM:ExtraMonitor,488476
18,1,2,f_cnn,14632
18,1,3,f_cnn,14632
18,1,4,f_cnn,14632
18,1,5,f_cnn,14632
18,1,6,f_cnn,14632
18,1,7,f_cnn,14632
18,1,8,f_cnn,14632
18,1,9,f_cnn,14632
18,1,10,f_cnn,14632
18,1,11,f_cnn,14632
18,1,12,f_cnn,14632
18,1,13,f_cnn,14632
18,1,14,f_cnn,14632
18,1,15,f_cnn,14632
18,1,16,f_cnn,14632
19,1,1,SYSTEM:ExtraMonitor,488476
19,1,2,f_cnn,14632
19,1,3,f_cnn,14632
19,1,4,f_cnn,14632
19,1,5,f_cnn,14632
19,1,6,f_cnn,14632
19,1,7,f_cnn,14632
19,1,8,f_cnn,14632
19,1,9,f_cnn,14632
19,1,10,f_cnn,14632
19,1,11,f_cnn,14632
19,1,12,f_cnn,14632
19,1,13,f_cnn,14632
19,1,14,f_cnn,14632
19,1,15,f_cnn,14632
19,1,16,f_cnn,14632
19,1,17,f_cnn,14632
20,1,1,SYSTEM:ExtraMonitor,488476
20,1,2,f_cnn,14632
20,1,3,f_cnn,14632
20,1,4,f_cnn,14632
20,1,5,f_cnn,14632
20,1,6,f_cnn,14632
20,1,7,f_cnn,14632
20,1,8,f_cnn,14632
20,1,9,f_cnn,14632
20,1,10,f_cnn,14632
20,1,11,f_cnn,14632
20,1,12,f_cnn,14632
20,1,13,f_cnn,14632
20,1,14,f_cnn,14632
20,1,15,f_cnn,14632
20,1,16,f_cnn,14632
21,1,1,SYSTEM:ExtraMonitor,488476
21,1,2,f_cnn,14632
21,1,3,f_cnn,14632
21,1,4,f_cnn,14632
21,1,5,f_cnn,14632
21,1,6,f_cnn,14632
21,1,7,f_cnn,14632
21,1,8,f_cnn,14632
21,1,9,f_cnn,14632
21,1,10,f_cnn,14632
21,1,11,f_cnn,14632
21,1,12,f_cnn,14632
21,1,13,f_cnn,14632
21,1,14,f_cnn,14632
21,1,15,f_cnn,14632
21,1,16,f_cnn,14632
21,1,17,f_cnn,14632
22,1,1,SYSTEM:ExtraMonitor,488476
22,1,2,f_cnn,14632
22,1,3,f_cnn,14632
22,1,4,f_cnn,14632
22,1,5,f_cnn,14632
22,1,6,f_cnn,14632
22,1,7,f_cnn,14632
22,1,8,f_cnn,14632
22,1,9,f_cnn,14632
22,1,10,f_cnn,14632
22,1,11,f_cnn,14632
22,1,12,f_cnn,14632
22,1,13,f_cnn,14632
22,1,14,f_cnn,14632
22,1,15,f_cnn,14632
22,1,16,f_cnn,14632
23,1,1,SYSTEM:ExtraMonitor,488476
23,1,2,f_cnn,14632
23,1,3,f_cnn,14632
23,1,4,f_cnn,14632
23,1,5,f_cnn,14632
23,1,6,f_cnn,14632
23,1,7,f_cnn,14632
23,1,8,f_cnn,14632
23,1,9,f_cnn,14632
23,1,10,f_cnn,14632
23,1,11,f_cnn,14632
23,1,12,f_cnn,14632
23,1,13,f_cnn,14632
23,1,14,f_cnn,14632
23,1,15,f_cnn,14632
23,1,16,f_cnn,14632
23,1,17,f_cnn,14632
0,2,1,SYSTEM:ExtraMonitor,488476
0,2,2,f_cnn,14632
0,2,3,f_cnn,14632
0,2,4,f_cnn,14632
0,2,5,f_cnn,14632
0,2,6,f_cnn,14632
0,2,7,f_cnn,14632
0,2,8,f_cnn,14632
0,2,9,f_cnn,14632
0,2,10,f_cnn,14632
0,2,11,f_cnn,14632
0,2,12,f_cnn,14632
0,2,13,f_cnn,14632
0,2,14,f_cnn,14632
0,2,15,f_cnn,14632
0,2,16,f_cnn,14632
0,2,17,f_cnn,14632
1,2,1,SYSTEM:ExtraMonitor,488476
1,2,2,f_cnn,14632
1,2,3,f_cnn,14632
1,2,4,f_cnn,14632
1,2,5,f_cnn,14632
1,2,6,f_cnn,14632
1,2,7,f_cnn,14632
1,2,8,f_cnn,14632
1,2,9,f_cnn,14632
1,2,10,f_cnn,14632
1,2,11,f_cnn,14632
1,2,12,f_cnn,14632
1,2,13,f_cnn,14632
1,2,14,f_cnn,14632
1,2,15,f_cnn,14632
1,2,16,f_cnn,14632
1,2,17,f_cnn,14632
2,2,1,SYSTEM:ExtraMonitor,488476
2,2,2,f_cnn,14632
2,2,3,f_cnn,14632
2,2,4,f_cnn,14632
2,2,5,f_cnn,14632
2,2,6,f_cnn,14632
2,2,7,f_cnn,14632
2,2,8,f_cnn,14632
2,2,9,f_cnn,14632
2,2,10,f_cnn,14632
2,2,11,f_cnn,14632
2,2,12,f_cnn,14632
2,2,13,f_cnn,14632
2,2,14,f_cnn,14632
2,2,15,f_cnn,14632
2,2,16,f_cnn,14632
2,2,17,f_cnn,14632
3,2,1,SYSTEM:ExtraMonitor,488476
3,2,2,f_cnn,14632
3,2,3,f_cnn,14632
3,2,4,f_cnn,14632
3,2,5,f_cnn,14632
3,2,6,f_cnn,14632
3,2,7,f_cnn,14632
3,2,8,f_cnn,14632
3,2,9,f_cnn,14632
3,2,10,f_cnn,14632
3,2,11,f_cnn,14632
3,2,12,f_cnn,14632
3,2,13,f_cnn,14632
3,2,14,f_cnn,14632
3,2,15,f_cnn,14632
3,2,16,f_cnn,14632
3,2,17,f_cnn,14632
5,2,1,SYSTEM:ExtraMonitor,488476
5,2,2,f_cnn,14632
5,2,3,f_cnn,14632
5,2,4,f_cnn,14632
5,2,5,f_cnn,14632
5,2,6,f_cnn,14632
5,2,7,f_cnn,14632
5,2,8,f_cnn,14632
5,2,9,f_cnn,14632
5,2,10,f_cnn,14632
5,2,11,f_cnn,14632
5,2,12,f_cnn,14632
5,2,13,f_cnn,14632
5,2,14,f_cnn,14632
5,2,15,f_cnn,14632
5,2,16,f_cnn,14632
5,2,17,f_cnn,14632
6,2,1,SYSTEM:ExtraMonitor,488476
6,2,2,f_cnn,14632
6,2,3,f_cnn,14632
6,2,4,f_cnn,14632
6,2,5,f_cnn,14632
6,2,6,f_cnn,14632
6,2,7,f_cnn,14632
6,2,8,f_cnn,14632
6,2,9,f_cnn,14632
6,2,10,f_cnn,14632
6,2,11,f_cnn,14632
6,2,12,f_cnn,14632
6,2,13,f_cnn,14632
6,2,14,f_cnn,14632
6,2,15,f_cnn,14632
6,2,16,f_cnn,14632
6,2,17,f_cnn,14632
7,2,1,SYSTEM:ExtraMonitor,488476
7,2,2,f_cnn,14632
7,2,3,f_cnn,14632
7,2,4,f_cnn,14632
7,2,5,f_cnn,14632
7,2,6,f_cnn,14632
7,2,7,f_cnn,14632
7,2,8,f_cnn,14632
7,2,9,f_cnn,14632
7,2,10,f_cnn,14632
7,2,11,f_cnn,14632
7,2,12,f_cnn,14632
7,2,13,f_cnn,14632
7,2,14,f_cnn,14632
7,2,15,f_cnn,14632
7,2,16,f_cnn,14632
7,2,17,f_cnn,14632
8,2,1,SYSTEM:ExtraMonitor,488476
8,2,2,f_cnn,14632
8,2,3,f_cnn,14632
8,2,4,f_cnn,14632
8,2,5,f_cnn,14632
8,2,6,f_cnn,14632
8,2,7,f_cnn,14632
8,2,8,f_cnn,14632
8,2,9,f_cnn,14632
8,2,10,f_cnn,14632
8,2,11,f_cnn,14632
8,2,12,f_cnn,14632
8,2,13,f_cnn,14632
8,2,14,f_cnn,14632
8,2,15,f_cnn,14632
8,2,16,f_cnn,14632
8,2,17,f_cnn,14632
9,2,1,SYSTEM:ExtraMonitor,488476
9,2,2,f_cnn,14632
9,2,3,f_cnn,14632
9,2,4,f_cnn,14632
9,2,5,f_cnn,14632
9,2,6,f_cnn,14632
9,2,7,f_cnn,14632
9,2,8,f_cnn,14632
9,2,9,f_cnn,14632
9,2,10,f_cnn,14632
9,2,11,f_cnn,14632
9,2,12,f_cnn,14632
9,2,13,f_cnn,14632
9,2,14,f_cnn,14632
9,2,15,f_cnn,14632
9,2,16,f_cnn,14632
9,2,17,f_cnn,14632
10,2,1,SYSTEM:ExtraMonitor,488476
10,2,2,f_cnn,14632
10,2,3,f_cnn,14632
10,2,4,f_cnn,14632
10,2,5,f_cnn,14632
10,2,6,f_cnn,14632
10,2,7,f_cnn,14632
10,2,8,f_cnn,14632
10,2,9,f_cnn,14632
10,2,10,f_cnn,14632
10,2,11,f_cnn,14632
10,2,12,f_cnn,14632
10,2,13,f_cnn,14632
10,2,14,f_cnn,14632
10,2,15,f_cnn,14632
10,2,16,f_cnn,14632
10,2,17,f_cnn,14632
11,2,1,SYSTEM:ExtraMonitor,488476
11,2,2,f_cnn,14632
11,2,3,f_cnn,14632
11,2,4,f_cnn,14632
11,2,5,f_cnn,14632
11,2,6,f_cnn,14632
11,2,7,f_cnn,14632
11,2,8,f_cnn,14632
11,2,9,f_cnn,14632
11,2,10,f_cnn,14632
11,2,11,f_cnn,14632
11,2,12,f_cnn,14632
11,2,13,f_cnn,14632
11,2,14,f_cnn,14632
11,2,15,f_cnn,14632
11,2,16,f_cnn,14632
11,2,17,f_cnn,14632
12,2,1,SYSTEM:ExtraMonitor,488476
12,2,2,s_cnn,14632
12,2,3,s_cnn,14632
12,2,4,s_cnn,14632
12,2,5,s_cnn,14632
12,2,6,s_cnn,14632
12,2,7,s_cnn,14632
12,2,8,s_cnn,14632
12,2,9,s_cnn,14632
12,2,10,s_cnn,14632
12,2,11,s_cnn,14632
12,2,12,s_cnn,14632
12,2,13,s_cnn,14632
12,2,14,s_cnn,14632
12,2,15,s_cnn,14632
12,2,16,s_cnn,14632
12,2,17,s_cnn,14632
13,2,1,SYSTEM:ExtraMonitor,488476
13,2,2,s_cnn,14632
13,2,3,s_cnn,14632
13,2,4,s_cnn,14632
13,2,5,s_cnn,14632
13,2,6,s_cnn,14632
13,2,7,s_cnn,14632
13,2,8,s_cnn,14632
13,2,9,s_cnn,14632
13,2,10,s_cnn,14632
13,2,11,s_cnn,14632
13,2,12,s_cnn,14632
13,2,13,s_cnn,14632
13,2,14,s_cnn,14632
13,2,15,s_cnn,14632
13,2,16,s_cnn,14632
13,2,17,s_cnn,14632
14,2,1,SYSTEM:ExtraMonitor,488476
14,2,2,s_cnn,14632
14,2,3,s_cnn,14632
14,2,4,s_cnn,14632
14,2,5,s_cnn,14632
14,2,6,s_cnn,14632
14,2,7,s_cnn,14632
14,2,8,s_cnn,14632
14,2,9,s_cnn,14632
14,2,10,s_cnn,14632
14,2,11,s_cnn,14632
14,2,12,s_cnn,14632
14,2,13,s_cnn,14632
14,2,14,s_cnn,14632
14,2,15,s_cnn,14632
14,2,16,s_cnn,14632
14,2,17,s_cnn,14632
15,2,1,SYSTEM:ExtraMonitor,488476
15,2,2,s_cnn,14632
15,2,3,s_cnn,14632
15,2,4,s_cnn,14632
15,2,5,s_cnn,14632
15,2,6,s_cnn,14632
15,2,7,s_cnn,14632
15,2,8,s_cnn,14632
15,2,9,s_cnn,14632
15,2,10,s_cnn,14632
15,2,11,s_cnn,14632
15,2,12,s_cnn,14632
15,2,13,s_cnn,14632
15,2,14,s_cnn,14632
15,2,15,s_cnn,14632
15,2,16,s_cnn,14632
15,2,17,s_cnn,14632
16,2,1,SYSTEM:ExtraMonitor,488476
16,2,2,s_cnn,14632
16,2,3,s_cnn,14632
16,2,4,s_cnn,14632
16,2,5,s_cnn,14632
16,2,6,s_cnn,14632
16,2,7,s_cnn,14632
16,2,8,s_cnn,14632
16,2,9,s_cnn,14632
16,2,10,s_cnn,14632
16,2,11,s_cnn,14632
16,2,12,s_cnn,14632
16,2,13,s_cnn,14632
16,2,14,s_cnn,14632
16,2,15,s_cnn,14632
16,2,16,s_cnn,14632
16,2,17,s_cnn,14632
17,2,1,SYSTEM:ExtraMonitor,488476
17,2,2,s_cnn,14632
17,2,3,s_cnn,14632
17,2,4,s_cnn,14632
17,2,5,s_cnn,14632
17,2,6,s_cnn,14632
17,2,7,s_cnn,14632
17,2,8,s_cnn,14632
17,2,9,s_cnn,14632
17,2,10,s_cnn,14632
17,2,11,s_cnn,14632
17,2,12,s_cnn,14632
17,2,13,s_cnn,14632
17,2,14,s_cnn,14632
17,2,15,s_cnn,14632
17,2,16,s_cnn,14632
17,2,17,s_cnn,14632
18,2,1,SYSTEM:ExtraMonitor,488476
18,2,2,f_cnn,14632
18,2,3,f_cnn,14632
18,2,4,f_cnn,14632
18,2,5,f_cnn,14632
18,2,6,f_cnn,14632
18,2,7,f_cnn,14632
18,2,8,f_cnn,14632
18,2,9,f_cnn,14632
18,2,10,f_cnn,14632
18,2,11,f_cnn,14632
18,2,12,f_cnn,14632
18,2,13,f_cnn,14632
18,2,14,f_cnn,14632
18,2,15,f_cnn,14632
18,2,16,f_cnn,14632
18,2,17,f_cnn,14632
19,2,1,SYSTEM:ExtraMonitor,488476
19,2,2,f_cnn,14632
19,2,3,f_cnn,14632
19,2,4,f_cnn,14632
19,2,5,f_cnn,14632
19,2,6,f_cnn,14632
19,2,7,f_cnn,14632
19,2,8,f_cnn,14632
19,2,9,f_cnn,14632
19,2,10,f_cnn,14632
19,2,11,f_cnn,14632
19,2,12,f_cnn,14632
19,2,13,f_cnn,14632
19,2,14,f_cnn,14632
19,2,15,f_cnn,14632
19,2,16,f_cnn,14632
19,2,17,f_cnn,14632
20,2,1,SYSTEM:ExtraMonitor,488476
20,2,2,f_cnn,14632
20,2,3,f_cnn,14632
20,2,4,f_cnn,14632
20,2,5,f_cnn,14632
20,2,6,f_cnn,14632
20,2,7,f_cnn,14632
20,2,8,f_cnn,14632
20,2,9,f_cnn,14632
20,2,10,f_cnn,14632
20,2,11,f_cnn,14632
20,2,12,f_cnn,14632
20,2,13,f_cnn,14632
20,2,14,f_cnn,14632
20,2,15,f_cnn,14632
20,2,16,f_cnn,14632
21,2,1,SYSTEM:ExtraMonitor,488476
21,2,2,f_cnn,14632
21,2,3,f_cnn,14632
21,2,4,f_cnn,14632
21,2,5,f_cnn,14632
21,2,6,f_cnn,14632
21,2,7,f_cnn,14632
21,2,8,f_cnn,14632
21,2,9,f_cnn,14632
21,2,10,f_cnn,14632
21,2,11,f_cnn,14632
21,2,12,f_cnn,14632
21,2,13,f_cnn,14632
21,2,14,f_cnn,14632
21,2,15,f_cnn,14632
21,2,16,f_cnn,14632
21,2,17,f_cnn,14632
22,2,1,SYSTEM:ExtraMonitor,488476
22,2,2,f_cnn,14632
22,2,3,f_cnn,14632
22,2,4,f_cnn,14632
22,2,5,f_cnn,14632
22,2,6,f_cnn,14632
22,2,7,f_cnn,14632
22,2,8,f_cnn,14632
22,2,9,f_cnn,14632
22,2,10,f_cnn,14632
22,2,11,f_cnn,14632
22,2,12,f_cnn,14632
22,2,13,f_cnn,14632
22,2,14,f_cnn,14632
22,2,15,f_cnn,14632
22,2,16,f_cnn,14632
22,2,17,f_cnn,14632
23,2,1,SYSTEM:ExtraMonitor,488476
23,2,2,f_cnn,14632
23,2,3,f_cnn,14632
23,2,4,f_cnn,14632
23,2,5,f_cnn,14632
23,2,6,f_cnn,14632
23,2,7,f_cnn,14632
23,2,8,f_cnn,14632
23,2,9,f_cnn,14632
23,2,10,f_cnn,14632
23,2,11,f_cnn,14632
23,2,12,f_cnn,14632
23,2,13,f_cnn,14632
23,2,14,f_cnn,14632
23,2,15,f_cnn,14632
23,2,16,f_cnn,14632
23,2,17,f_cnn,14632
0,3,1,SYSTEM:ExtraMonitor,488476
0,3,2,f_cnn,14632
0,3,3,f_cnn,14632
0,3,4,f_cnn,14632
0,3,5,f_cnn,14632
0,3,6,f_cnn,14632
0,3,7,f_cnn,14632
0,3,8,f_cnn,14632
0,3,9,f_cnn,14632
0,3,10,f_cnn,14632
0,3,11,f_cnn,14632
0,3,12,f_cnn,14632
0,3,13,f_cnn,14632
0,3,14,f_cnn,14632
0,3,15,f_cnn,14632
0,3,16,f_cnn,14632
0,3,17,f_cnn,14632
1,3,1,SYSTEM:ExtraMonitor,488476
1,3,2,f_cnn,14632
1,3,3,f_cnn,14632
1,3,4,f_cnn,14632
1,3,5,f_cnn,14632
1,3,6,f_cnn,14632
1,3,7,f_cnn,14632
1,3,8,f_cnn,14632
1,3,9,f_cnn,14632
1,3,10,f_cnn,14632
1,3,11,f_cnn,14632
1,3,12,f_cnn,14632
1,3,13,f_cnn,14632
1,3,14,f_cnn,14632
1,3,15,f_cnn,14632
1,3,16,f_cnn,14632
2,3,1,SYSTEM:ExtraMonitor,488476
2,3,2,f_cnn,14632
2,3,3,f_cnn,14632
2,3,4,f_cnn,14632
2,3,5,f_cnn,14632
2,3,6,f_cnn,14632
2,3,7,f_cnn,14632
2,3,8,f_cnn,14632
2,3,9,f_cnn,14632
2,3,10,f_cnn,14632
2,3,11,f_cnn,14632
2,3,12,f_cnn,14632
2,3,13,f_cnn,14632
2,3,14,f_cnn,14632
2,3,15,f_cnn,14632
2,3,16,f_cnn,14632
2,3,17,f_cnn,14632
3,3,1,SYSTEM:ExtraMonitor,488476
3,3,2,f_cnn,14632
3,3,3,f_cnn,14632
3,3,4,f_cnn,14632
3,3,5,f_cnn,14632
3,3,6,f_cnn,14632
3,3,7,f_cnn,14632
3,3,8,f_cnn,14632
3,3,9,f_cnn,14632
3,3,10,f_cnn,14632
3,3,11,f_cnn,14632
3,3,12,f_cnn,14632
3,3,13,f_cnn,14632
3,3,14,f_cnn,14632
3,3,15,f_cnn,14632
3,3,16,f_cnn,14632
4,3,1,SYSTEM:ExtraMonitor,488476
4,3,2,f_cnn,14632
4,3,3,f_cnn,14632
4,3,4,f_cnn,14632
4,3,5,f_cnn,14632
4,3,6,f_cnn,14632
4,3,7,f_cnn,14632
4,3,8,f_cnn,14632
4,3,9,f_cnn,14632
4,3,10,f_cnn,14632
4,3,11,f_cnn,14632
4,3,12,f_cnn,14632
4,3,13,f_cnn,14632
4,3,14,f_cnn,14632
4,3,15,f_cnn,14632
4,3,16,f_cnn,14632
4,3,17,f_cnn,14632
5,3,1,SYSTEM:ExtraMonitor,488476
5,3,2,f_cnn,14632
5,3,3,f_cnn,14632
5,3,4,f_cnn,14632
5,3,5,f_cnn,14632
5,3,6,f_cnn,14632
5,3,7,f_cnn,14632
5,3,8,f_cnn,14632
5,3,9,f_cnn,14632
5,3,10,f_cnn,14632
5,3,11,f_cnn,14632
5,3,12,f_cnn,14632
5,3,13,f_cnn,14632
5,3,14,f_cnn,14632
5,3,15,f_cnn,14632
5,3,16,f_cnn,14632
6,3,1,SYSTEM:ExtraMonitor,488476
6,3,2,f_cnn,14632
6,3,3,f_cnn,14632
6,3,4,f_cnn,14632
6,3,5,f_cnn,14632
6,3,6,f_cnn,14632
6,3,7,f_cnn,14632
6,3,8,f_cnn,14632
6,3,9,f_cnn,14632
6,3,10,f_cnn,14632
6,3,11,f_cnn,14632
6,3,12,f_cnn,14632
6,3,13,f_cnn,14632
6,3,14,f_cnn,14632
6,3,15,f_cnn,14632
6,3,16,f_cnn,14632
6,3,17,f_cnn,14632
7,3,1,SYSTEM:ExtraMonitor,488476
7,3,2,f_cnn,14632
7,3,3,f_cnn,14632
7,3,4,f_cnn,14632
7,3,5,f_cnn,14632
7,3,6,f_cnn,14632
7,3,7,f_cnn,14632
7,3,8,f_cnn,14632
7,3,9,f_cnn,14632
7,3,10,f_cnn,14632
7,3,11,f_cnn,14632
7,3,12,f_cnn,14632
7,3,13,f_cnn,14632
7,3,14,f_cnn,14632
7,3,15,f_cnn,14632
7,3,16,f_cnn,14632
7,3,17,f_cnn,14632
8,3,1,SYSTEM:ExtraMonitor,488476
8,3,2,f_cnn,14632
8,3,3,f_cnn,14632
8,3,4,f_cnn,14632
8,3,5,f_cnn,14632
8,3,6,f_cnn,14632
8,3,7,f_cnn,14632
8,3,8,f_cnn,14632
8,3,9,f_cnn,14632
8,3,10,f_cnn,14632
8,3,11,f_cnn,14632
8,3,12,f_cnn,14632
8,3,13,f_cnn,14632
8,3,14,f_cnn,14632
8,3,15,f_cnn,14632
8,3,16,f_cnn,14632
8,3,17,f_cnn,14632
9,3,1,SYSTEM:ExtraMonitor,488476
9,3,2,f_cnn,14632
9,3,3,f_cnn,14632
9,3,4,f_cnn,14632
9,3,5,f_cnn,14632
9,3,6,f_cnn,14632
9,3,7,f_cnn,14632
9,3,8,f_cnn,14632
9,3,9,f_cnn,14632
9,3,10,f_cnn,14632
9,3,11,f_cnn,14632
9,3,12,f_cnn,14632
9,3,13,f_cnn,14632
9,3,14,f_cnn,14632
9,3,15,f_cnn,14632
9,3,16,f_cnn,14632
9,3,17,f_cnn,14632
10,3,1,SYSTEM:ExtraMonitor,488476
10,3,2,f_cnn,14632
10,3,3,f_cnn,14632
10,3,4,f_cnn,14632
10,3,5,f_cnn,14632
10,3,6,f_cnn,14632
10,3,7,f_cnn,14632
10,3,8,f_cnn,14632
10,3,9,f_cnn,14632
10,3,10,f_cnn,14632
10,3,11,f_cnn,14632
10,3,12,f_cnn,14632
10,3,13,f_cnn,14632
10,3,14,f_cnn,14632
10,3,15,f_cnn,14632
10,3,16,f_cnn,14632
10,3,17,f_cnn,14632
11,3,1,SYSTEM:ExtraMonitor,488476
11,3,2,f_cnn,14632
11,3,3,f_cnn,14632
11,3,4,f_cnn,14632
11,3,5,f_cnn,14632
11,3,6,f_cnn,14632
11,3,7,f_cnn,14632
11,3,8,f_cnn,14632
11,3,9,f_cnn,14632
11,3,10,f_cnn,14632
11,3,11,f_cnn,14632
11,3,12,f_cnn,14632
11,3,13,f_cnn,14632
11,3,14,f_cnn,14632
11,3,15,f_cnn,14632
11,3,16,f_cnn,14632
11,3,17,f_cnn,14632
12,3,1,SYSTEM:ExtraMonitor,488476
12,3,2,s_cnn,14632
12,3,3,s_cnn,14632
12,3,4,s_cnn,14632
12,3,5,s_cnn,14632
12,3,6,s_cnn,14632
12,3,7,s_cnn,14632
12,3,8,s_cnn,14632
12,3,9,s_cnn,14632
12,3,10,s_cnn,14632
12,3,11,s_cnn,14632
12,3,12,s_cnn,14632
12,3,13,s_cnn,14632
12,3,14,s_cnn,14632
12,3,15,s_cnn,14632
12,3,16,s_cnn,14632
12,3,17,s_cnn,14632
13,3,1,SYSTEM:ExtraMonitor,488476
13,3,2,s_cnn,14632
13,3,3,s_cnn,14632
13,3,4,s_cnn,14632
13,3,5,s_cnn,14632
13,3,6,s_cnn,14632
13,3,7,s_cnn,14632
13,3,8,s_cnn,14632
13,3,9,s_cnn,14632
13,3,10,s_cnn,14632
13,3,11,s_cnn,14632
13,3,12,s_cnn,14632
13,3,13,s_cnn,14632
13,3,14,s_cnn,14632
13,3,15,s_cnn,14632
13,3,16,s_cnn,14632
14,3,1,SYSTEM:ExtraMonitor,488476
14,3,2,s_cnn,14632
14,3,3,s_cnn,14632
14,3,4,s_cnn,14632
14,3,5,s_cnn,14632
14,3,6,s_cnn,14632
14,3,7,s_cnn,14632
14,3,8,s_cnn,14632
14,3,9,s_cnn,14632
14,3,10,s_cnn,14632
14,3,11,s_cnn,14632
14,3,12,s_cnn,14632
14,3,13,s_cnn,14632
14,3,14,s_cnn,14632
14,3,15,s_cnn,14632
14,3,16,s_cnn,14632
14,3,17,s_cnn,14632
15,3,1,SYSTEM:ExtraMonitor,488476
15,3,2,s_cnn,14632
15,3,3,s_cnn,14632
15,3,4,s_cnn,14632
15,3,5,s_cnn,14632
15,3,6,s_cnn,14632
15,3,7,s_cnn,14632
15,3,8,s_cnn,14632
15,3,9,s_cnn,14632
15,3,10,s_cnn,14632
15,3,11,s_cnn,14632
15,3,12,s_cnn,14632
15,3,13,s_cnn,14632
15,3,14,s_cnn,14632
15,3,15,s_cnn,14632
15,3,16,s_cnn,14632
16,3,1,SYSTEM:ExtraMonitor,488476
16,3,2,s_cnn,14632
16,3,3,s_cnn,14632
16,3,4,s_cnn,14632
16,3,5,s_cnn,14632
16,3,6,s_cnn,14632
16,3,7,s_cnn,14632
16,3,8,s_cnn,14632
16,3,9,s_cnn,14632
16,3,10,s_cnn,14632
16,3,11,s_cnn,14632
16,3,12,s_cnn,14632
16,3,13,s_cnn,14632
16,3,14,s_cnn,14632
16,3,15,s_cnn,14632
16,3,16,s_cnn,14632
16,3,17,s_cnn,14632
17,3,1,SYSTEM:ExtraMonitor,488476
17,3,2,s_cnn,14632
17,3,3,s_cnn,14632
17,3,4,s_cnn,14632
17,3,5,s_cnn,14632
17,3,6,s_cnn,14632
17,3,7,s_cnn,14632
17,3,8,s_cnn,14632
17,3,9,s_cnn,14632
17,3,10,s_cnn,14632
17,3,11,s_cnn,14632
17,3,12,s_cnn,14632
17,3,13,s_cnn,14632
17,3,14,s_cnn,14632
17,3,15,s_cnn,14632
17,3,16,s_cnn,14632
18,3,1,SYSTEM:ExtraMonitor,488476
18,3,2,s_cnn,14632
18,3,3,s_cnn,14632
18,3,4,s_cnn,14632
18,3,5,s_cnn,14632
18,3,6,s_cnn,14632
18,3,7,s_cnn,14632
18,3,8,s_cnn,14632
18,3,9,s_cnn,14632
18,3,10,s_cnn,14632
18,3,11,s_cnn,14632
18,3,12,s_cnn,14632
18,3,13,s_cnn,14632
18,3,14,s_cnn,14632
18,3,15,s_cnn,14632
18,3,16,s_cnn,14632
18,3,17,s_cnn,14632
19,3,1,SYSTEM:ExtraMonitor,488476
19,3,2,f_cnn,14632
19,3,3,f_cnn,14632
19,3,4,f_cnn,14632
19,3,5,f_cnn,14632
19,3,6,f_cnn,14632
19,3,7,f_cnn,14632
19,3,8,f_cnn,14632
19,3,9,f_cnn,14632
19,3,10,f_cnn,14632
19,3,11,f_cnn,14632
19,3,12,f_cnn,14632
19,3,13,f_cnn,14632
19,3,14,f_cnn,14632
19,3,15,f_cnn,14632
19,3,16,f_cnn,14632
19,3,17,f_cnn,14632
20,3,1,SYSTEM:ExtraMonitor,488476
20,3,2,f_cnn,14632
20,3,3,f_cnn,14632
20,3,4,f_cnn,14632
20,3,5,f_cnn,14632
20,3,6,f_cnn,14632
20,3,7,f_cnn,14632
20,3,8,f_cnn,14632
20,3,9,f_cnn,14632
20,3,10,f_cnn,14632
20,3,11,f_cnn,14632
20,3,12,f_cnn,14632
20,3,13,f_cnn,14632
20,3,14,f_cnn,14632
20,3,15,f_cnn,14632
20,3,16,f_cnn,14632
20,3,17,f_cnn,14632
21,3,1,SYSTEM:ExtraMonitor,488476
21,3,2,f_cnn,14632
21,3,3,f_cnn,14632
21,3,4,f_cnn,14632
21,3,5,f_cnn,14632
21,3,6,f_cnn,14632
21,3,7,f_cnn,14632
21,3,8,f_cnn,14632
21,3,9,f_cnn,14632
21,3,10,f_cnn,14632
21,3,11,f_cnn,14632
21,3,12,f_cnn,14632
21,3,13,f_cnn,14632
21,3,14,f_cnn,14632
21,3,15,f_cnn,14632
21,3,16,f_cnn,14632
21,3,17,f_cnn,14632
22,3,1,SYSTEM:ExtraMonitor,488476
22,3,2,f_cnn,14632
22,3,3,f_cnn,14632
22,3,4,f_cnn,14632
22,3,5,f_cnn,14632
22,3,6,f_cnn,14632
22,3,7,f_cnn,14632
22,3,8,f_cnn,14632
22,3,9,f_cnn,14632
22,3,10,f_cnn,14632
22,3,11,f_cnn,14632
22,3,12,f_cnn,14632
22,3,13,f_cnn,14632
22,3,14,f_cnn,14632
22,3,15,f_cnn,14632
22,3,16,f_cnn,14632
22,3,17,f_cnn,14632
23,3,1,SYSTEM:ExtraMonitor,488476
23,3,2,f_cnn,14632
23,3,3,f_cnn,14632
23,3,4,f_cnn,14632
23,3,5,f_cnn,14632
23,3,6,f_cnn,14632
23,3,7,f_cnn,14632
23,3,8,f_cnn,14632
23,3,9,f_cnn,14632
23,3,10,f_cnn,14632
23,3,11,f_cnn,14632
23,3,12,f_cnn,14632
23,3,13,f_cnn,14632
23,3,14,f_cnn,14632
23,3,15,f_cnn,14632
23,3,16,f_cnn,14632
23,3,17,f_cnn,14632
0,4,1,SYSTEM:ExtraMonitor,488476
0,4,2,f_cnn,14632
0,4,3,f_cnn,14632
0,4,4,f_cnn,14632
0,4,5,f_cnn,14632
0,4,6,f_cnn,14632
0,4,7,f_cnn,14632
0,4,8,f_cnn,14632
0,4,9,f_cnn,14632
0,4,10,f_cnn,14632
0,4,11,f_cnn,14632
0,4,12,f_cnn,14632
0,4,13,f_cnn,14632
0,4,14,f_cnn,14632
0,4,15,f_cnn,14632
0,4,16,f_cnn,14632
0,4,17,f_cnn,14632
1,4,1,SYSTEM:ExtraMonitor,488476
1,4,2,f_cnn,14632
1,4,3,f_cnn,14632
1,4,4,f_cnn,14632
1,4,5,f_cnn,14632
1,4,6,f_cnn,14632
1,4,7,f_cnn,14632
1,4,8,f_cnn,14632
1,4,9,f_cnn,14632
1,4,10,f_cnn,14632
1,4,11,f_cnn,14632
1,4,12,f_cnn,14632
1,4,13,f_cnn,14632
1,4,14,f_cnn,14632
1,4,15,f_cnn,14632
1,4,16,f_cnn,14632
1,4,17,f_cnn,14632
2,4,1,SYSTEM:ExtraMonitor,488476
2,4,2,f_cnn,14632
2,4,3,f_cnn,14632
2,4,4,f_cnn,14632
2,4,5,f_cnn,14632
2,4,6,f_cnn,14632
2,4,7,f_cnn,14632
2,4,8,f_cnn,14632
2,4,9,f_cnn,14632
2,4,10,f_cnn,14632
2,4,11,f_cnn,14632
2,4,12,f_cnn,14632
2,4,13,f_cnn,14632
2,4,14,f_cnn,14632
2,4,15,f_cnn,14632
2,4,16,f_cnn,14632
2,4,17,f_cnn,14632
3,4,1,SYSTEM:ExtraMonitor,488476
3,4,2,f_cnn,14632
3,4,3,f_cnn,14632
3,4,4,f_cnn,14632
3,4,5,f_cnn,14632
3,4,6,f_cnn,14632
3,4,7,f_cnn,14632
3,4,8,f_cnn,14632
3,4,9,f_cnn,14632
3,4,10,f_cnn,14632
3,4,11,f_cnn,14632
3,4,12,f_cnn,14632
3,4,13,f_cnn,14632
3,4,14,f_cnn,14632
3,4,15,f_cnn,14632
3,4,16,f_cnn,14632
3,4,17,f_cnn,14632
4,4,1,SYSTEM:ExtraMonitor,488476
4,4,2,f_cnn,14632
4,4,3,f_cnn,14632
4,4,4,f_cnn,14632
4,4,5,f_cnn,14632
4,4,6,f_cnn,14632
4,4,7,f_cnn,14632
4,4,8,f_cnn,14632
4,4,9,f_cnn,14632
4,4,10,f_cnn,14632
4,4,11,f_cnn,14632
4,4,12,f_cnn,14632
4,4,13,f_cnn,14632
4,4,14,f_cnn,14632
4,4,15,f_cnn,14632
4,4,16,f_cnn,14632
4,4,17,f_cnn,14632
5,4,1,SYSTEM:ExtraMonitor,488476
5,4,2,f_cnn,14632
5,4,3,f_cnn,14632
5,4,4,f_cnn,14632
5,4,5,f_cnn,14632
5,4,6,f_cnn,14632
5,4,7,f_cnn,14632
5,4,8,f_cnn,14632
5,4,9,f_cnn,14632
5,4,10,f_cnn,14632
5,4,11,f_cnn,14632
5,4,12,f_cnn,14632
5,4,13,f_cnn,14632
5,4,14,f_cnn,14632
5,4,15,f_cnn,14632
5,4,16,f_cnn,14632
5,4,17,f_cnn,14632
6,4,1,SYSTEM:ExtraMonitor,488476
6,4,2,f_cnn,14632
6,4,3,f_cnn,14632
6,4,4,f_cnn,14632
6,4,5,f_cnn,14632
6,4,6,f_cnn,14632
6,4,7,f_cnn,14632
6,4,8,f_cnn,14632
6,4,9,f_cnn,14632
6,4,10,f_cnn,14632
6,4,11,f_cnn,14632
6,4,12,f_cnn,14632
6,4,13,f_cnn,14632
6,4,14,f_cnn,14632
6,4,15,f_cnn,14632
6,4,16,f_cnn,14632
6,4,17,f_cnn,14632
8,4,1,"SYSTEM:PacketGatherer(4,8)",477250
8,4,2,SYSTEM:ExtraMonitor,488476
8,4,3,m_cnn,14632
8,4,4,m_cnn,14632
8,4,5,m_cnn,14632
8,4,6,m_cnn,14632
8,4,7,m_cnn,14632
8,4,8,m_cnn,14632
8,4,9,m_cnn,14632
8,4,10,m_cnn,14632
8,4,11,m_cnn,14632
8,4,12,m_cnn,14632
8,4,13,m_cnn,14632
8,4,14,m_cnn,14632
8,4,15,m_cnn,14632
8,4,16,m_cnn,14632
8,4,17,m_cnn,14632
9,4,1,SYSTEM:ExtraMonitor,488476
9,4,2,m_cnn,14632
9,4,3,m_cnn,14632
9,4,4,m_cnn,14632
9,4,5,m_cnn,14632
9,4,6,m_cnn,14632
9,4,7,m_cnn,14632
9,4,8,m_cnn,14632
9,4,9,m_cnn,14632
9,4,10,m_cnn,14632
9,4,11,m_cnn,14632
9,4,12,m_cnn,14632
9,4,13,m_cnn,14632
9,4,14,m_cnn,14632
9,4,15,m_cnn,14632
9,4,16,m_cnn,14632
9,4,17,m_cnn,14632
10,4,1,SYSTEM:ExtraMonitor,488476
10,4,2,m_cnn,14632
10,4,3,m_cnn,14632
10,4,4,m_cnn,14632
10,4,5,m_cnn,14632
10,4,6,m_cnn,14632
10,4,7,m_cnn,14632
10,4,8,m_cnn,14632
10,4,9,m_cnn,14632
10,4,10,m_cnn,14632
10,4,11,m_cnn,14632
10,4,12,m_cnn,14632
10,4,13,m_cnn,14632
10,4,14,m_cnn,14632
10,4,15,m_cnn,14632
10,4,16,m_cnn,14632
10,4,17,m_cnn,14632
11,4,1,SYSTEM:ExtraMonitor,488476
11,4,2,m_cnn,14632
11,4,3,m_cnn,14632
11,4,4,m_cnn,14632
11,4,5,m_cnn,14632
11,4,6,m_cnn,14632
11,4,7,m_cnn,14632
11,4,8,m_cnn,14632
11,4,9,m_cnn,14632
11,4,10,m_cnn,14632
11,4,11,m_cnn,14632
11,4,12,m_cnn,14632
11,4,13,m_cnn,14632
11,4,14,m_cnn,14632
11,4,15,m_cnn,14632
11,4,16,m_cnn,14632
11,4,17,m_cnn,14632
12,4,1,SYSTEM:ExtraMonitor,488476
12,4,2,s_cnn,14632
12,4,3,s_cnn,14632
12,4,4,s_cnn,14632
12,4,5,s_cnn,14632
12,4,6,s_cnn,14632
12,4,7,s_cnn,14632
12,4,8,s_cnn,14632
12,4,9,s_cnn,14632
12,4,10,s_cnn,14632
12,4,11,s_cnn,14632
12,4,12,s_cnn,14632
12,4,13,s_cnn,14632
12,4,14,s_cnn,14632
12,4,15,s_cnn,14632
12,4,16,s_cnn,14632
12,4,17,s_cnn,14632
13,4,1,SYSTEM:ExtraMonitor,488476
13,4,2,s_cnn,14632
13,4,3,s_cnn,14632
13,4,4,s_cnn,14632
13,4,5,s_cnn,14632
13,4,6,s_cnn,14632
13,4,7,s_cnn,14632
13,4,8,s_cnn,14632
13,4,9,s_cnn,14632
13,4,10,s_cnn,14632
13,4,11,s_cnn,14632
13,4,12,s_cnn,14632
13,4,13,s_cnn,14632
13,4,14,s_cnn,14632
13,4,15,s_cnn,14632
13,4,16,s_cnn,14632
13,4,17,s_cnn,14632
14,4,1,SYSTEM:ExtraMonitor,488476
14,4,2,s_cnn,14632
14,4,3,s_cnn,14632
14,4,4,s_cnn,14632
14,4,5,s_cnn,14632
14,4,6,s_cnn,14632
14,4,7,s_cnn,14632
14,4,8,s_cnn,14632
14,4,9,s_cnn,14632
14,4,10,s_cnn,14632
14,4,11,s_cnn,14632
14,4,12,s_cnn,14632
14,4,13,s_cnn,14632
14,4,14,s_cnn,14632
14,4,15,s_cnn,14632
14,4,16,s_cnn,14632
14,4,17,s_cnn,14632
15,4,1,SYSTEM:ExtraMonitor,488476
15,4,2,s_cnn,14632
15,4,3,s_cnn,14632
15,4,4,s_cnn,14632
15,4,5,s_cnn,14632
15,4,6,s_cnn,14632
15,4,7,s_cnn,14632
15,4,8,s_cnn,14632
15,4,9,s_cnn,14632
15,4,10,s_cnn,14632
15,4,11,s_cnn,14632
15,4,12,s_cnn,14632
15,4,13,s_cnn,14632
15,4,14,s_cnn,14632
15,4,15,s_cnn,14632
15,4,16,s_cnn,14632
15,4,17,s_cnn,14632
16,4,1,SYSTEM:ExtraMonitor,488476
16,4,2,s_cnn,14632
16,4,3,s_cnn,14632
16,4,4,s_cnn,14632
16,4,5,s_cnn,14632
16,4,6,s_cnn,14632
16,4,7,s_cnn,14632
16,4,8,s_cnn,14632
16,4,9,s_cnn,14632
16,4,10,s_cnn,14632
16,4,11,s_cnn,14632
16,4,12,s_cnn,14632
16,4,13,s_cnn,14632
16,4,14,s_cnn,14632
16,4,15,s_cnn,14632
16,4,16,s_cnn,14632
16,4,17,s_cnn,14632
17,4,1,SYSTEM:ExtraMonitor,488476
17,4,2,s_cnn,14632
17,4,3,s_cnn,14632
17,4,4,s_cnn,14632
17,4,5,s_cnn,14632
17,4,6,s_cnn,14632
17,4,7,s_cnn,14632
17,4,8,s_cnn,14632
17,4,9,s_cnn,14632
17,4,10,s_cnn,14632
17,4,11,s_cnn,14632
17,4,12,s_cnn,14632
17,4,13,s_cnn,14632
17,4,14,s_cnn,14632
17,4,15,s_cnn,14632
17,4,16,s_cnn,14632
17,4,17,s_cnn,14632
18,4,1,SYSTEM:ExtraMonitor,488476
18,4,2,s_cnn,14632
18,4,3,s_cnn,14632
18,4,4,s_cnn,14632
18,4,5,s_cnn,14632
18,4,6,s_cnn,14632
18,4,7,s_cnn,14632
18,4,8,s_cnn,14632
18,4,9,s_cnn,14632
18,4,10,s_cnn,14632
18,4,11,s_cnn,14632
18,4,12,s_cnn,14632
18,4,13,s_cnn,14632
18,4,14,s_cnn,14632
18,4,15,s_cnn,14632
18,4,16,s_cnn,14632
18,4,17,s_cnn,14632
19,4,1,SYSTEM:ExtraMonitor,488476
19,4,2,s_cnn,14632
19,4,3,s_cnn,14632
19,4,4,s_cnn,14632
19,4,5,s_cnn,14632
19,4,6,s_cnn,14632
19,4,7,s_cnn,14632
19,4,8,s_cnn,14632
19,4,9,s_cnn,14632
19,4,10,s_cnn,14632
19,4,11,s_cnn,14632
19,4,12,s_cnn,14632
19,4,13,s_cnn,14632
19,4,14,s_cnn,14632
19,4,15,s_cnn,14632
19,4,16,s_cnn,14632
19,4,17,s_cnn,14632
20,4,1,"SYSTEM:PacketGatherer(4,20)",477250
20,4,2,SYSTEM:ExtraMonitor,488476
20,4,3,f_cnn,14632
20,4,4,f_cnn,14632
20,4,5,f_cnn,14632
20,4,6,f_cnn,14632
20,4,7,f_cnn,14632
20,4,8,f_cnn,14632
20,4,9,f_cnn,14632
20,4,10,f_cnn,14632
20,4,11,f_cnn,14632
20,4,12,f_cnn,14632
20,4,13,f_cnn,14632
20,4,14,f_cnn,14632
20,4,15,f_cnn,14632
20,4,16,f_cnn,14632
20,4,17,f_cnn,14632
21,4,1,SYSTEM:ExtraMonitor,488476
21,4,2,f_cnn,14632
21,4,3,f_cnn,14632
21,4,4,f_cnn,14632
21,4,5,f_cnn,14632
21,4,6,f_cnn,14632
21,4,7,f_cnn,14632
21,4,8,f_cnn,14632
21,4,9,f_cnn,14632
21,4,10,f_cnn,14632
21,4,11,f_cnn,14632
21,4,12,f_cnn,14632
21,4,13,f_cnn,14632
21,4,14,f_cnn,14632
21,4,15,f_cnn,14632
21,4,16,f_cnn,14632
21,4,17,f_cnn,14632
22,4,1,SYSTEM:ExtraMonitor,488476
22,4,2,f_cnn,14632
22,4,3,f_cnn,14632
22,4,4,f_cnn,14632
22,4,5,f_cnn,14632
22,4,6,f_cnn,14632
22,4,7,f_cnn,14632
22,4,8,f_cnn,14632
22,4,9,f_cnn,14632
22,4,10,f_cnn,14632
22,4,11,f_cnn,14632
22,4,12,f_cnn,14632
22,4,13,f_cnn,14632
22,4,14,f_cnn,14632
22,4,15,f_cnn,14632
22,4,16,f_cnn,14632
22,4,17,f_cnn,14632
23,4,1,SYSTEM:ExtraMonitor,488476
23,4,2,f_cnn,14632
23,4,3,f_cnn,14632
23,4,4,f_cnn,14632
23,4,5,f_cnn,14632
23,4,6,f_cnn,14632
23,4,7,f_cnn,14632
23,4,8,f_cnn,14632
23,4,9,f_cnn,14632
23,4,10,f_cnn,14632
23,4,11,f_cnn,14632
23,4,12,f_cnn,14632
23,4,13,f_cnn,14632
23,4,14,f_cnn,14632
23,4,15,f_cnn,14632
23,4,16,f_cnn,14632
23,4,17,f_cnn,14632
0,5,1,SYSTEM:ExtraMonitor,488476
0,5,2,f_cnn,14632
0,5,3,f_cnn,14632
0,5,4,f_cnn,14632
0,5,5,f_cnn,14632
0,5,6,f_cnn,14632
0,5,7,f_cnn,14632
0,5,8,f_cnn,14632
0,5,9,f_cnn,14632
0,5,10,f_cnn,14632
0,5,11,f_cnn,14632
0,5,12,f_cnn,14632
0,5,13,f_cnn,14632
0,5,14,f_cnn,14632
0,5,15,f_cnn,14632
0,5,16,f_cnn,14632
0,5,17,f_cnn,14632
1,5,1,SYSTEM:ExtraMonitor,488476
1,5,2,f_cnn,14632
1,5,3,f_cnn,14632
1,5,4,f_cnn,14632
1,5,5,f_cnn,14632
1,5,6,f_cnn,14632
1,5,7,f_cnn,14632
1,5,8,f_cnn,14632
1,5,9,f_cnn,14632
1,5,10,f_cnn,14632
1,5,11,f_cnn,14632
1,5,12,f_cnn,14632
1,5,13,f_cnn,14632
1,5,14,f_cnn,14632
1,5,15,f_cnn,14632
1,5,16,f_cnn,14632
1,5,17,f_cnn,14632
2,5,1,SYSTEM:ExtraMonitor,488476
2,5,2,f_cnn,14632
2,5,3,f_cnn,14632
2,5,4,f_cnn,14632
2,5,5,f_cnn,14632
2,5,6,f_cnn,14632
2,5,7,f_cnn,14632
2,5,8,f_cnn,14632
2,5,9,f_cnn,14632
2,5,10,f_cnn,14632
2,5,11,f_cnn,14632
2,5,12,f_cnn,14632
2,5,13,f_cnn,14632
2,5,14,f_cnn,14632
2,5,15,f_cnn,14632
2,5,16,f_cnn,14632
3,5,1,SYSTEM:ExtraMonitor,488476
3,5,2,f_cnn,14632
3,5,3,f_cnn,14632
3,5,4,f_cnn,14632
3,5,5,f_cnn,14632
3,5,6,f_cnn,14632
3,5,7,f_cnn,14632
3,5,8,f_cnn,14632
3,5,9,f_cnn,14632
3,5,10,f_cnn,14632
3,5,11,f_cnn,14632
3,5,12,f_cnn,14632
3,5,13,f_cnn,14632
3,5,14,f_cnn,14632
3,5,15,f_cnn,14632
3,5,16,f_cnn,14632
3,5,17,f_cnn,14632
4,5,1,SYSTEM:ExtraMonitor,488476
4,5,2,f_cnn,14632
4,5,3,f_cnn,14632
4,5,4,f_cnn,14632
4,5,5,f_cnn,14632
4,5,6,f_cnn,14632
4,5,7,f_cnn,14632
4,5,8,f_cnn,14632
4,5,9,f_cnn,14632
4,5,10,f_cnn,14632
4,5,11,f_cnn,14632
4,5,12,f_cnn,14632
4,5,13,f_cnn,14632
4,5,14,f_cnn,14632
4,5,15,f_cnn,14632
4,5,16,f_cnn,14632
6,5,1,SYSTEM:ExtraMonitor,488476
6,5,2,f_cnn,14632
6,5,3,f_cnn,14632
6,5,4,f_cnn,14632
6,5,5,f_cnn,14632
6,5,6,f_cnn,14632
6,5,7,f_cnn,14632
6,5,8,f_cnn,14632
6,5,9,f_cnn,14632
6,5,10,f_cnn,14632
6,5,11,f_cnn,14632
6,5,12,f_cnn,14632
6,5,13,f_cnn,14632
6,5,14,f_cnn,14632
6,5,15,f_cnn,14632
6,5,16,f_cnn,14632
7,5,1,SYSTEM:ExtraMonitor,488476
7,5,2,f_cnn,14632
7,5,3,f_cnn,14632
7,5,4,f_cnn,14632
7,5,5,f_cnn,14632
7,5,6,f_cnn,14632
7,5,7,f_cnn,14632
7,5,8,f_cnn,14632
7,5,9,f_cnn,14632
7,5,10,f_cnn,14632
7,5,11,f_cnn,14632
7,5,12,f_cnn,14632
7,5,13,f_cnn,14632
7,5,14,f_cnn,14632
7,5,15,f_cnn,14632
7,5,16,f_cnn,14632
7,5,17,f_cnn,14632
8,5,1,SYSTEM:ExtraMonitor,488476
8,5,2,m_cnn,14632
8,5,3,m_cnn,14632
8,5,4,m_cnn,14632
8,5,5,m_cnn,14632
8,5,6,m_cnn,14632
8,5,7,m_cnn,14632
8,5,8,m_cnn,14632
8,5,9,m_cnn,14632
8,5,10,m_cnn,14632
8,5,11,m_cnn,14632
8,5,12,m_cnn,14632
8,5,13,m_cnn,14632
8,5,14,m_cnn,14632
8,5,15,m_cnn,14632
8,5,16,m_cnn,14632
8,5,17,m_cnn,14632
9,5,1,SYSTEM:ExtraMonitor,488476
9,5,2,m_cnn,14632
9,5,3,m_cnn,14632
9,5,4,m_cnn,14632
9,5,5,m_cnn,14632
9,5,6,m_cnn,14632
9,5,7,m_cnn,14632
9,5,8,m_cnn,14632
9,5,9,m_cnn,14632
9,5,10,m_cnn,14632
9,5,11,m_cnn,14632
9,5,12,m_cnn,14632
9,5,13,m_cnn,14632
9,5,14,m_cnn,14632
9,5,15,m_cnn,14632
9,5,16,m_cnn,14632
10,5,1,SYSTEM:ExtraMonitor,488476
10,5,2,m_cnn,14632
10,5,3,m_cnn,14632
10,5,4,m_cnn,14632
10,5,5,m_cnn,14632
10,5,6,m_cnn,14632
10,5,7,m_cnn,14632
10,5,8,m_cnn,14632
10,5,9,m_cnn,14632
10,5,10,m_cnn,14632
10,5,11,m_cnn,14632
10,5,12,m_cnn,14632
10,5,13,m_cnn,14632
10,5,14,m_cnn,14632
10,5,15,m_cnn,14632
10,5,16,m_cnn,14632
10,5,17,m_cnn,14632
11,5,1,SYSTEM:ExtraMonitor,488476
11,5,2,m_cnn,14632
11,5,3,m_cnn,14632
11,5,4,m_cnn,14632
11,5,5,m_cnn,14632
11,5,6,m_cnn,14632
11,5,7,m_cnn,14632
11,5,8,m_cnn,14632
11,5,9,m_cnn,14632
11,5,10,m_cnn,14632
11,5,11,m_cnn,14632
11,5,12,m_cnn,14632
11,5,13,m_cnn,14632
11,5,14,m_cnn,14632
11,5,15,m_cnn,14632
11,5,16,m_cnn,14632
12,5,1,SYSTEM:ExtraMonitor,488476
12,5,2,m_cnn,14632
12,5,3,m_cnn,14632
12,5,4,m_cnn,14632
12,5,5,m_cnn,14632
12,5,6,m_cnn,14632
12,5,7,m_cnn,14632
12,5,8,m_cnn,14632
12,5,9,m_cnn,14632
12,5,10,m_cnn,14632
12,5,11,m_cnn,14632
12,5,12,m_cnn,14632
12,5,13,m_cnn,14632
12,5,14,m_cnn,14632
12,5,15,m_cnn,14632
12,5,16,m_cnn,14632
12,5,17,m_cnn,14632
13,5,1,SYSTEM:ExtraMonitor,488476
13,5,2,s_cnn,14632
13,5,3,s_cnn,14632
13,5,4,s_cnn,14632
13,5,5,s_cnn,14632
13,5,6,s_cnn,14632
13,5,7,s_cnn,14632
13,5,8,s_cnn,14632
13,5,9,s_cnn,14632
13,5,10,s_cnn,14632
13,5,11,s_cnn,14632
13,5,12,s_cnn,14632
13,5,13,s_cnn,14632
13,5,14,s_cnn,14632
13,5,15,s_cnn,14632
13,5,16,s_cnn,14632
13,5,17,s_cnn,14632
14,5,1,SYSTEM:ExtraMonitor,488476
14,5,2,s_cnn,14632
14,5,3,s_cnn,14632
14,5,4,s_cnn,14632
14,5,5,s_cnn,14632
14,5,6,s_cnn,14632
14,5,7,s_cnn,14632
14,5,8,s_cnn,14632
14,5,9,s_cnn,14632
14,5,10,s_cnn,14632
14,5,11,s_cnn,14632
14,5,12,s_cnn,14632
14,5,13,s_cnn,14632
14,5,14,s_cnn,14632
14,5,15,s_cnn,14632
14,5,16,s_cnn,14632
15,5,1,SYSTEM:ExtraMonitor,488476
15,5,2,s_cnn,14632
15,5,3,s_cnn,14632
15,5,4,s_cnn,14632
15,5,5,s_cnn,14632
15,5,6,s_cnn,14632
15,5,7,s_cnn,14632
15,5,8,s_cnn,14632
15,5,9,s_cnn,14632
15,5,10,s_cnn,14632
15,5,11,s_cnn,14632
15,5,12,s_cnn,14632
15,5,13,s_cnn,14632
15,5,14,s_cnn,14632
15,5,15,s_cnn,14632
15,5,16,s_cnn,14632
15,5,17,s_cnn,14632
16,5,1,SYSTEM:ExtraMonitor,488476
16,5,2,s_cnn,14632
16,5,3,s_cnn,14632
16,5,4,s_cnn,14632
16,5,5,s_cnn,14632
16,5,6,s_cnn,14632
16,5,7,s_cnn,14632
16,5,8,s_cnn,14632
16,5,9,s_cnn,14632
16,5,10,s_cnn,14632
16,5,11,s_cnn,14632
16,5,12,s_cnn,14632
16,5,13,s_cnn,14632
16,5,14,s_cnn,14632
16,5,15,s_cnn,14632
16,5,16,s_cnn,14632
17,5,1,SYSTEM:ExtraMonitor,488476
17,5,2,s_cnn,14632
17,5,3,s_cnn,14632
17,5,4,s_cnn,14632
17,5,5,s_cnn,14632
17,5,6,s_cnn,14632
17,5,7,s_cnn,14632
17,5,8,s_cnn,14632
17,5,9,s_cnn,14632
17,5,10,s_cnn,14632
17,5,11,s_cnn,14632
17,5,12,s_cnn,14632
17,5,13,s_cnn,14632
17,5,14,s_cnn,14632
17,5,15,s_cnn,14632
17,5,16,s_cnn,14632
17,5,17,s_cnn,14632
18,5,1,SYSTEM:ExtraMonitor,488476
18,5,2,s_cnn,14632
18,5,3,s_cnn,14632
18,5,4,s_cnn,14632
18,5,5,s_cnn,14632
18,5,6,s_cnn,14632
18,5,7,s_cnn,14632
18,5,8,s_cnn,14632
18,5,9,s_cnn,14632
18,5,10,s_cnn,14632
18,5,11,s_cnn,14632
18,5,12,s_cnn,14632
18,5,13,s_cnn,14632
18,5,14,s_cnn,14632
18,5,15,s_cnn,14632
18,5,16,s_cnn,14632
19,5,1,SYSTEM:ExtraMonitor,488476
19,5,2,s_cnn,14632
19,5,3,s_cnn,14632
19,5,4,s_cnn,14632
19,5,5,s_cnn,14632
19,5,6,s_cnn,14632
19,5,7,s_cnn,14632
19,5,8,s_cnn,14632
19,5,9,s_cnn,14632
19,5,10,s_cnn,14632
19,5,11,s_cnn,14632
19,5,12,s_cnn,14632
19,5,13,s_cnn,14632
19,5,14,s_cnn,14632
19,5,15,s_cnn,14632
19,5,16,s_cnn,14632
19,5,17,s_cnn,14632
20,5,1,SYSTEM:ExtraMonitor,488476
20,5,2,f_cnn,14632
20,5,3,f_cnn,14632
20,5,4,f_cnn,14632
20,5,5,f_cnn,14632
20,5,6,f_cnn,14632
20,5,7,f_cnn,14632
20,5,8,f_cnn,14632
20,5,9,f_cnn,14632
20,5,10,f_cnn,14632
20,5,11,f_cnn,14632
20,5,12,f_cnn,14632
20,5,13,f_cnn,14632
20,5,14,f_cnn,14632
20,5,15,f_cnn,14632
20,5,16,f_cnn,14632
20,5,17,f_cnn,14632
21,5,1,SYSTEM:ExtraMonitor,488476
21,5,2,f_cnn,14632
21,5,3,f_cnn,14632
21,5,4,f_cnn,14632
21,5,5,f_cnn,14632
21,5,6,f_cnn,14632
21,5,7,f_cnn,14632
21,5,8,f_cnn,14632
21,5,9,f_cnn,14632
21,5,10,f_cnn,14632
21,5,11,f_cnn,14632
21,5,12,f_cnn,14632
21,5,13,f_cnn,14632
21,5,14,f_cnn,14632
21,5,15,f_cnn,14632
21,5,16,f_cnn,14632
22,5,1,SYSTEM:ExtraMonitor,488476
22,5,2,f_cnn,14632
22,5,3,f_cnn,14632
22,5,4,f_cnn,14632
22,5,5,f_cnn,14632
22,5,6,f_cnn,14632
22,5,7,f_cnn,14632
22,5,8,f_cnn,14632
22,5,9,f_cnn,14632
22,5,10,f_cnn,14632
22,5,11,f_cnn,14632
22,5,12,f_cnn,14632
22,5,13,f_cnn,14632
22,5,14,f_cnn,14632
22,5,15,f_cnn,14632
22,5,16,f_cnn,14632
22,5,17,f_cnn,14632
23,5,1,SYSTEM:ExtraMonitor,488476
23,5,2,f_cnn,14632
23,5,3,f_cnn,14632
23,5,4,f_cnn,14632
23,5,5,f_cnn,14632
23,5,6,f_cnn,14632
23,5,7,f_cnn,14632
23,5,8,f_cnn,14632
23,5,9,f_cnn,14632
23,5,10,f_cnn,14632
23,5,11,f_cnn,14632
23,5,12,f_cnn,14632
23,5,13,f_cnn,14632
23,5,14,f_cnn,14632
23,5,15,f_cnn,14632
23,5,16,f_cnn,14632
0,6,1,SYSTEM:ExtraMonitor,488476
0,6,2,f_cnn,14632
0,6,3,f_cnn,14632
0,6,4,f_cnn,14632
0,6,5,f_cnn,14632
0,6,6,f_cnn,14632
0,6,7,f_cnn,14632
0,6,8,f_cnn,14632
0,6,9,f_cnn,14632
0,6,10,f_cnn,14632
0,6,11,f_cnn,14632
0,6,12,f_cnn,14632
0,6,13,f_cnn,14632
0,6,14,f_cnn,14632
0,6,15,f_cnn,14632
0,6,16,f_cnn,14632
0,6,17,f_cnn,14632
1,6,1,SYSTEM:ExtraMonitor,488476
1,6,2,f_cnn,14632
1,6,3,f_cnn,14632
1,6,4,f_cnn,14632
1,6,5,f_cnn,14632
1,6,6,f_cnn,14632
1,6,7,f_cnn,14632
1,6,8,f_cnn,14632
1,6,9,f_cnn,14632
1,6,10,f_cnn,14632
1,6,11,f_cnn,14632
1,6,12,f_cnn,14632
1,6,13,f_cnn,14632
1,6,14,f_cnn,14632
1,6,15,f_cnn,14632
1,6,16,f_cnn,14632
1,6,17,f_cnn,14632
2,6,1,SYSTEM:ExtraMonitor,488476
2,6,2,f_cnn,14632
2,6,3,f_cnn,14632
2,6,4,f_cnn,14632
2,6,5,f_cnn,14632
2,6,6,f_cnn,14632
2,6,7,f_cnn,14632
2,6,8,f_cnn,14632
2,6,9,f_cnn,14632
2,6,10,f_cnn,14632
2,6,11,f_cnn,14632
2,6,12,f_cnn,14632
2,6,13,f_cnn,14632
2,6,14,f_cnn,14632
2,6,15,f_cnn,14632
2,6,16,f_cnn,14632
2,6,17,f_cnn,14632
3,6,1,SYSTEM:ExtraMonitor,488476
3,6,2,f_cnn,14632
3,6,3,f_cnn,14632
3,6,4,f_cnn,14632
3,6,5,f_cnn,14632
3,6,6,f_cnn,14632
3,6,7,f_cnn,14632
3,6,8,f_cnn,14632
3,6,9,f_cnn,14632
3,6,10,f_cnn,14632
3,6,11,f_cnn,14632
3,6,12,f_cnn,14632
3,6,13,f_cnn,14632
3,6,14,f_cnn,14632
3,6,15,f_cnn,14632
3,6,16,f_cnn,14632
3,6,17,f_cnn,14632
4,6,1,SYSTEM:ExtraMonitor,488476
4,6,2,f_cnn,14632
4,6,3,f_cnn,14632
4,6,4,f_cnn,14632
4,6,5,f_cnn,14632
4,6,6,f_cnn,14632
4,6,7,f_cnn,14632
4,6,8,f_cnn,14632
4,6,9,f_cnn,14632
4,6,10,f_cnn,14632
4,6,11,f_cnn,14632
4,6,12,f_cnn,14632
4,6,13,f_cnn,14632
4,6,14,f_cnn,14632
4,6,15,f_cnn,14632
4,6,16,f_cnn,14632
4,6,17,f_cnn,14632
5,6,1,SYSTEM:ExtraMonitor,488476
5,6,2,f_cnn,14632
5,6,3,f_cnn,14632
5,6,4,f_cnn,14632
5,6,5,f_cnn,14632
5,6,6,f_cnn,14632
5,6,7,f_cnn,14632
5,6,8,f_cnn,14632
5,6,9,f_cnn,14632
5,6,10,f_cnn,14632
5,6,11,f_cnn,14632
5,6,12,f_cnn,14632
5,6,13,f_cnn,14632
5,6,14,f_cnn,14632
5,6,15,f_cnn,14632
5,6,16,f_cnn,14632
5,6,17,f_cnn,14632
7,6,1,SYSTEM:ExtraMonitor,488476
7,6,2,f_cnn,14632
7,6,3,f_cnn,14632
7,6,4,f_cnn,14632
7,6,5,f_cnn,14632
7,6,6,f_cnn,14632
7,6,7,f_cnn,14632
7,6,8,f_cnn,14632
7,6,9,f_cnn,14632
7,6,10,f_cnn,14632
7,6,11,f_cnn,14632
7,6,12,f_cnn,14632
7,6,13,f_cnn,14632
7,6,14,f_cnn,14632
7,6,15,f_cnn,14632
7,6,16,f_cnn,14632
7,6,17,f_cnn,14632
8,6,1,SYSTEM:ExtraMonitor,488476
8,6,2,m_cnn,14632
8,6,3,m_cnn,14632
8,6,4,m_cnn,14632
8,6,5,m_cnn,14632
8,6,6,m_cnn,14632
8,6,7,m_cnn,14632
8,6,8,m_cnn,14632
8,6,9,m_cnn,14632
8,6,10,m_cnn,14632
8,6,11,m_cnn,14632
8,6,12,m_cnn,14632
8,6,13,m_cnn,14632
8,6,14,m_cnn,14632
8,6,15,m_cnn,14632
8,6,16,m_cnn,14632
8,6,17,m_cnn,14632
9,6,1,SYSTEM:ExtraMonitor,488476
9,6,2,m_cnn,14632
9,6,3,m_cnn,14632
9,6,4,m_cnn,14632
9,6,5,m_cnn,14632
9,6,6,m_cnn,14632
9,6,7,m_cnn,14632
9,6,8,m_cnn,14632
9,6,9,m_cnn,14632
9,6,10,m_cnn,14632
9,6,11,m_cnn,14632
9,6,12,m_cnn,14632
9,6,13,m_cnn,14632
9,6,14,m_cnn,14632
9,6,15,m_cnn,14632
9,6,16,m_cnn,14632
9,6,17,m_cnn,14632
10,6,1,SYSTEM:ExtraMonitor,488476
10,6,2,m_cnn,14632
10,6,3,m_cnn,14632
10,6,4,m_cnn,14632
10,6,5,m_cnn,14632
10,6,6,m_cnn,14632
10,6,7,m_cnn,14632
10,6,8,m_cnn,14632
10,6,9,m_cnn,14632
10,6,10,m_cnn,14632
10,6,11,m_cnn,14632
10,6,12,m_cnn,14632
10,6,13,m_cnn,14632
10,6,14,m_cnn,14632
10,6,15,m_cnn,14632
10,6,16,m_cnn,14632
10,6,17,m_cnn,14632
11,6,1,SYSTEM:ExtraMonitor,488476
11,6,2,m_cnn,14632
11,6,3,m_cnn,14632
11,6,4,m_cnn,14632
11,6,5,m_cnn,14632
11,6,6,m_cnn,14632
11,6,7,m_cnn,14632
11,6,8,m_cnn,14632
11,6,9,m_cnn,14632
11,6,10,m_cnn,14632
11,6,11,m_cnn,14632
11,6,12,m_cnn,14632
11,6,13,m_cnn,14632
11,6,14,m_cnn,14632
11,6,15,m_cnn,14632
11,6,16,m_cnn,14632
11,6,17,m_cnn,14632
12,6,1,SYSTEM:ExtraMonitor,488476
12,6,2,m_cnn,14632
12,6,3,m_cnn,14632
12,6,4,m_cnn,14632
12,6,5,m_cnn,14632
12,6,6,m_cnn,14632
12,6,7,m_cnn,14632
12,6,8,m_cnn,14632
12,6,9,m_cnn,14632
12,6,10,m_cnn,14632
12,6,11,m_cnn,14632
12,6,12,m_cnn,14632
12,6,13,m_cnn,14632
12,6,14,m_cnn,14632
12,6,15,m_cnn,14632
12,6,16,m_cnn,14632
12,6,17,m_cnn,14632
13,6,1,SYSTEM:ExtraMonitor,488476
13,6,2,m_cnn,14632
13,6,3,m_cnn,14632
13,6,4,m_cnn,14632
13,6,5,m_cnn,14632
13,6,6,m_cnn,14632
13,6,7,m_cnn,14632
13,6,8,m_cnn,14632
13,6,9,m_cnn,14632
13,6,10,m_cnn,14632
13,6,11,m_cnn,14632
13,6,12,m_cnn,14632
13,6,13,m_cnn,14632
13,6,14,m_cnn,14632
13,6,15,m_cnn,14632
13,6,16,m_cnn,14632
13,6,17,m_cnn,14632
14,6,1,SYSTEM:ExtraMonitor,488476
14,6,2,s_cnn,14632
14,6,3,s_cnn,14632
14,6,4,s_cnn,14632
14,6,5,s_cnn,14632
14,6,6,s_cnn,14632
14,6,7,s_cnn,14632
14,6,8,s_cnn,14632
14,6,9,s_cnn,14632
14,6,10,s_cnn,14632
14,6,11,s_cnn,14632
14,6,12,s_cnn,14632
14,6,13,s_cnn,14632
14,6,14,s_cnn,14632
14,6,15,s_cnn,14632
14,6,16,s_cnn,14632
14,6,17,s_cnn,14632
15,6,1,SYSTEM:ExtraMonitor,488476
15,6,2,s_cnn,14632
15,6,3,s_cnn,14632
15,6,4,s_cnn,14632
15,6,5,s_cnn,14632
15,6,6,s_cnn,14632
15,6,7,s_cnn,14632
15,6,8,s_cnn,14632
15,6,9,s_cnn,14632
15,6,10,s_cnn,14632
15,6,11,s_cnn,14632
15,6,12,s_cnn,14632
15,6,13,s_cnn,14632
15,6,14,s_cnn,14632
15,6,15,s_cnn,14632
15,6,16,s_cnn,14632
15,6,17,s_cnn,14632
16,6,1,SYSTEM:ExtraMonitor,488476
16,6,2,s_cnn,14632
16,6,3,s_cnn,14632
16,6,4,s_cnn,14632
16,6,5,s_cnn,14632
16,6,6,s_cnn,14632
16,6,7,s_cnn,14632
16,6,8,s_cnn,14632
16,6,9,s_cnn,14632
16,6,10,s_cnn,14632
16,6,11,s_cnn,14632
16,6,12,s_cnn,14632
16,6,13,s_cnn,14632
16,6,14,s_cnn,14632
16,6,15,s_cnn,14632
16,6,16,s_cnn,14632
16,6,17,s_cnn,14632
17,6,1,SYSTEM:ExtraMonitor,488476
17,6,2,s_cnn,14632
17,6,3,s_cnn,14632
17,6,4,s_cnn,14632
17,6,5,s_cnn,14632
17,6,6,s_cnn,14632
17,6,7,s_cnn,14632
17,6,8,s_cnn,14632
17,6,9,s_cnn,14632
17,6,10,s_cnn,14632
17,6,11,s_cnn,14632
17,6,12,s_cnn,14632
17,6,13,s_cnn,14632
17,6,14,s_cnn,14632
17,6,15,s_cnn,14632
17,6,16,s_cnn,14632
17,6,17,s_cnn,14632
18,6,1,SYSTEM:ExtraMonitor,488476
18,6,2,s_cnn,14632
18,6,3,s_cnn,14632
18,6,4,s_cnn,14632
18,6,5,s_cnn,14632
18,6,6,s_cnn,14632
18,6,7,s_cnn,14632
18,6,8,s_cnn,14632
18,6,9,s_cnn,14632
18,6,10,s_cnn,14632
18,6,11,s_cnn,14632
18,6,12,s_cnn,14632
18,6,13,s_cnn,14632
18,6,14,s_cnn,14632
18,6,15,s_cnn,14632
18,6,16,s_cnn,14632
18,6,17,s_cnn,14632
19,6,1,SYSTEM:ExtraMonitor,488476
19,6,2,s_cnn,14632
19,6,3,s_cnn,14632
19,6,4,s_cnn,14632
19,6,5,s_cnn,14632
19,6,6,s_cnn,14632
19,6,7,s_cnn,14632
19,6,8,s_cnn,14632
19,6,9,s_cnn,14632
19,6,10,s_cnn,14632
19,6,11,s_cnn,14632
19,6,12,s_cnn,14632
19,6,13,s_cnn,14632
19,6,14,s_cnn,14632
19,6,15,s_cnn,14632
19,6,16,s_cnn,14632
19,6,17,s_cnn,14632
20,6,1,SYSTEM:ExtraMonitor,488476
20,6,2,f_cnn,14632
20,6,3,f_cnn,14632
20,6,4,f_cnn,14632
20,6,5,f_cnn,14632
20,6,6,f_cnn,14632
20,6,7,f_cnn,14632
20,6,8,f_cnn,14632
20,6,9,f_cnn,14632
20,6,10,f_cnn,14632
20,6,11,f_cnn,14632
20,6,12,f_cnn,14632
20,6,13,f_cnn,14632
20,6,14,f_cnn,14632
20,6,15,f_cnn,14632
20,6,16,f_cnn,14632
20,6,17,f_cnn,14632
21,6,1,SYSTEM:ExtraMonitor,488476
21,6,2,f_cnn,14632
21,6,3,f_cnn,14632
21,6,4,f_cnn,14632
21,6,5,f_cnn,14632
21,6,6,f_cnn,14632
21,6,7,f_cnn,14632
21,6,8,f_cnn,14632
21,6,9,f_cnn,14632
21,6,10,f_cnn,14632
21,6,11,f_cnn,14632
21,6,12,f_cnn,14632
21,6,13,f_cnn,14632
21,6,14,f_cnn,14632
21,6,15,f_cnn,14632
21,6,16,f_cnn,14632
21,6,17,f_cnn,14632
22,6,1,SYSTEM:ExtraMonitor,488476
22,6,2,f_cnn,14632
22,6,3,f_cnn,14632
22,6,4,f_cnn,14632
22,6,5,f_cnn,14632
22,6,6,f_cnn,14632
22,6,7,f_cnn,14632
22,6,8,f_cnn,14632
22,6,9,f_cnn,14632
22,6,10,f_cnn,14632
22,6,11,f_cnn,14632
22,6,12,f_cnn,14632
22,6,13,f_cnn,14632
22,6,14,f_cnn,14632
22,6,15,f_cnn,14632
22,6,16,f_cnn,14632
22,6,17,f_cnn,14632
23,6,1,SYSTEM:ExtraMonitor,488476
23,6,2,f_cnn,14632
23,6,3,f_cnn,14632
23,6,4,f_cnn,14632
23,6,5,f_cnn,14632
23,6,6,f_cnn,14632
23,6,7,f_cnn,14632
23,6,8,f_cnn,14632
23,6,9,f_cnn,14632
23,6,10,f_cnn,14632
23,6,11,f_cnn,14632
23,6,12,f_cnn,14632
23,6,13,f_cnn,14632
23,6,14,f_cnn,14632
23,6,15,f_cnn,14632
23,6,16,f_cnn,14632
23,6,17,f_cnn,14632
0,7,1,SYSTEM:ExtraMonitor,488476
0,7,2,f_cnn,14632
0,7,3,f_cnn,14632
0,7,4,f_cnn,14632
0,7,5,f_cnn,14632
0,7,6,f_cnn,14632
0,7,7,f_cnn,14632
0,7,8,f_cnn,14632
0,7,9,f_cnn,14632
0,7,10,f_cnn,14632
0,7,11,f_cnn,14632
0,7,12,f_cnn,14632
0,7,13,f_cnn,14632
0,7,14,f_cnn,14632
0,7,15,f_cnn,14632
0,7,16,f_cnn,14632
0,7,17,f_cnn,14632
1,7,1,SYSTEM:ExtraMonitor,488476
1,7,2,f_cnn,14632
1,7,3,f_cnn,14632
1,7,4,f_cnn,14632
1,7,5,f_cnn,14632
1,7,6,f_cnn,14632
1,7,7,f_cnn,14632
1,7,8,f_cnn,14632
1,7,9,f_cnn,14632
1,7,10,f_cnn,14632
1,7,11,f_cnn,14632
1,7,12,f_cnn,14632
1,7,13,f_cnn,14632
1,7,14,f_cnn,14632
1,7,15,f_cnn,14632
1,7,16,f_cnn,14632
1,7,17,f_cnn,14632
2,7,1,SYSTEM:ExtraMonitor,488476
2,7,2,f_cnn,14632
2,7,3,f_cnn,14632
2,7,4,f_cnn,14632
2,7,5,f_cnn,14632
2,7,6,f_cnn,14632
2,7,7,f_cnn,14632
2,7,8,f_cnn,14632
2,7,9,f_cnn,14632
2,7,10,f_cnn,14632
2,7,11,f_cnn,14632
2,7,12,f_cnn,14632
2,7,13,f_cnn,14632
2,7,14,f_cnn,14632
2,7,15,f_cnn,14632
2,7,16,f_cnn,14632
2,7,17,f_cnn,14632
3,7,1,SYSTEM:ExtraMonitor,488476
3,7,2,f_cnn,14632
3,7,3,f_cnn,14632
3,7,4,f_cnn,14632
3,7,5,f_cnn,14632
3,7,6,f_cnn,14632
3,7,7,f_cnn,14632
3,7,8,f_cnn,14632
3,7,9,f_cnn,14632
3,7,10,f_cnn,14632
3,7,11,f_cnn,14632
3,7,12,f_cnn,14632
3,7,13,f_cnn,14632
3,7,14,f_cnn,14632
3,7,15,f_cnn,14632
3,7,16,f_cnn,14632
3,7,17,f_cnn,14632
4,7,1,SYSTEM:ExtraMonitor,488476
4,7,2,f_cnn,14632
4,7,3,f_cnn,14632
4,7,4,f_cnn,14632
4,7,5,f_cnn,14632
4,7,6,f_cnn,14632
4,7,7,f_cnn,14632
4,7,8,f_cnn,14632
4,7,9,f_cnn,14632
4,7,10,f_cnn,14632
4,7,11,f_cnn,14632
4,7,12,f_cnn,14632
4,7,13,f_cnn,14632
4,7,14,f_cnn,14632
4,7,15,f_cnn,14632
4,7,16,f_cnn,14632
4,7,17,f_cnn,14632
5,7,1,SYSTEM:ExtraMonitor,488476
5,7,2,f_cnn,14632
5,7,3,f_cnn,14632
5,7,4,f_cnn,14632
5,7,5,f_cnn,14632
5,7,6,f_cnn,14632
5,7,7,f_cnn,14632
5,7,8,f_cnn,14632
5,7,9,f_cnn,14632
5,7,10,f_cnn,14632
5,7,11,f_cnn,14632
5,7,12,f_cnn,14632
5,7,13,f_cnn,14632
5,7,14,f_cnn,14632
5,7,15,f_cnn,14632
5,7,16,f_cnn,14632
5,7,17,f_cnn,14632
6,7,1,SYSTEM:ExtraMonitor,488476
6,7,2,f_cnn,14632
6,7,3,f_cnn,14632
6,7,4,f_cnn,14632
6,7,5,f_cnn,14632
6,7,6,f_cnn,14632
6,7,7,f_cnn,14632
6,7,8,f_cnn,14632
6,7,9,f_cnn,14632
6,7,10,f_cnn,14632
6,7,11,f_cnn,14632
6,7,12,f_cnn,14632
6,7,13,f_cnn,14632
6,7,14,f_cnn,14632
6,7,15,f_cnn,14632
6,7,16,f_cnn,14632
6,7,17,f_cnn,14632
7,7,1,SYSTEM:ExtraMonitor,488476
7,7,2,f_cnn,14632
7,7,3,f_cnn,14632
7,7,4,f_cnn,14632
7,7,5,f_cnn,14632
7,7,6,f_cnn,14632
7,7,7,f_cnn,14632
7,7,8,f_cnn,14632
7,7,9,f_cnn,14632
7,7,10,f_cnn,14632
7,7,11,f_cnn,14632
7,7,12,f_cnn,14632
7,7,13,f_cnn,14632
7,7,14,f_cnn,14632
7,7,15,f_cnn,14632
7,7,16,f_cnn,14632
7,7,17,f_cnn,14632
8,7,1,SYSTEM:ExtraMonitor,488476
8,7,2,m_cnn,14632
8,7,3,m_cnn,14632
8,7,4,m_cnn,14632
8,7,5,m_cnn,14632
8,7,6,m_cnn,14632
8,7,7,m_cnn,14632
8,7,8,m_cnn,14632
8,7,9,m_cnn,14632
8,7,10,m_cnn,14632
8,7,11,m_cnn,14632
8,7,12,m_cnn,14632
8,7,13,m_cnn,14632
8,7,14,m_cnn,14632
8,7,15,m_cnn,14632
8,7,16,m_cnn,14632
8,7,17,m_cnn,14632
9,7,1,SYSTEM:ExtraMonitor,488476
9,7,2,m_cnn,14632
9,7,3,m_cnn,14632
9,7,4,m_cnn,14632
9,7,5,m_cnn,14632
9,7,6,m_cnn,14632
9,7,7,m_cnn,14632
9,7,8,m_cnn,14632
9,7,9,m_cnn,14632
9,7,10,m_cnn,14632
9,7,11,m_cnn,14632
9,7,12,m_cnn,14632
9,7,13,m_cnn,14632
9,7,14,m_cnn,14632
9,7,15,m_cnn,14632
9,7,16,m_cnn,14632
10,7,1,SYSTEM:ExtraMonitor,488476
10,7,2,m_cnn,14632
10,7,3,m_cnn,14632
10,7,4,m_cnn,14632
10,7,5,m_cnn,14632
10,7,6,m_cnn,14632
10,7,7,m_cnn,14632
10,7,8,m_cnn,14632
10,7,9,m_cnn,14632
10,7,10,m_cnn,14632
10,7,11,m_cnn,14632
10,7,12,m_cnn,14632
10,7,13,m_cnn,14632
10,7,14,m_cnn,14632
10,7,15,m_cnn,14632
10,7,16,m_cnn,14632
10,7,17,m_cnn,14632
11,7,1,SYSTEM:ExtraMonitor,488476
11,7,2,m_cnn,14632
11,7,3,m_cnn,14632
11,7,4,m_cnn,14632
11,7,5,m_cnn,14632
11,7,6,m_cnn,14632
11,7,7,m_cnn,14632
11,7,8,m_cnn,14632
11,7,9,m_cnn,14632
11,7,10,m_cnn,14632
11,7,11,m_cnn,14632
11,7,12,m_cnn,14632
11,7,13,m_cnn,14632
11,7,14,m_cnn,14632
11,7,15,m_cnn,14632
11,7,16,m_cnn,14632
12,7,1,SYSTEM:ExtraMonitor,488476
12,7,2,m_cnn,14632
12,7,3,m_cnn,14632
12,7,4,m_cnn,14632
12,7,5,m_cnn,14632
12,7,6,m_cnn,14632
12,7,7,m_cnn,14632
12,7,8,m_cnn,14632
12,7,9,m_cnn,14632
12,7,10,m_cnn,14632
12,7,11,m_cnn,14632
12,7,12,m_cnn,14632
12,7,13,m_cnn,14632
12,7,14,m_cnn,14632
12,7,15,m_cnn,14632
12,7,16,m_cnn,14632
12,7,17,m_cnn,14632
13,7,1,SYSTEM:ExtraMonitor,488476
13,7,2,m_cnn,14632
13,7,3,m_cnn,14632
13,7,4,m_cnn,14632
13,7,5,m_cnn,14632
13,7,6,m_cnn,14632
13,7,7,m_cnn,14632
13,7,8,m_cnn,14632
13,7,9,m_cnn,14632
13,7,10,m_cnn,14632
13,7,11,m_cnn,14632
13,7,12,m_cnn,14632
13,7,13,m_cnn,14632
13,7,14,m_cnn,14632
13,7,15,m_cnn,14632
13,7,16,m_cnn,14632
14,7,1,SYSTEM:ExtraMonitor,488476
14,7,2,m_cnn,14632
14,7,3,m_cnn,14632
14,7,4,m_cnn,14632
14,7,5,m_cnn,14632
14,7,6,m_cnn,14632
14,7,7,m_cnn,14632
14,7,8,m_cnn,14632
14,7,9,m_cnn,14632
14,7,10,m_cnn,14632
14,7,11,m_cnn,14632
14,7,12,m_cnn,14632
14,7,13,m_cnn,14632
14,7,14,m_cnn,14632
14,7,15,m_cnn,14632
14,7,16,m_cnn,14632
14,7,17,m_cnn,14632
15,7,1,SYSTEM:ExtraMonitor,488476
15,7,2,s_cnn,14632
15,7,3,s_cnn,14632
15,7,4,s_cnn,14632
15,7,5,s_cnn,14632
15,7,6,s_cnn,14632
15,7,7,s_cnn,14632
15,7,8,s_cnn,14632
15,7,9,s_cnn,14632
15,7,10,s_cnn,14632
15,7,11,s_cnn,14632
15,7,12,s_cnn,14632
15,7,13,s_cnn,14632
15,7,14,s_cnn,14632
15,7,15,s_cnn,14632
15,7,16,s_cnn,14632
15,7,17,s_cnn,14632
16,7,1,SYSTEM:ExtraMonitor,488476
16,7,2,s_cnn,14632
16,7,3,s_cnn,14632
16,7,4,s_cnn,14632
16,7,5,s_cnn,14632
16,7,6,s_cnn,14632
16,7,7,s_cnn,14632
16,7,8,s_cnn,14632
16,7,9,s_cnn,14632
16,7,10,s_cnn,14632
16,7,11,s_cnn,14632
16,7,12,s_cnn,14632
16,7,13,s_cnn,14632
16,7,14,s_cnn,14632
16,7,15,s_cnn,14632
16,7,16,s_cnn,14632
16,7,17,s_cnn,14632
17,7,1,SYSTEM:ExtraMonitor,488476
17,7,2,s_cnn,14632
17,7,3,s_cnn,14632
17,7,4,s_cnn,14632
17,7,5,s_cnn,14632
17,7,6,s_cnn,14632
17,7,7,s_cnn,14632
17,7,8,s_cnn,14632
17,7,9,s_cnn,14632
17,7,10,s_cnn,14632
17,7,11,s_cnn,14632
17,7,12,s_cnn,14632
17,7,13,s_cnn,14632
17,7,14,s_cnn,14632
17,7,15,s_cnn,14632
17,7,16,s_cnn,14632
17,7,17,s_cnn,14632
18,7,1,SYSTEM:ExtraMonitor,488476
18,7,2,s_cnn,14632
18,7,3,s_cnn,14632
18,7,4,s_cnn,14632
18,7,5,s_cnn,14632
18,7,6,s_cnn,14632
18,7,7,s_cnn,14632
18,7,8,s_cnn,14632
18,7,9,s_cnn,14632
18,7,10,s_cnn,14632
18,7,11,s_cnn,14632
18,7,12,s_cnn,14632
18,7,13,s_cnn,14632
18,7,14,s_cnn,14632
18,7,15,s_cnn,14632
18,7,16,s_cnn,14632
18,7,17,s_cnn,14632
19,7,1,SYSTEM:ExtraMonitor,488476
19,7,2,s_cnn,14632
19,7,3,s_cnn,14632
19,7,4,s_cnn,14632
19,7,5,s_cnn,14632
19,7,6,s_cnn,14632
19,7,7,s_cnn,14632
19,7,8,s_cnn,14632
19,7,9,s_cnn,14632
19,7,10,s_cnn,14632
19,7,11,s_cnn,14632
19,7,12,s_cnn,14632
19,7,13,s_cnn,14632
19,7,14,s_cnn,14632
19,7,15,s_cnn,14632
19,7,16,s_cnn,14632
19,7,17,s_cnn,14632
20,7,1,SYSTEM:ExtraMonitor,488476
20,7,2,f_cnn,14632
20,7,3,f_cnn,14632
20,7,4,f_cnn,14632
20,7,5,f_cnn,14632
20,7,6,f_cnn,14632
20,7,7,f_cnn,14632
20,7,8,f_cnn,14632
20,7,9,f_cnn,14632
20,7,10,f_cnn,14632
20,7,11,f_cnn,14632
20,7,12,f_cnn,14632
20,7,13,f_cnn,14632
20,7,14,f_cnn,14632
20,7,15,f_cnn,14632
20,7,16,f_cnn,14632
20,7,17,f_cnn,14632
21,7,1,SYSTEM:ExtraMonitor,488476
21,7,2,f_cnn,14632
21,7,3,f_cnn,14632
21,7,4,f_cnn,14632
21,7,5,f_cnn,14632
21,7,6,f_cnn,14632
21,7,7,f_cnn,14632
21,7,8,f_cnn,14632
21,7,9,f_cnn,14632
21,7,10,f_cnn,14632
21,7,11,f_cnn,14632
21,7,12,f_cnn,14632
21,7,13,f_cnn,14632
21,7,14,f_cnn,14632
21,7,15,f_cnn,14632
21,7,16,f_cnn,14632
22,7,1,SYSTEM:ExtraMonitor,488476
22,7,2,f_cnn,14632
22,7,3,f_cnn,14632
22,7,4,f_cnn,14632
22,7,5,f_cnn,14632
22,7,6,f_cnn,14632
22,7,7,f_cnn,14632
22,7,8,f_cnn,14632
22,7,9,f_cnn,14632
22,7,10,f_cnn,14632
22,7,11,f_cnn,14632
22,7,12,f_cnn,14632
22,7,13,f_cnn,14632
22,7,14,f_cnn,14632
22,7,15,f_cnn,14632
22,7,16,f_cnn,14632
22,7,17,f_cnn,14632
23,7,1,SYSTEM:ExtraMonitor,488476
23,7,2,f_cnn,14632
23,7,3,f_cnn,14632
23,7,4,f_cnn,14632
23,7,5,f_cnn,14632
23,7,6,f_cnn,14632
23,7,7,f_cnn,14632
23,7,8,f_cnn,14632
23,7,9,f_cnn,14632
23,7,10,f_cnn,14632
23,7,11,f_cnn,14632
23,7,12,f_cnn,14632
23,7,13,f_cnn,14632
23,7,14,f_cnn,14632
23,7,15,f_cnn,14632
23,7,16,f_cnn,14632
0,8,1,SYSTEM:ExtraMonitor,488476
0,8,2,f_cnn,14632
0,8,3,f_cnn,14632
0,8,4,f_cnn,14632
0,8,5,f_cnn,14632
0,8,6,f_cnn,14632
0,8,7,f_cnn,14632
0,8,8,f_cnn,14632
0,8,9,f_cnn,14632
0,8,10,f_cnn,14632
0,8,11,f_cnn,14632
0,8,12,f_cnn,14632
0,8,13,f_cnn,14632
0,8,14,f_cnn,14632
0,8,15,f_cnn,14632
0,8,16,f_cnn,14632
0,8,17,f_cnn,14632
1,8,1,SYSTEM:ExtraMonitor,488476
1,8,2,f_cnn,14632
1,8,3,f_cnn,14632
1,8,4,f_cnn,14632
1,8,5,f_cnn,14632
1,8,6,f_cnn,14632
1,8,7,f_cnn,14632
1,8,8,f_cnn,14632
1,8,9,f_cnn,14632
1,8,10,f_cnn,14632
1,8,11,f_cnn,14632
1,8,12,f_cnn,14632
1,8,13,f_cnn,14632
1,8,14,f_cnn,14632
1,8,15,f_cnn,14632
1,8,16,f_cnn,14632
1,8,17,f_cnn,14632
2,8,1,SYSTEM:ExtraMonitor,488476
2,8,2,f_cnn,14632
2,8,3,f_cnn,14632
2,8,4,f_cnn,14632
2,8,5,f_cnn,14632
2,8,6,f_cnn,14632
2,8,7,f_cnn,14632
2,8,8,f_cnn,14632
2,8,9,f_cnn,14632
2,8,10,f_cnn,14632
2,8,11,f_cnn,14632
2,8,12,f_cnn,14632
2,8,13,f_cnn,14632
2,8,14,f_cnn,14632
2,8,15,f_cnn,14632
2,8,16,f_cnn,14632
2,8,17,f_cnn,14632
3,8,1,SYSTEM:ExtraMonitor,488476
3,8,2,f_cnn,14632
3,8,3,f_cnn,14632
3,8,4,f_cnn,14632
3,8,5,f_cnn,14632
3,8,6,f_cnn,14632
3,8,7,f_cnn,14632
3,8,8,f_cnn,14632
3,8,9,f_cnn,14632
3,8,10,f_cnn,14632
3,8,11,f_cnn,14632
3,8,12,f_cnn,14632
3,8,13,f_cnn,14632
3,8,14,f_cnn,14632
3,8,15,f_cnn,14632
3,8,16,f_cnn,14632
3,8,17,f_cnn,14632
4,8,1,"SYSTEM:PacketGatherer(8,4)",477250
4,8,2,SYSTEM:ExtraMonitor,488476
4,8,3,f_cnn,14632
4,8,4,f_cnn,14632
4,8,5,f_cnn,14632
4,8,6,f_cnn,14632
4,8,7,f_cnn,14632
4,8,8,f_cnn,14632
4,8,9,f_cnn,14632
4,8,10,f_cnn,14632
4,8,11,f_cnn,14632
4,8,12,f_cnn,14632
4,8,13,f_cnn,14632
4,8,14,f_cnn,14632
4,8,15,f_cnn,14632
4,8,16,f_cnn,14632
4,8,17,f_cnn,14632
5,8,1,SYSTEM:ExtraMonitor,488476
5,8,2,f_cnn,14632
5,8,3,f_cnn,14632
5,8,4,f_cnn,14632
5,8,5,f_cnn,14632
5,8,6,f_cnn,14632
5,8,7,f_cnn,14632
5,8,8,f_cnn,14632
5,8,9,m_cnn,14632
5,8,10,m_cnn,14632
5,8,11,m_cnn,14632
5,8,12,m_cnn,14632
5,8,13,m_cnn,14632
5,8,14,m_cnn,14632
5,8,15,m_cnn,14632
5,8,16,m_cnn,14632
5,8,17,m_cnn,14632
6,8,1,SYSTEM:ExtraMonitor,488476
6,8,2,m_cnn,14632
6,8,3,m_cnn,14632
6,8,4,m_cnn,14632
6,8,5,m_cnn,14632
6,8,6,m_cnn,14632
6,8,7,m_cnn,14632
6,8,8,m_cnn,14632
6,8,9,m_cnn,14632
6,8,10,m_cnn,14632
6,8,11,m_cnn,14632
6,8,12,m_cnn,14632
6,8,13,m_cnn,14632
6,8,14,m_cnn,14632
6,8,15,m_cnn,14632
6,8,16,m_cnn,14632
6,8,17,m_cnn,14632
7,8,1,SYSTEM:ExtraMonitor,488476
7,8,2,m_cnn,14632
7,8,3,m_cnn,14632
7,8,4,m_cnn,14632
7,8,5,m_cnn,14632
7,8,6,m_cnn,14632
7,8,7,m_cnn,14632
7,8,8,m_cnn,14632
7,8,9,m_cnn,14632
7,8,10,m_cnn,14632
7,8,11,m_cnn,14632
7,8,12,m_cnn,14632
7,8,13,m_cnn,14632
7,8,14,m_cnn,14632
7,8,15,m_cnn,14632
7,8,16,m_cnn,14632
7,8,17,m_cnn,14632
8,8,1,SYSTEM:ExtraMonitor,488476
8,8,2,m_cnn,14632
8,8,3,m_cnn,14632
8,8,4,m_cnn,14632
8,8,5,m_cnn,14632
8,8,6,m_cnn,14632
8,8,7,m_cnn,14632
8,8,8,m_cnn,14632
8,8,9,m_cnn,14632
8,8,10,m_cnn,14632
8,8,11,m_cnn,14632
8,8,12,m_cnn,14632
8,8,13,m_cnn,14632
8,8,14,m_cnn,14632
8,8,15,m_cnn,14632
8,8,16,m_cnn,14632
8,8,17,m_cnn,14632
9,8,1,SYSTEM:ExtraMonitor,488476
9,8,2,m_cnn,14632
9,8,3,m_cnn,14632
9,8,4,m_cnn,14632
9,8,5,m_cnn,14632
9,8,6,m_cnn,14632
9,8,7,m_cnn,14632
9,8,8,m_cnn,14632
9,8,9,m_cnn,14632
9,8,10,m_cnn,14632
9,8,11,m_cnn,14632
9,8,12,m_cnn,14632
9,8,13,m_cnn,14632
9,8,14,m_cnn,14632
9,8,15,m_cnn,14632
9,8,16,m_cnn,14632
9,8,17,m_cnn,14632
10,8,1,SYSTEM:ExtraMonitor,488476
10,8,2,m_cnn,14632
10,8,3,m_cnn,14632
10,8,4,m_cnn,14632
10,8,5,m_cnn,14632
10,8,6,m_cnn,14632
10,8,7,m_cnn,14632
10,8,8,m_cnn,14632
10,8,9,m_cnn,14632
10,8,10,m_cnn,14632
10,8,11,m_cnn,14632
10,8,12,m_cnn,14632
10,8,13,m_cnn,14632
10,8,14,m_cnn,14632
10,8,15,m_cnn,14632
10,8,16,m_cnn,14632
10,8,17,m_cnn,14632
11,8,1,SYSTEM:ExtraMonitor,488476
11,8,2,m_cnn,14632
11,8,3,m_cnn,14632
11,8,4,m_cnn,14632
11,8,5,m_cnn,14632
11,8,6,m_cnn,14632
11,8,7,m_cnn,14632
11,8,8,m_cnn,14632
11,8,9,m_cnn,14632
11,8,10,m_cnn,14632
11,8,11,m_cnn,14632
11,8,12,m_cnn,14632
11,8,13,m_cnn,14632
11,8,14,m_cnn,14632
11,8,15,m_cnn,14632
11,8,16,m_cnn,14632
11,8,17,m_cnn,14632
12,8,1,SYSTEM:ExtraMonitor,488476
12,8,2,m_cnn,14632
12,8,3,m_cnn,14632
12,8,4,m_cnn,14632
12,8,5,m_cnn,14632
12,8,6,m_cnn,14632
12,8,7,m_cnn,14632
12,8,8,m_cnn,14632
12,8,9,m_cnn,14632
12,8,10,m_cnn,14632
12,8,11,m_cnn,14632
12,8,12,m_cnn,14632
12,8,13,m_cnn,14632
12,8,14,m_cnn,14632
12,8,15,m_cnn,14632
12,8,16,m_cnn,14632
12,8,17,m_cnn,14632
13,8,1,SYSTEM:ExtraMonitor,488476
13,8,2,m_cnn,14632
13,8,3,m_cnn,14632
13,8,4,m_cnn,14632
13,8,5,m_cnn,14632
13,8,6,m_cnn,14632
13,8,7,m_cnn,14632
13,8,8,m_cnn,14632
13,8,9,m_cnn,14632
13,8,10,m_cnn,14632
13,8,11,m_cnn,14632
13,8,12,m_cnn,14632
13,8,13,m_cnn,14632
13,8,14,m_cnn,14632
13,8,15,m_cnn,14632
13,8,16,m_cnn,14632
13,8,17,m_cnn,14632
14,8,1,SYSTEM:ExtraMonitor,488476
14,8,2,m_cnn,14632
14,8,3,m_cnn,14632
14,8,4,m_cnn,14632
14,8,5,m_cnn,14632
14,8,6,m_cnn,14632
14,8,7,m_cnn,14632
14,8,8,m_cnn,14632
14,8,9,m_cnn,14632
14,8,10,m_cnn,14632
14,8,11,m_cnn,14632
14,8,12,m_cnn,14632
14,8,13,m_cnn,14632
14,8,14,m_cnn,14632
14,8,15,m_cnn,14632
14,8,16,m_cnn,14632
14,8,17,m_cnn,14632
15,8,1,SYSTEM:ExtraMonitor,488476
15,8,2,m_cnn,14632
15,8,3,m_cnn,14632
15,8,4,m_cnn,14632
15,8,5,m_cnn,14632
15,8,6,m_cnn,14632
15,8,7,m_cnn,14632
15,8,8,m_cnn,14632
15,8,9,m_cnn,14632
15,8,10,m_cnn,14632
15,8,11,m_cnn,14632
15,8,12,m_cnn,14632
15,8,13,m_cnn,14632
15,8,14,m_cnn,14632
15,8,15,m_cnn,14632
15,8,16,m_cnn,14632
15,8,17,m_cnn,14632
16,8,1,"SYSTEM:PacketGatherer(8,16)",477250
16,8,2,SYSTEM:ExtraMonitor,488476
16,8,3,s_cnn,14632
16,8,4,s_cnn,14632
16,8,5,s_cnn,14632
16,8,6,s_cnn,14632
16,8,7,s_cnn,14632
16,8,8,s_cnn,14632
16,8,9,s_cnn,14632
16,8,10,s_cnn,14632
16,8,11,s_cnn,14632
16,8,12,s_cnn,14632
16,8,13,s_cnn,14632
16,8,14,s_cnn,14632
16,8,15,s_cnn,14632
16,8,16,s_cnn,14632
16,8,17,s_cnn,14632
17,8,1,SYSTEM:ExtraMonitor,488476
17,8,2,s_cnn,14632
17,8,3,s_cnn,14632
17,8,4,s_cnn,14632
17,8,5,s_cnn,14632
17,8,6,s_cnn,14632
17,8,7,s_cnn,14632
17,8,8,s_cnn,14632
17,8,9,s_cnn,14632
17,8,10,s_cnn,14632
17,8,11,s_cnn,14632
17,8,12,s_cnn,14632
17,8,13,s_cnn,14632
17,8,14,s_cnn,14632
17,8,15,s_cnn,14632
17,8,16,s_cnn,14632
17,8,17,s_cnn,14632
18,8,1,SYSTEM:ExtraMonitor,488476
18,8,2,s_cnn,14632
18,8,3,s_cnn,14632
18,8,4,s_cnn,14632
18,8,5,s_cnn,14632
18,8,6,s_cnn,14632
18,8,7,s_cnn,14632
18,8,8,s_cnn,14632
18,8,9,s_cnn,14632
18,8,10,s_cnn,14632
18,8,11,s_cnn,14632
18,8,12,s_cnn,14632
18,8,13,s_cnn,14632
18,8,14,s_cnn,14632
18,8,15,s_cnn,14632
18,8,16,s_cnn,14632
18,8,17,s_cnn,14632
19,8,1,SYSTEM:ExtraMonitor,488476
19,8,2,s_cnn,14632
19,8,3,s_cnn,14632
19,8,4,s_cnn,14632
19,8,5,s_cnn,14632
19,8,6,s_cnn,14632
19,8,7,s_cnn,14632
19,8,8,s_cnn,14632
19,8,9,s_cnn,14632
19,8,10,s_cnn,14632
19,8,11,s_cnn,14632
19,8,12,s_cnn,14632
19,8,13,s_cnn,14632
19,8,14,s_cnn,14632
19,8,15,s_cnn,14632
19,8,16,s_cnn,14632
19,8,17,s_cnn,14632
20,8,1,SYSTEM:ExtraMonitor,488476
20,8,2,f_cnn,14632
20,8,3,f_cnn,14632
20,8,4,f_cnn,14632
20,8,5,f_cnn,14632
20,8,6,f_cnn,14632
20,8,7,f_cnn,14632
20,8,8,f_cnn,14632
20,8,9,f_cnn,14632
20,8,10,f_cnn,14632
20,8,11,f_cnn,14632
20,8,12,f_cnn,14632
20,8,13,f_cnn,14632
20,8,14,f_cnn,14632
20,8,15,f_cnn,14632
20,8,16,f_cnn,14632
20,8,17,f_cnn,14632
21,8,1,SYSTEM:ExtraMonitor,488476
21,8,2,f_cnn,14632
21,8,3,f_cnn,14632
21,8,4,f_cnn,14632
21,8,5,f_cnn,14632
21,8,6,f_cnn,14632
21,8,7,f_cnn,14632
21,8,8,f_cnn,14632
21,8,9,f_cnn,14632
21,8,10,f_cnn,14632
21,8,11,f_cnn,14632
21,8,12,f_cnn,14632
21,8,13,f_cnn,14632
21,8,14,f_cnn,14632
21,8,15,f_cnn,14632
21,8,16,f_cnn,14632
21,8,17,f_cnn,14632
22,8,1,SYSTEM:ExtraMonitor,488476
22,8,2,f_cnn,14632
22,8,3,f_cnn,14632
22,8,4,f_cnn,14632
22,8,5,f_cnn,14632
22,8,6,f_cnn,14632
22,8,7,f_cnn,14632
22,8,8,f_cnn,14632
22,8,9,f_cnn,14632
22,8,10,f_cnn,14632
22,8,11,f_cnn,14632
22,8,12,f_cnn,14632
22,8,13,f_cnn,14632
22,8,14,f_cnn,14632
22,8,15,f_cnn,14632
22,8,16,f_cnn,14632
22,8,17,f_cnn,14632
23,8,1,SYSTEM:ExtraMonitor,488476
23,8,2,f_cnn,14632
23,8,3,f_cnn,14632
23,8,4,f_cnn,14632
23,8,5,f_cnn,14632
23,8,6,f_cnn,14632
23,8,7,f_cnn,14632
23,8,8,f_cnn,14632
23,8,9,f_cnn,14632
23,8,10,f_cnn,14632
23,8,11,f_cnn,14632
23,8,12,f_cnn,14632
23,8,13,f_cnn,14632
23,8,14,f_cnn,14632
23,8,15,f_cnn,14632
23,8,16,f_cnn,14632
23,8,17,f_cnn,14632
0,9,1,SYSTEM:ExtraMonitor,488476
0,9,2,f_cnn,14632
0,9,3,f_cnn,14632
0,9,4,f_cnn,14632
0,9,5,f_cnn,14632
0,9,6,f_cnn,14632
0,9,7,f_cnn,14632
0,9,8,f_cnn,14632
0,9,9,f_cnn,14632
0,9,10,f_cnn,14632
0,9,11,f_cnn,14632
0,9,12,f_cnn,14632
0,9,13,f_cnn,14632
0,9,14,f_cnn,14632
0,9,15,f_cnn,14632
0,9,16,f_cnn,14632
0,9,17,f_cnn,14632
1,9,1,SYSTEM:ExtraMonitor,488476
1,9,2,f_cnn,14632
1,9,3,f_cnn,14632
1,9,4,f_cnn,14632
1,9,5,f_cnn,14632
1,9,6,f_cnn,14632
1,9,7,f_cnn,14632
1,9,8,f_cnn,14632
1,9,9,f_cnn,14632
1,9,10,f_cnn,14632
1,9,11,f_cnn,14632
1,9,12,f_cnn,14632
1,9,13,f_cnn,14632
1,9,14,f_cnn,14632
1,9,15,f_cnn,14632
1,9,16,f_cnn,14632
1,9,17,f_cnn,14632
2,9,1,SYSTEM:ExtraMonitor,488476
2,9,2,f_cnn,14632
2,9,3,f_cnn,14632
2,9,4,f_cnn,14632
2,9,5,f_cnn,14632
2,9,6,f_cnn,14632
2,9,7,f_cnn,14632
2,9,8,f_cnn,14632
2,9,9,f_cnn,14632
2,9,10,f_cnn,14632
2,9,11,f_cnn,14632
2,9,12,f_cnn,14632
2,9,13,f_cnn,14632
2,9,14,f_cnn,14632
2,9,15,f_cnn,14632
2,9,16,f_cnn,14632
3,9,1,SYSTEM:ExtraMonitor,488476
3,9,2,f_cnn,14632
3,9,3,f_cnn,14632
3,9,4,f_cnn,14632
3,9,5,f_cnn,14632
3,9,6,f_cnn,14632
3,9,7,f_cnn,14632
3,9,8,f_cnn,14632
3,9,9,f_cnn,14632
3,9,10,f_cnn,14632
3,9,11,f_cnn,14632
3,9,12,f_cnn,14632
3,9,13,f_cnn,14632
3,9,14,f_cnn,14632
3,9,15,f_cnn,14632
3,9,16,f_cnn,14632
3,9,17,f_cnn,14632
4,9,1,SYSTEM:ExtraMonitor,488476
4,9,2,m_cnn,14632
4,9,3,m_cnn,14632
4,9,4,m_cnn,14632
4,9,5,m_cnn,14632
4,9,6,m_cnn,14632
4,9,7,m_cnn,14632
4,9,8,m_cnn,14632
4,9,9,m_cnn,14632
4,9,10,m_cnn,14632
4,9,11,m_cnn,14632
4,9,12,m_cnn,14632
4,9,13,m_cnn,14632
4,9,14,m_cnn,14632
4,9,15,m_cnn,14632
4,9,16,m_cnn,14632
4,9,17,m_cnn,14632
5,9,1,SYSTEM:ExtraMonitor,488476
5,9,2,m_cnn,14632
5,9,3,m_cnn,14632
5,9,4,m_cnn,14632
5,9,5,m_cnn,14632
5,9,6,m_cnn,14632
5,9,7,m_cnn,14632
5,9,8,m_cnn,14632
5,9,9,m_cnn,14632
5,9,10,m_cnn,14632
5,9,11,m_cnn,14632
5,9,12,m_cnn,14632
5,9,13,m_cnn,14632
5,9,14,m_cnn,14632
5,9,15,m_cnn,14632
5,9,16,m_cnn,14632
6,9,1,SYSTEM:ExtraMonitor,488476
6,9,2,m_cnn,14632
6,9,3,m_cnn,14632
6,9,4,m_cnn,14632
6,9,5,m_cnn,14632
6,9,6,m_cnn,14632
6,9,7,m_cnn,14632
6,9,8,m_cnn,14632
6,9,9,m_cnn,14632
6,9,10,m_cnn,14632
6,9,11,m_cnn,14632
6,9,12,m_cnn,14632
6,9,13,m_cnn,14632
6,9,14,m_cnn,14632
6,9,15,m_cnn,14632
6,9,16,m_cnn,14632
6,9,17,m_cnn,14632
7,9,1,SYSTEM:ExtraMonitor,488476
7,9,2,m_cnn,14632
7,9,3,m_cnn,14632
7,9,4,m_cnn,14632
7,9,5,m_cnn,14632
7,9,6,m_cnn,14632
7,9,7,m_cnn,14632
7,9,8,m_cnn,14632
7,9,9,m_cnn,14632
7,9,10,m_cnn,14632
7,9,11,m_cnn,14632
7,9,12,m_cnn,14632
7,9,13,m_cnn,14632
7,9,14,m_cnn,14632
7,9,15,m_cnn,14632
7,9,16,m_cnn,14632
8,9,1,SYSTEM:ExtraMonitor,488476
8,9,2,m_cnn,14632
8,9,3,m_cnn,14632
8,9,4,m_cnn,14632
8,9,5,m_cnn,14632
8,9,6,m_cnn,14632
8,9,7,m_cnn,14632
8,9,8,m_cnn,14632
8,9,9,m_cnn,14632
8,9,10,m_cnn,14632
8,9,11,m_cnn,14632
8,9,12,m_cnn,14632
8,9,13,m_cnn,14632
8,9,14,m_cnn,14632
8,9,15,m_cnn,14632
8,9,16,m_cnn,14632
8,9,17,m_cnn,14632
9,9,1,SYSTEM:ExtraMonitor,488476
9,9,2,m_cnn,14632
9,9,3,m_cnn,14632
9,9,4,m_cnn,14632
9,9,5,m_cnn,14632
9,9,6,m_cnn,14632
9,9,7,m_cnn,14632
9,9,8,m_cnn,14632
9,9,9,m_cnn,14632
9,9,10,m_cnn,14632
9,9,11,m_cnn,14632
9,9,12,m_cnn,14632
9,9,13,m_cnn,14632
9,9,14,m_cnn,14632
9,9,15,m_cnn,14632
9,9,16,m_cnn,14632
9,9,17,m_cnn,14632
10,9,1,SYSTEM:ExtraMonitor,488476
10,9,2,m_cnn,14632
10,9,3,m_cnn,14632
10,9,4,m_cnn,14632
10,9,5,m_cnn,14632
10,9,6,m_cnn,14632
10,9,7,m_cnn,14632
10,9,8,m_cnn,14632
10,9,9,m_cnn,14632
10,9,10,m_cnn,14632
10,9,11,m_cnn,14632
10,9,12,m_cnn,14632
10,9,13,m_cnn,14632
10,9,14,m_cnn,14632
10,9,15,m_cnn,14632
10,9,16,m_cnn,14632
11,9,1,SYSTEM:ExtraMonitor,488476
11,9,2,m_cnn,14632
11,9,3,m_cnn,14632
11,9,4,m_cnn,14632
11,9,5,m_cnn,14632
11,9,6,m_cnn,14632
11,9,7,m_cnn,14632
11,9,8,m_cnn,14632
11,9,9,m_cnn,14632
11,9,10,m_cnn,14632
11,9,11,m_cnn,14632
11,9,12,m_cnn,14632
11,9,13,m_cnn,14632
11,9,14,m_cnn,14632
11,9,15,m_cnn,14632
11,9,16,m_cnn,14632
11,9,17,m_cnn,14632
12,9,1,SYSTEM:ExtraMonitor,488476
12,9,2,m_cnn,14632
12,9,3,m_cnn,14632
12,9,4,m_cnn,14632
12,9,5,m_cnn,14632
12,9,6,m_cnn,14632
12,9,7,m_cnn,14632
12,9,8,m_cnn,14632
12,9,9,m_cnn,14632
12,9,10,m_cnn,14632
12,9,11,m_cnn,14632
12,9,12,m_cnn,14632
12,9,13,m_cnn,14632
12,9,14,m_cnn,14632
12,9,15,m_cnn,14632
12,9,16,m_cnn,14632
13,9,1,SYSTEM:ExtraMonitor,488476
13,9,2,m_cnn,14632
13,9,3,m_cnn,14632
13,9,4,m_cnn,14632
13,9,5,m_cnn,14632
13,9,6,m_cnn,14632
13,9,7,m_cnn,14632
13,9,8,m_cnn,14632
13,9,9,m_cnn,14632
13,9,10,m_cnn,14632
13,9,11,m_cnn,14632
13,9,12,m_cnn,14632
13,9,13,m_cnn,14632
13,9,14,m_cnn,14632
13,9,15,m_cnn,14632
13,9,16,m_cnn,14632
13,9,17,m_cnn,14632
14,9,1,SYSTEM:ExtraMonitor,488476
14,9,2,m_cnn,14632
14,9,3,m_cnn,14632
14,9,4,m_cnn,14632
14,9,5,m_cnn,14632
14,9,6,m_cnn,14632
14,9,7,m_cnn,14632
14,9,8,m_cnn,14632
14,9,9,m_cnn,14632
14,9,10,m_cnn,14632
14,9,11,m_cnn,14632
14,9,12,m_cnn,14632
14,9,13,m_cnn,14632
14,9,14,m_cnn,14632
14,9,15,m_cnn,14632
14,9,16,m_cnn,14632
15,9,1,SYSTEM:ExtraMonitor,488476
15,9,2,m_cnn,14632
15,9,3,m_cnn,14632
15,9,4,m_cnn,14632
15,9,5,m_cnn,14632
15,9,6,m_cnn,14632
15,9,7,m_cnn,14632
15,9,8,m_cnn,14632
15,9,9,m_cnn,14632
15,9,10,m_cnn,14632
15,9,11,m_cnn,14632
15,9,12,m_cnn,14632
15,9,13,m_cnn,14632
15,9,14,m_cnn,14632
15,9,15,m_cnn,14632
15,9,16,m_cnn,14632
15,9,17,m_cnn,14632
16,9,1,SYSTEM:ExtraMonitor,488476
16,9,2,s_cnn,14632
16,9,3,s_cnn,14632
16,9,4,s_cnn,14632
16,9,5,s_cnn,14632
16,9,6,s_cnn,14632
16,9,7,s_cnn,14632
16,9,8,s_cnn,14632
16,9,9,s_cnn,14632
16,9,10,s_cnn,14632
16,9,11,s_cnn,14632
16,9,12,s_cnn,14632
16,9,13,s_cnn,14632
16,9,14,s_cnn,14632
16,9,15,s_cnn,14632
16,9,16,s_cnn,14632
16,9,17,s_cnn,14632
17,9,1,SYSTEM:ExtraMonitor,488476
17,9,2,s_cnn,14632
17,9,3,s_cnn,14632
17,9,4,s_cnn,14632
17,9,5,s_cnn,14632
17,9,6,s_cnn,14632
17,9,7,s_cnn,14632
17,9,8,s_cnn,14632
17,9,9,s_cnn,14632
17,9,10,s_cnn,14632
17,9,11,s_cnn,14632
17,9,12,s_cnn,14632
17,9,13,s_cnn,14632
17,9,14,s_cnn,14632
17,9,15,s_cnn,14632
17,9,16,s_cnn,14632
18,9,1,SYSTEM:ExtraMonitor,488476
18,9,2,s_cnn,14632
18,9,3,s_cnn,14632
18,9,4,s_cnn,14632
18,9,5,s_cnn,14632
18,9,6,s_cnn,14632
18,9,7,s_cnn,14632
18,9,8,s_cnn,14632
18,9,9,s_cnn,14632
18,9,10,s_cnn,14632
18,9,11,s_cnn,14632
18,9,12,s_cnn,14632
18,9,13,s_cnn,14632
18,9,14,s_cnn,14632
18,9,15,s_cnn,14632
18,9,16,s_cnn,14632
18,9,17,s_cnn,14632
19,9,1,SYSTEM:ExtraMonitor,488476
19,9,2,s_cnn,14632
19,9,3,s_cnn,14632
19,9,4,s_cnn,14632
19,9,5,s_cnn,14632
19,9,6,s_cnn,14632
19,9,7,s_cnn,14632
19,9,8,s_cnn,14632
19,9,9,s_cnn,14632
19,9,10,s_cnn,14632
19,9,11,s_cnn,14632
19,9,12,s_cnn,14632
19,9,13,s_cnn,14632
19,9,14,s_cnn,14632
19,9,15,s_cnn,14632
19,9,16,s_cnn,14632
20,9,1,SYSTEM:ExtraMonitor,488476
20,9,2,s_cnn,14632
20,9,3,s_cnn,14632
20,9,4,s_cnn,14632
20,9,5,s_cnn,14632
20,9,6,s_cnn,14632
20,9,7,s_cnn,14632
20,9,8,s_cnn,14632
20,9,9,s_cnn,14632
20,9,10,s_cnn,14632
20,9,11,s_cnn,14632
20,9,12,s_cnn,14632
20,9,13,s_cnn,14632
20,9,14,s_cnn,14632
20,9,15,s_cnn,14632
20,9,16,s_cnn,14632
20,9,17,s_cnn,14632
21,9,1,SYSTEM:ExtraMonitor,488476
21,9,2,f_cnn,14632
21,9,3,f_cnn,14632
21,9,4,f_cnn,14632
21,9,5,f_cnn,14632
21,9,6,f_cnn,14632
21,9,7,f_cnn,14632
21,9,8,f_cnn,14632
21,9,9,f_cnn,14632
21,9,10,f_cnn,14632
21,9,11,f_cnn,14632
21,9,12,f_cnn,14632
21,9,13,f_cnn,14632
21,9,14,f_cnn,14632
21,9,15,f_cnn,14632
21,9,16,f_cnn,14632
21,9,17,f_cnn,14632
22,9,1,SYSTEM:ExtraMonitor,488476
22,9,2,f_cnn,14632
22,9,3,f_cnn,14632
22,9,4,f_cnn,14632
22,9,5,f_cnn,14632
22,9,6,f_cnn,14632
22,9,7,f_cnn,14632
22,9,8,f_cnn,14632
22,9,9,f_cnn,14632
22,9,10,f_cnn,14632
22,9,11,f_cnn,14632
22,9,12,f_cnn,14632
22,9,13,f_cnn,14632
22,9,14,f_cnn,14632
22,9,15,f_cnn,14632
22,9,16,f_cnn,14632
23,9,1,SYSTEM:ExtraMonitor,488476
23,9,2,f_cnn,14632
23,9,3,f_cnn,14632
23,9,4,f_cnn,14632
23,9,5,f_cnn,14632
23,9,6,f_cnn,14632
23,9,7,f_cnn,14632
23,9,8,f_cnn,14632
23,9,9,f_cnn,14632
23,9,10,f_cnn,14632
23,9,11,f_cnn,14632
23,9,12,f_cnn,14632
23,9,13,f_cnn,14632
23,9,14,f_cnn,14632
23,9,15,f_cnn,14632
23,9,16,f_cnn,14632
23,9,17,f_cnn,14632
0,10,1,SYSTEM:ExtraMonitor,488476
0,10,2,f_cnn,14632
0,10,3,f_cnn,14632
0,10,4,f_cnn,14632
0,10,5,f_cnn,14632
0,10,6,f_cnn,14632
0,10,7,f_cnn,14632
0,10,8,f_cnn,14632
0,10,9,f_cnn,14632
0,10,10,f_cnn,14632
0,10,11,f_cnn,14632
0,10,12,f_cnn,14632
0,10,13,f_cnn,14632
0,10,14,f_cnn,14632
0,10,15,f_cnn,14632
0,10,16,f_cnn,14632
0,10,17,f_cnn,14632
1,10,1,SYSTEM:ExtraMonitor,488476
1,10,2,f_cnn,14632
1,10,3,f_cnn,14632
1,10,4,f_cnn,14632
1,10,5,f_cnn,14632
1,10,6,f_cnn,14632
1,10,7,f_cnn,14632
1,10,8,f_cnn,14632
1,10,9,f_cnn,14632
1,10,10,f_cnn,14632
1,10,11,f_cnn,14632
1,10,12,f_cnn,14632
1,10,13,f_cnn,14632
1,10,14,f_cnn,14632
1,10,15,f_cnn,14632
1,10,16,f_cnn,14632
1,10,17,f_cnn,14632
2,10,1,SYSTEM:ExtraMonitor,488476
2,10,2,f_cnn,14632
2,10,3,f_cnn,14632
2,10,4,f_cnn,14632
2,10,5,f_cnn,14632
2,10,6,f_cnn,14632
2,10,7,f_cnn,14632
2,10,8,f_cnn,14632
2,10,9,f_cnn,14632
2,10,10,f_cnn,14632
2,10,11,f_cnn,14632
2,10,12,f_cnn,14632
2,10,13,f_cnn,14632
2,10,14,f_cnn,14632
2,10,15,f_cnn,14632
2,10,16,f_cnn,14632
2,10,17,f_cnn,14632
3,10,1,SYSTEM:ExtraMonitor,488476
3,10,2,f_cnn,14632
3,10,3,f_cnn,14632
3,10,4,f_cnn,14632
3,10,5,f_cnn,14632
3,10,6,f_cnn,14632
3,10,7,f_cnn,14632
3,10,8,f_cnn,14632
3,10,9,f_cnn,14632
3,10,10,f_cnn,14632
3,10,11,f_cnn,14632
3,10,12,f_cnn,14632
3,10,13,f_cnn,14632
3,10,14,f_cnn,14632
3,10,15,f_cnn,14632
3,10,16,f_cnn,14632
3,10,17,f_cnn,14632
4,10,1,SYSTEM:ExtraMonitor,488476
4,10,2,m_cnn,14632
4,10,3,m_cnn,14632
4,10,4,m_cnn,14632
4,10,5,m_cnn,14632
4,10,6,m_cnn,14632
4,10,7,m_cnn,14632
4,10,8,m_cnn,14632
4,10,9,m_cnn,14632
4,10,10,m_cnn,14632
4,10,11,m_cnn,14632
4,10,12,m_cnn,14632
4,10,13,m_cnn,14632
4,10,14,m_cnn,14632
4,10,15,m_cnn,14632
4,10,16,m_cnn,14632
4,10,17,m_cnn,14632
5,10,1,SYSTEM:ExtraMonitor,488476
5,10,2,m_cnn,14632
5,10,3,m_cnn,14632
5,10,4,m_cnn,14632
5,10,5,m_cnn,14632
5,10,6,m_cnn,14632
5,10,7,m_cnn,14632
5,10,8,m_cnn,14632
5,10,9,m_cnn,14632
5,10,10,m_cnn,14632
5,10,11,m_cnn,14632
5,10,12,m_cnn,14632
5,10,13,m_cnn,14632
5,10,14,m_cnn,14632
5,10,15,m_cnn,14632
5,10,16,m_cnn,14632
5,10,17,m_cnn,14632
6,10,1,SYSTEM:ExtraMonitor,488476
6,10,2,m_cnn,14632
6,10,3,m_cnn,14632
6,10,4,m_cnn,14632
6,10,5,m_cnn,14632
6,10,6,m_cnn,14632
6,10,7,m_cnn,14632
6,10,8,m_cnn,14632
6,10,9,m_cnn,14632
6,10,10,m_cnn,14632
6,10,11,m_cnn,14632
6,10,12,m_cnn,14632
6,10,13,m_cnn,14632
6,10,14,m_cnn,14632
6,10,15,m_cnn,14632
6,10,16,m_cnn,14632
6,10,17,m_cnn,14632
7,10,1,SYSTEM:ExtraMonitor,488476
7,10,2,m_cnn,14632
7,10,3,m_cnn,14632
7,10,4,m_cnn,14632
7,10,5,m_cnn,14632
7,10,6,m_cnn,14632
7,10,7,m_cnn,14632
7,10,8,m_cnn,14632
7,10,9,m_cnn,14632
7,10,10,m_cnn,14632
7,10,11,m_cnn,14632
7,10,12,m_cnn,14632
7,10,13,m_cnn,14632
7,10,14,m_cnn,14632
7,10,15,m_cnn,14632
7,10,16,m_cnn,14632
7,10,17,m_cnn,14632
8,10,1,SYSTEM:ExtraMonitor,488476
8,10,2,m_cnn,14632
8,10,3,m_cnn,14632
8,10,4,m_cnn,14632
8,10,5,m_cnn,14632
8,10,6,m_cnn,14632
8,10,7,m_cnn,14632
8,10,8,m_cnn,14632
8,10,9,m_cnn,14632
8,10,10,m_cnn,14632
8,10,11,m_cnn,14632
8,10,12,m_cnn,14632
8,10,13,m_cnn,14632
8,10,14,m_cnn,14632
8,10,15,m_cnn,14632
8,10,16,m_cnn,14632
8,10,17,m_cnn,14632
9,10,1,SYSTEM:ExtraMonitor,488476
9,10,2,m_cnn,14632
9,10,3,m_cnn,14632
9,10,4,m_cnn,14632
9,10,5,m_cnn,14632
9,10,6,m_cnn,14632
9,10,7,m_cnn,14632
9,10,8,m_cnn,14632
9,10,9,m_cnn,14632
9,10,10,m_cnn,14632
9,10,11,m_cnn,14632
9,10,12,m_cnn,14632
9,10,13,m_cnn,14632
9,10,14,m_cnn,14632
9,10,15,m_cnn,14632
9,10,16,m_cnn,14632
9,10,17,m_cnn,14632
10,10,1,SYSTEM:ExtraMonitor,488476
10,10,2,m_cnn,14632
10,10,3,m_cnn,14632
10,10,4,m_cnn,14632
10,10,5,m_cnn,14632
10,10,6,m_cnn,14632
10,10,7,m_cnn,14632
10,10,8,m_cnn,14632
10,10,9,m_cnn,14632
10,10,10,m_cnn,14632
10,10,11,m_cnn,14632
10,10,12,m_cnn,14632
10,10,13,m_cnn,14632
10,10,14,m_cnn,14632
10,10,15,m_cnn,14632
10,10,16,m_cnn,14632
10,10,17,m_cnn,14632
11,10,1,SYSTEM:ExtraMonitor,488476
11,10,2,m_cnn,14632
11,10,3,m_cnn,14632
11,10,4,m_cnn,14632
11,10,5,m_cnn,14632
11,10,6,m_cnn,14632
11,10,7,m_cnn,14632
11,10,8,m_cnn,14632
11,10,9,m_cnn,14632
11,10,10,m_cnn,14632
11,10,11,m_cnn,14632
11,10,12,m_cnn,14632
11,10,13,m_cnn,14632
11,10,14,m_cnn,14632
11,10,15,m_cnn,14632
11,10,16,m_cnn,14632
11,10,17,m_cnn,14632
12,10,1,SYSTEM:ExtraMonitor,488476
12,10,2,m_cnn,14632
12,10,3,m_cnn,14632
12,10,4,m_cnn,14632
12,10,5,m_cnn,14632
12,10,6,m_cnn,14632
12,10,7,m_cnn,14632
12,10,8,m_cnn,14632
12,10,9,m_cnn,14632
12,10,10,m_cnn,14632
12,10,11,m_cnn,14632
12,10,12,m_cnn,14632
12,10,13,m_cnn,14632
12,10,14,m_cnn,14632
12,10,15,m_cnn,14632
12,10,16,m_cnn,14632
12,10,17,m_cnn,14632
13,10,1,SYSTEM:ExtraMonitor,488476
13,10,2,m_cnn,14632
13,10,3,m_cnn,14632
13,10,4,m_cnn,14632
13,10,5,m_cnn,14632
13,10,6,m_cnn,14632
13,10,7,m_cnn,14632
13,10,8,m_cnn,14632
13,10,9,m_cnn,14632
13,10,10,m_cnn,14632
13,10,11,m_cnn,14632
13,10,12,m_cnn,14632
13,10,13,m_cnn,14632
13,10,14,m_cnn,14632
13,10,15,m_cnn,14632
13,10,16,m_cnn,14632
13,10,17,m_cnn,14632
14,10,1,SYSTEM:ExtraMonitor,488476
14,10,2,m_cnn,14632
14,10,3,m_cnn,14632
14,10,4,m_cnn,14632
14,10,5,m_cnn,14632
14,10,6,m_cnn,14632
14,10,7,m_cnn,14632
14,10,8,m_cnn,14632
14,10,9,m_cnn,14632
14,10,10,m_cnn,14632
14,10,11,m_cnn,14632
14,10,12,m_cnn,14632
14,10,13,m_cnn,14632
14,10,14,m_cnn,14632
14,10,15,m_cnn,14632
14,10,16,m_cnn,14632
14,10,17,m_cnn,14632
15,10,1,SYSTEM:ExtraMonitor,488476
15,10,2,m_cnn,14632
15,10,3,m_cnn,14632
15,10,4,m_cnn,14632
15,10,5,m_cnn,14632
15,10,6,m_cnn,14632
15,10,7,m_cnn,14632
15,10,8,m_cnn,14632
15,10,9,m_cnn,14632
15,10,10,m_cnn,14632
15,10,11,m_cnn,14632
15,10,12,m_cnn,14632
15,10,13,m_cnn,14632
15,10,14,m_cnn,14632
15,10,15,m_cnn,14632
15,10,16,m_cnn,14632
15,10,17,m_cnn,14632
16,10,1,SYSTEM:ExtraMonitor,488476
16,10,2,s_cnn,14632
16,10,3,s_cnn,14632
16,10,4,s_cnn,14632
16,10,5,s_cnn,14632
16,10,6,s_cnn,14632
16,10,7,s_cnn,14632
16,10,8,s_cnn,14632
16,10,9,s_cnn,14632
16,10,10,s_cnn,14632
16,10,11,s_cnn,14632
16,10,12,s_cnn,14632
16,10,13,s_cnn,14632
16,10,14,s_cnn,14632
16,10,15,s_cnn,14632
16,10,16,s_cnn,14632
16,10,17,s_cnn,14632
17,10,1,SYSTEM:ExtraMonitor,488476
17,10,2,s_cnn,14632
17,10,3,s_cnn,14632
17,10,4,s_cnn,14632
17,10,5,s_cnn,14632
17,10,6,s_cnn,14632
17,10,7,s_cnn,14632
17,10,8,s_cnn,14632
17,10,9,s_cnn,14632
17,10,10,s_cnn,14632
17,10,11,s_cnn,14632
17,10,12,s_cnn,14632
17,10,13,s_cnn,14632
17,10,14,s_cnn,14632
17,10,15,s_cnn,14632
17,10,16,s_cnn,14632
17,10,17,s_cnn,14632
18,10,1,SYSTEM:ExtraMonitor,488476
18,10,2,s_cnn,14632
18,10,3,s_cnn,14632
18,10,4,s_cnn,14632
18,10,5,s_cnn,14632
18,10,6,s_cnn,14632
18,10,7,s_cnn,14632
18,10,8,s_cnn,14632
18,10,9,s_cnn,14632
18,10,10,s_cnn,14632
18,10,11,s_cnn,14632
18,10,12,s_cnn,14632
18,10,13,s_cnn,14632
18,10,14,s_cnn,14632
18,10,15,s_cnn,14632
18,10,16,s_cnn,14632
18,10,17,s_cnn,14632
19,10,1,SYSTEM:ExtraMonitor,488476
19,10,2,s_cnn,14632
19,10,3,s_cnn,14632
19,10,4,s_cnn,14632
19,10,5,s_cnn,14632
19,10,6,s_cnn,14632
19,10,7,s_cnn,14632
19,10,8,s_cnn,14632
19,10,9,s_cnn,14632
19,10,10,s_cnn,14632
19,10,11,s_cnn,14632
19,10,12,s_cnn,14632
19,10,13,s_cnn,14632
19,10,14,s_cnn,14632
19,10,15,s_cnn,14632
19,10,16,s_cnn,14632
19,10,17,s_cnn,14632
20,10,1,SYSTEM:ExtraMonitor,488476
20,10,2,s_cnn,14632
20,10,3,s_cnn,14632
20,10,4,s_cnn,14632
20,10,5,s_cnn,14632
20,10,6,s_cnn,14632
20,10,7,s_cnn,14632
20,10,8,s_cnn,14632
20,10,9,s_cnn,14632
20,10,10,s_cnn,14632
20,10,11,s_cnn,14632
20,10,12,s_cnn,14632
20,10,13,s_cnn,14632
20,10,14,s_cnn,14632
20,10,15,s_cnn,14632
20,10,16,s_cnn,14632
20,10,17,s_cnn,14632
21,10,1,SYSTEM:ExtraMonitor,488476
21,10,2,s_cnn,14632
21,10,3,s_cnn,14632
21,10,4,s_cnn,14632
21,10,5,s_cnn,14632
21,10,6,s_cnn,14632
21,10,7,s_cnn,14632
21,10,8,s_cnn,14632
21,10,9,s_cnn,14632
21,10,10,s_cnn,14632
21,10,11,s_cnn,14632
21,10,12,s_cnn,14632
21,10,13,s_cnn,14632
21,10,14,s_cnn,14632
21,10,15,s_cnn,14632
21,10,16,s_cnn,14632
21,10,17,s_cnn,14632
22,10,1,SYSTEM:ExtraMonitor,488476
22,10,2,f_cnn,14632
22,10,3,f_cnn,14632
22,10,4,f_cnn,14632
22,10,5,f_cnn,14632
22,10,6,f_cnn,14632
22,10,7,f_cnn,14632
22,10,8,f_cnn,14632
22,10,9,f_cnn,14632
22,10,10,f_cnn,14632
22,10,11,f_cnn,14632
22,10,12,f_cnn,14632
22,10,13,f_cnn,14632
22,10,14,f_cnn,14632
22,10,15,f_cnn,14632
22,10,16,f_cnn,14632
22,10,17,f_cnn,14632
23,10,1,SYSTEM:ExtraMonitor,488476
23,10,2,f_cnn,14632
23,10,3,f_cnn,14632
23,10,4,f_cnn,14632
23,10,5,f_cnn,14632
23,10,6,f_cnn,14632
23,10,7,f_cnn,14632
23,10,8,f_cnn,14632
23,10,9,f_cnn,14632
23,10,10,f_cnn,14632
23,10,11,f_cnn,14632
23,10,12,f_cnn,14632
23,10,13,f_cnn,14632
23,10,14,f_cnn,14632
23,10,15,f_cnn,14632
23,10,16,f_cnn,14632
23,10,17,f_cnn,14632
0,11,1,SYSTEM:ExtraMonitor,488476
0,11,2,f_cnn,14632
0,11,3,f_cnn,14632
0,11,4,f_cnn,14632
0,11,5,f_cnn,14632
0,11,6,f_cnn,14632
0,11,7,f_cnn,14632
0,11,8,f_cnn,14632
0,11,9,f_cnn,14632
0,11,10,f_cnn,14632
0,11,11,f_cnn,14632
0,11,12,f_cnn,14632
0,11,13,f_cnn,14632
0,11,14,f_cnn,14632
0,11,15,f_cnn,14632
0,11,16,f_cnn,14632
0,11,17,f_cnn,14632
1,11,1,SYSTEM:ExtraMonitor,488476
1,11,2,f_cnn,14632
1,11,3,f_cnn,14632
1,11,4,f_cnn,14632
1,11,5,f_cnn,14632
1,11,6,f_cnn,14632
1,11,7,f_cnn,14632
1,11,8,f_cnn,14632
1,11,9,f_cnn,14632
1,11,10,f_cnn,14632
1,11,11,f_cnn,14632
1,11,12,f_cnn,14632
1,11,13,f_cnn,14632
1,11,14,f_cnn,14632
1,11,15,f_cnn,14632
1,11,16,f_cnn,14632
1,11,17,f_cnn,14632
2,11,1,SYSTEM:ExtraMonitor,488476
2,11,2,f_cnn,14632
2,11,3,f_cnn,14632
2,11,4,f_cnn,14632
2,11,5,f_cnn,14632
2,11,6,f_cnn,14632
2,11,7,f_cnn,14632
2,11,8,f_cnn,14632
2,11,9,f_cnn,14632
2,11,10,f_cnn,14632
2,11,11,f_cnn,14632
2,11,12,f_cnn,14632
2,11,13,f_cnn,14632
2,11,14,f_cnn,14632
2,11,15,f_cnn,14632
2,11,16,f_cnn,14632
2,11,17,f_cnn,14632
3,11,1,SYSTEM:ExtraMonitor,488476
3,11,2,f_cnn,14632
3,11,3,f_cnn,14632
3,11,4,f_cnn,14632
3,11,5,f_cnn,14632
3,11,6,f_cnn,14632
3,11,7,f_cnn,14632
3,11,8,f_cnn,14632
3,11,9,f_cnn,14632
3,11,10,f_cnn,14632
3,11,11,f_cnn,14632
3,11,12,f_cnn,14632
3,11,13,f_cnn,14632
3,11,14,f_cnn,14632
3,11,15,f_cnn,14632
3,11,16,f_cnn,14632
3,11,17,f_cnn,14632
4,11,1,SYSTEM:ExtraMonitor,488476
4,11,2,m_cnn,14632
4,11,3,m_cnn,14632
4,11,4,m_cnn,14632
4,11,5,m_cnn,14632
4,11,6,m_cnn,14632
4,11,7,m_cnn,14632
4,11,8,m_cnn,14632
4,11,9,m_cnn,14632
4,11,10,m_cnn,14632
4,11,11,m_cnn,14632
4,11,12,m_cnn,14632
4,11,13,m_cnn,14632
4,11,14,m_cnn,14632
4,11,15,m_cnn,14632
4,11,16,m_cnn,14632
4,11,17,m_cnn,14632
5,11,1,SYSTEM:ExtraMonitor,488476
5,11,2,m_cnn,14632
5,11,3,m_cnn,14632
5,11,4,m_cnn,14632
5,11,5,m_cnn,14632
5,11,6,m_cnn,14632
5,11,7,m_cnn,14632
5,11,8,m_cnn,14632
5,11,9,m_cnn,14632
5,11,10,m_cnn,14632
5,11,11,m_cnn,14632
5,11,12,m_cnn,14632
5,11,13,m_cnn,14632
5,11,14,m_cnn,14632
5,11,15,m_cnn,14632
5,11,16,m_cnn,14632
6,11,1,SYSTEM:ExtraMonitor,488476
6,11,2,m_cnn,14632
6,11,3,m_cnn,14632
6,11,4,m_cnn,14632
6,11,5,m_cnn,14632
6,11,6,m_cnn,14632
6,11,7,m_cnn,14632
6,11,8,m_cnn,14632
6,11,9,m_cnn,14632
6,11,10,m_cnn,14632
6,11,11,m_cnn,14632
6,11,12,m_cnn,14632
6,11,13,m_cnn,14632
6,11,14,m_cnn,14632
6,11,15,m_cnn,14632
6,11,16,m_cnn,14632
6,11,17,m_cnn,14632
7,11,1,SYSTEM:ExtraMonitor,488476
7,11,2,m_cnn,14632
7,11,3,m_cnn,14632
7,11,4,m_cnn,14632
7,11,5,m_cnn,14632
7,11,6,m_cnn,14632
7,11,7,m_cnn,14632
7,11,8,m_cnn,14632
7,11,9,m_cnn,14632
7,11,10,m_cnn,14632
7,11,11,m_cnn,14632
7,11,12,m_cnn,14632
7,11,13,m_cnn,14632
7,11,14,m_cnn,14632
7,11,15,m_cnn,14632
7,11,16,m_cnn,14632
8,11,1,SYSTEM:ExtraMonitor,488476
8,11,2,m_cnn,14632
8,11,3,m_cnn,14632
8,11,4,m_cnn,14632
8,11,5,m_cnn,14632
8,11,6,m_cnn,14632
8,11,7,m_cnn,14632
8,11,8,m_cnn,14632
8,11,9,m_cnn,14632
8,11,10,m_cnn,14632
8,11,11,m_cnn,14632
8,11,12,m_cnn,14632
8,11,13,m_cnn,14632
8,11,14,m_cnn,14632
8,11,15,m_cnn,14632
8,11,16,m_cnn,14632
8,11,17,m_cnn,14632
9,11,1,SYSTEM:ExtraMonitor,488476
9,11,2,m_cnn,14632
9,11,3,m_cnn,14632
9,11,4,m_cnn,14632
9,11,5,m_cnn,14632
9,11,6,m_cnn,14632
9,11,7,m_cnn,14632
9,11,8,m_cnn,14632
9,11,9,m_cnn,14632
9,11,10,m_cnn,14632
9,11,11,m_cnn,14632
9,11,12,m_cnn,14632
9,11,13,m_cnn,14632
9,11,14,m_cnn,14632
9,11,15,m_cnn,14632
9,11,16,m_cnn,14632
10,11,1,SYSTEM:ExtraMonitor,488476
10,11,2,m_cnn,14632
10,11,3,m_cnn,14632
10,11,4,m_cnn,14632
10,11,5,m_cnn,14632
10,11,6,m_cnn,14632
10,11,7,m_cnn,14632
10,11,8,m_cnn,14632
10,11,9,m_cnn,14632
10,11,10,m_cnn,14632
10,11,11,m_cnn,14632
10,11,12,m_cnn,14632
10,11,13,m_cnn,14632
10,11,14,m_cnn,14632
10,11,15,m_cnn,14632
10,11,16,m_cnn,14632
10,11,17,m_cnn,14632
11,11,1,SYSTEM:ExtraMonitor,488476
11,11,2,m_cnn,14632
11,11,3,m_cnn,14632
11,11,4,m_cnn,14632
11,11,5,m_cnn,14632
11,11,6,m_cnn,14632
11,11,7,m_cnn,14632
11,11,8,m_cnn,14632
11,11,9,m_cnn,14632
11,11,10,m_cnn,14632
11,11,11,m_cnn,14632
11,11,12,m_cnn,14632
11,11,13,m_cnn,14632
11,11,14,m_cnn,14632
11,11,15,m_cnn,14632
11,11,16,m_cnn,14632
11,11,17,m_cnn,14632
12,11,1,SYSTEM:ExtraMonitor,488476
12,11,2,m_cnn,14632
12,11,3,m_cnn,14632
12,11,4,m_cnn,14632
12,11,5,m_cnn,14632
12,11,6,m_cnn,14632
12,11,7,m_cnn,14632
12,11,8,m_cnn,14632
12,11,9,m_cnn,14632
12,11,10,m_cnn,14632
12,11,11,m_cnn,14632
12,11,12,m_cnn,14632
12,11,13,m_cnn,14632
12,11,14,m_cnn,14632
12,11,15,m_cnn,14632
12,11,16,m_cnn,14632
12,11,17,m_cnn,14632
13,11,1,SYSTEM:ExtraMonitor,488476
13,11,2,m_cnn,14632
13,11,3,m_cnn,14632
13,11,4,m_cnn,14632
13,11,5,m_cnn,14632
13,11,6,m_cnn,14632
13,11,7,m_cnn,14632
13,11,8,m_cnn,14632
13,11,9,m_cnn,14632
13,11,10,m_cnn,14632
13,11,11,m_cnn,14632
13,11,12,m_cnn,14632
13,11,13,m_cnn,14632
13,11,14,m_cnn,14632
13,11,15,m_cnn,14632
13,11,16,m_cnn,14632
13,11,17,m_cnn,14632
14,11,1,SYSTEM:ExtraMonitor,488476
14,11,2,m_cnn,14632
14,11,3,m_cnn,14632
14,11,4,m_cnn,14632
14,11,5,m_cnn,14632
14,11,6,m_cnn,14632
14,11,7,m_cnn,14632
14,11,8,m_cnn,14632
14,11,9,m_cnn,14632
14,11,10,m_cnn,14632
14,11,11,m_cnn,14632
14,11,12,m_cnn,14632
14,11,13,m_cnn,14632
14,11,14,m_cnn,14632
14,11,15,m_cnn,14632
14,11,16,m_cnn,14632
14,11,17,m_cnn,14632
15,11,1,SYSTEM:ExtraMonitor,488476
15,11,2,m_cnn,14632
15,11,3,m_cnn,14632
15,11,4,m_cnn,14632
15,11,5,m_cnn,14632
15,11,6,m_cnn,14632
15,11,7,m_cnn,14632
15,11,8,m_cnn,14632
15,11,9,m_cnn,14632
15,11,10,m_cnn,14632
15,11,11,m_cnn,14632
15,11,12,m_cnn,14632
15,11,13,m_cnn,14632
15,11,14,m_cnn,14632
15,11,15,m_cnn,14632
15,11,16,m_cnn,14632
15,11,17,m_cnn,14632
16,11,1,SYSTEM:ExtraMonitor,488476
16,11,2,m_cnn,14632
16,11,3,s_cnn,14632
16,11,4,s_cnn,14632
16,11,5,s_cnn,14632
16,11,6,s_cnn,14632
16,11,7,s_cnn,14632
16,11,8,s_cnn,14632
16,11,9,s_cnn,14632
16,11,10,s_cnn,14632
16,11,11,s_cnn,14632
16,11,12,s_cnn,14632
16,11,13,s_cnn,14632
16,11,14,s_cnn,14632
16,11,15,s_cnn,14632
16,11,16,s_cnn,14632
16,11,17,s_cnn,14632
17,11,1,SYSTEM:ExtraMonitor,488476
17,11,2,s_cnn,14632
17,11,3,s_cnn,14632
17,11,4,s_cnn,14632
17,11,5,s_cnn,14632
17,11,6,s_cnn,14632
17,11,7,s_cnn,14632
17,11,8,s_cnn,14632
17,11,9,s_cnn,14632
17,11,10,s_cnn,14632
17,11,11,s_cnn,14632
17,11,12,s_cnn,14632
17,11,13,s_cnn,14632
17,11,14,s_cnn,14632
17,11,15,s_cnn,14632
17,11,16,s_cnn,14632
18,11,1,SYSTEM:ExtraMonitor,488476
18,11,2,s_cnn,14632
18,11,3,s_cnn,14632
18,11,4,s_cnn,14632
18,11,5,s_cnn,14632
18,11,6,s_cnn,14632
18,11,7,s_cnn,14632
18,11,8,s_cnn,14632
18,11,9,s_cnn,14632
18,11,10,s_cnn,14632
18,11,11,s_cnn,14632
18,11,12,s_cnn,14632
18,11,13,s_cnn,14632
18,11,14,s_cnn,14632
18,11,15,s_cnn,14632
18,11,16,s_cnn,14632
18,11,17,s_cnn,14632
19,11,1,SYSTEM:ExtraMonitor,488476
19,11,2,s_cnn,14632
19,11,3,s_cnn,14632
19,11,4,s_cnn,14632
19,11,5,s_cnn,14632
19,11,6,s_cnn,14632
19,11,7,s_cnn,14632
19,11,8,s_cnn,14632
19,11,9,s_cnn,14632
19,11,10,s_cnn,14632
19,11,11,s_cnn,14632
19,11,12,s_cnn,14632
19,11,13,s_cnn,14632
19,11,14,s_cnn,14632
19,11,15,s_cnn,14632
19,11,16,s_cnn,14632
20,11,1,SYSTEM:ExtraMonitor,488476
20,11,2,s_cnn,14632
20,11,3,s_cnn,14632
20,11,4,s_cnn,14632
20,11,5,s_cnn,14632
20,11,6,s_cnn,14632
20,11,7,s_cnn,14632
20,11,8,s_cnn,14632
20,11,9,s_cnn,14632
20,11,10,s_cnn,14632
20,11,11,s_cnn,14632
20,11,12,s_cnn,14632
20,11,13,s_cnn,14632
20,11,14,s_cnn,14632
20,11,15,s_cnn,14632
20,11,16,s_cnn,14632
20,11,17,s_cnn,14632
21,11,1,SYSTEM:ExtraMonitor,488476
21,11,2,s_cnn,14632
21,11,3,s_cnn,14632
21,11,4,s_cnn,14632
21,11,5,s_cnn,14632
21,11,6,s_cnn,14632
21,11,7,s_cnn,14632
21,11,8,s_cnn,14632
21,11,9,s_cnn,14632
21,11,10,s_cnn,14632
21,11,11,s_cnn,14632
21,11,12,s_cnn,14632
21,11,13,s_cnn,14632
21,11,14,s_cnn,14632
21,11,15,s_cnn,14632
21,11,16,s_cnn,14632
22,11,1,SYSTEM:ExtraMonitor,488476
22,11,2,s_cnn,14632
22,11,3,s_cnn,14632
22,11,4,s_cnn,14632
22,11,5,s_cnn,14632
22,11,6,s_cnn,14632
22,11,7,s_cnn,14632
22,11,8,s_cnn,14632
22,11,9,s_cnn,14632
22,11,10,s_cnn,14632
22,11,11,s_cnn,14632
22,11,12,s_cnn,14632
22,11,13,s_cnn,14632
22,11,14,s_cnn,14632
22,11,15,s_cnn,14632
22,11,16,s_cnn,14632
22,11,17,s_cnn,14632
23,11,1,SYSTEM:ExtraMonitor,488476
23,11,2,f_cnn,14632
23,11,3,f_cnn,14632
23,11,4,f_cnn,14632
23,11,5,f_cnn,14632
23,11,6,f_cnn,14632
23,11,7,f_cnn,14632
23,11,8,f_cnn,14632
23,11,9,f_cnn,14632
23,11,10,f_cnn,14632
23,11,11,f_cnn,14632
23,11,12,f_cnn,14632
23,11,13,f_cnn,14632
23,11,14,f_cnn,14632
23,11,15,f_cnn,14632
23,11,16,f_cnn,14632
23,11,17,f_cnn,14632
0,12,1,"SYSTEM:PacketGatherer(12,0)",477250
0,12,2,SYSTEM:ExtraMonitor,488476
0,12,3,m_cnn,14632
0,12,4,m_cnn,14632
0,12,5,m_cnn,14632
0,12,6,m_cnn,14632
0,12,7,m_cnn,14632
0,12,8,m_cnn,14632
0,12,9,m_cnn,14632
0,12,10,m_cnn,14632
0,12,11,m_cnn,14632
0,12,12,m_cnn,14632
0,12,13,m_cnn,14632
0,12,14,m_cnn,14632
0,12,15,m_cnn,14632
0,12,16,m_cnn,14632
0,12,17,m_cnn,14632
1,12,1,SYSTEM:ExtraMonitor,488476
1,12,2,m_cnn,14632
1,12,3,m_cnn,14632
1,12,4,m_cnn,14632
1,12,5,m_cnn,14632
1,12,6,m_cnn,14632
1,12,7,m_cnn,14632
1,12,8,m_cnn,14632
1,12,9,m_cnn,14632
1,12,10,m_cnn,14632
1,12,11,m_cnn,14632
1,12,12,m_cnn,14632
1,12,13,m_cnn,14632
1,12,14,m_cnn,14632
1,12,15,m_cnn,14632
1,12,16,m_cnn,14632
1,12,17,m_cnn,14632
2,12,1,SYSTEM:ExtraMonitor,488476
2,12,2,m_cnn,14632
2,12,3,m_cnn,14632
2,12,4,m_cnn,14632
2,12,5,m_cnn,14632
2,12,6,m_cnn,14632
2,12,7,m_cnn,14632
2,12,8,m_cnn,14632
2,12,9,m_cnn,14632
2,12,10,m_cnn,14632
2,12,11,m_cnn,14632
2,12,12,m_cnn,14632
2,12,13,m_cnn,14632
2,12,14,m_cnn,14632
2,12,15,m_cnn,14632
2,12,16,m_cnn,14632
2,12,17,m_cnn,14632
3,12,1,SYSTEM:ExtraMonitor,488476
3,12,2,m_cnn,14632
3,12,3,m_cnn,14632
3,12,4,m_cnn,14632
3,12,5,m_cnn,14632
3,12,6,m_cnn,14632
3,12,7,m_cnn,14632
3,12,8,m_cnn,14632
3,12,9,m_cnn,14632
3,12,10,m_cnn,14632
3,12,11,m_cnn,14632
3,12,12,m_cnn,14632
3,12,13,m_cnn,14632
3,12,14,m_cnn,14632
3,12,15,m_cnn,14632
3,12,16,m_cnn,14632
3,12,17,m_cnn,14632
4,12,1,SYSTEM:ExtraMonitor,488476
4,12,2,m_cnn,14632
4,12,3,m_cnn,14632
4,12,4,m_cnn,14632
4,12,5,m_cnn,14632
4,12,6,m_cnn,14632
4,12,7,m_cnn,14632
4,12,8,m_cnn,14632
4,12,9,m_cnn,14632
4,12,10,m_cnn,14632
4,12,11,m_cnn,14632
4,12,12,m_cnn,14632
4,12,13,m_cnn,14632
4,12,14,m_cnn,14632
4,12,15,m_cnn,14632
4,12,16,m_cnn,14632
4,12,17,m_cnn,14632
5,12,1,SYSTEM:ExtraMonitor,488476
5,12,2,m_cnn,14632
5,12,3,m_cnn,14632
5,12,4,m_cnn,14632
5,12,5,m_cnn,14632
5,12,6,m_cnn,14632
5,12,7,m_cnn,14632
5,12,8,m_cnn,14632
5,12,9,m_cnn,14632
5,12,10,m_cnn,14632
5,12,11,m_cnn,14632
5,12,12,m_cnn,14632
5,12,13,m_cnn,14632
5,12,14,m_cnn,14632
5,12,15,m_cnn,14632
5,12,16,m_cnn,14632
5,12,17,m_cnn,14632
6,12,1,SYSTEM:ExtraMonitor,488476
6,12,2,m_cnn,14632
6,12,3,m_cnn,14632
6,12,4,m_cnn,14632
6,12,5,m_cnn,14632
6,12,6,m_cnn,14632
6,12,7,m_cnn,14632
6,12,8,m_cnn,14632
6,12,9,m_cnn,14632
6,12,10,m_cnn,14632
6,12,11,m_cnn,14632
6,12,12,m_cnn,14632
6,12,13,m_cnn,14632
6,12,14,m_cnn,14632
6,12,15,m_cnn,14632
6,12,16,m_cnn,14632
6,12,17,m_cnn,14632
7,12,1,SYSTEM:ExtraMonitor,488476
7,12,2,m_cnn,14632
7,12,3,m_cnn,14632
7,12,4,m_cnn,14632
7,12,5,m_cnn,14632
7,12,6,m_cnn,14632
7,12,7,m_cnn,14632
7,12,8,m_cnn,14632
7,12,9,m_cnn,14632
7,12,10,m_cnn,14632
7,12,11,m_cnn,14632
7,12,12,m_cnn,14632
7,12,13,m_cnn,14632
7,12,14,m_cnn,14632
7,12,15,m_cnn,14632
7,12,16,m_cnn,14632
7,12,17,m_cnn,14632
8,12,1,SYSTEM:ExtraMonitor,488476
8,12,2,m_cnn,14632
8,12,3,m_cnn,14632
8,12,4,m_cnn,14632
8,12,5,m_cnn,14632
8,12,6,m_cnn,14632
8,12,7,m_cnn,14632
8,12,8,m_cnn,14632
8,12,9,m_cnn,14632
8,12,10,m_cnn,14632
8,12,11,m_cnn,14632
8,12,12,m_cnn,14632
8,12,13,m_cnn,14632
8,12,14,m_cnn,14632
8,12,15,m_cnn,14632
8,12,16,m_cnn,14632
8,12,17,m_cnn,14632
9,12,1,SYSTEM:ExtraMonitor,488476
9,12,2,m_cnn,14632
9,12,3,m_cnn,14632
9,12,4,m_cnn,14632
9,12,5,m_cnn,14632
9,12,6,m_cnn,14632
9,12,7,m_cnn,14632
9,12,8,m_cnn,14632
9,12,9,m_cnn,14632
9,12,10,m_cnn,14632
9,12,11,m_cnn,14632
9,12,12,m_cnn,14632
9,12,13,m_cnn,14632
9,12,14,m_cnn,14632
9,12,15,m_cnn,14632
9,12,16,m_cnn,14632
9,12,17,m_cnn,14632
10,12,1,SYSTEM:ExtraMonitor,488476
10,12,2,m_cnn,14632
10,12,3,m_cnn,14632
10,12,4,m_cnn,14632
10,12,5,m_cnn,14632
10,12,6,m_cnn,14632
10,12,7,m_cnn,14632
10,12,8,m_cnn,14632
10,12,9,m_cnn,14632
10,12,10,m_cnn,14632
10,12,11,m_cnn,14632
10,12,12,m_cnn,14632
10,12,13,m_cnn,14632
10,12,14,m_cnn,14632
10,12,15,m_cnn,14632
10,12,16,m_cnn,14632
10,12,17,m_cnn,14632
11,12,1,SYSTEM:ExtraMonitor,488476
11,12,2,m_cnn,14632
11,12,3,m_cnn,14632
11,12,4,m_cnn,14632
11,12,5,m_cnn,14632
11,12,6,m_cnn,14632
11,12,7,m_cnn,14632
11,12,8,m_cnn,14632
11,12,9,m_cnn,14632
11,12,10,m_cnn,14632
11,12,11,m_cnn,14632
11,12,12,m_cnn,14632
11,12,13,m_cnn,14632
11,12,14,m_cnn,14632
11,12,15,m_cnn,14632
11,12,16,m_cnn,14632
11,12,17,m_cnn,14632
12,12,1,"SYSTEM:PacketGatherer(12,12)",477250
12,12,2,SYSTEM:ExtraMonitor,488476
12,12,3,m_cnn,14632
12,12,4,m_cnn,14632
12,12,5,m_cnn,14632
12,12,6,m_cnn,14632
12,12,7,m_cnn,14632
12,12,8,m_cnn,14632
12,12,9,m_cnn,14632
12,12,10,m_cnn,14632
12,12,11,m_cnn,14632
12,12,12,m_cnn,14632
12,12,13,m_cnn,14632
12,12,14,m_cnn,14632
12,12,15,m_cnn,14632
12,12,16,m_cnn,14632
12,12,17,m_cnn,14632
13,12,1,SYSTEM:ExtraMonitor,488476
13,12,2,m_cnn,14632
13,12,3,m_cnn,14632
13,12,4,m_cnn,14632
13,12,5,m_cnn,14632
13,12,6,m_cnn,14632
13,12,7,m_cnn,14632
13,12,8,m_cnn,14632
13,12,9,m_cnn,14632
13,12,10,m_cnn,14632
13,12,11,m_cnn,14632
13,12,12,m_cnn,14632
13,12,13,m_cnn,14632
13,12,14,m_cnn,14632
13,12,15,m_cnn,14632
13,12,16,m_cnn,14632
13,12,17,m_cnn,14632
14,12,1,SYSTEM:ExtraMonitor,488476
14,12,2,m_cnn,14632
14,12,3,m_cnn,14632
14,12,4,m_cnn,14632
14,12,5,m_cnn,14632
14,12,6,m_cnn,14632
14,12,7,m_cnn,14632
14,12,8,m_cnn,14632
14,12,9,m_cnn,14632
14,12,10,m_cnn,14632
14,12,11,m_cnn,14632
14,12,12,m_cnn,14632
14,12,13,m_cnn,14632
14,12,14,m_cnn,14632
14,12,15,m_cnn,14632
14,12,16,m_cnn,14632
14,12,17,m_cnn,14632
15,12,1,SYSTEM:ExtraMonitor,488476
15,12,2,m_cnn,14632
15,12,3,m_cnn,14632
15,12,4,m_cnn,14632
15,12,5,m_cnn,14632
15,12,6,m_cnn,14632
15,12,7,m_cnn,14632
15,12,8,m_cnn,14632
15,12,9,m_cnn,14632
15,12,10,m_cnn,14632
15,12,11,m_cnn,14632
15,12,12,m_cnn,14632
15,12,13,m_cnn,14632
15,12,14,m_cnn,14632
15,12,15,m_cnn,14632
15,12,16,m_cnn,14632
15,12,17,m_cnn,14632
16,12,1,SYSTEM:ExtraMonitor,488476
16,12,2,m_cnn,14632
16,12,3,m_cnn,14632
16,12,4,m_cnn,14632
16,12,5,m_cnn,14632
16,12,6,m_cnn,14632
16,12,7,m_cnn,14632
16,12,8,m_cnn,14632
16,12,9,m_cnn,14632
16,12,10,m_cnn,14632
16,12,11,m_cnn,14632
16,12,12,m_cnn,14632
16,12,13,m_cnn,14632
16,12,14,m_cnn,14632
16,12,15,m_cnn,14632
16,12,16,m_cnn,14632
16,12,17,m_cnn,14632
17,12,1,SYSTEM:ExtraMonitor,488476
17,12,2,s_cnn,14632
17,12,3,s_cnn,14632
17,12,4,s_cnn,14632
17,12,5,s_cnn,14632
17,12,6,s_cnn,14632
17,12,7,s_cnn,14632
17,12,8,s_cnn,14632
17,12,9,s_cnn,14632
17,12,10,s_cnn,14632
17,12,11,s_cnn,14632
17,12,12,s_cnn,14632
17,12,13,s_cnn,14632
17,12,14,s_cnn,14632
17,12,15,s_cnn,14632
17,12,16,s_cnn,14632
17,12,17,s_cnn,14632
18,12,1,SYSTEM:ExtraMonitor,488476
18,12,2,s_cnn,14632
18,12,3,s_cnn,14632
18,12,4,s_cnn,14632
18,12,5,s_cnn,14632
18,12,6,s_cnn,14632
18,12,7,s_cnn,14632
18,12,8,s_cnn,14632
18,12,9,s_cnn,14632
18,12,10,s_cnn,14632
18,12,11,s_cnn,14632
18,12,12,s_cnn,14632
18,12,13,s_cnn,14632
18,12,14,s_cnn,14632
18,12,15,s_cnn,14632
18,12,16,s_cnn,14632
18,12,17,s_cnn,14632
19,12,1,SYSTEM:ExtraMonitor,488476
19,12,2,s_cnn,14632
19,12,3,s_cnn,14632
19,12,4,s_cnn,14632
19,12,5,s_cnn,14632
19,12,6,s_cnn,14632
19,12,7,s_cnn,14632
19,12,8,s_cnn,14632
19,12,9,s_cnn,14632
19,12,10,s_cnn,14632
19,12,11,s_cnn,14632
19,12,12,s_cnn,14632
19,12,13,s_cnn,14632
19,12,14,s_cnn,14632
19,12,15,s_cnn,14632
19,12,16,s_cnn,14632
19,12,17,s_cnn,14632
20,12,1,SYSTEM:ExtraMonitor,488476
20,12,2,s_cnn,14632
20,12,3,s_cnn,14632
20,12,4,s_cnn,14632
20,12,5,s_cnn,14632
20,12,6,s_cnn,14632
20,12,7,s_cnn,14632
20,12,8,s_cnn,14632
20,12,9,s_cnn,14632
20,12,10,s_cnn,14632
20,12,11,s_cnn,14632
20,12,12,s_cnn,14632
20,12,13,s_cnn,14632
20,12,14,s_cnn,14632
20,12,15,s_cnn,14632
20,12,16,s_cnn,14632
20,12,17,s_cnn,14632
21,12,1,SYSTEM:ExtraMonitor,488476
21,12,2,s_cnn,14632
21,12,3,s_cnn,14632
21,12,4,s_cnn,14632
21,12,5,s_cnn,14632
21,12,6,s_cnn,14632
21,12,7,s_cnn,14632
21,12,8,s_cnn,14632
21,12,9,s_cnn,14632
21,12,10,s_cnn,14632
21,12,11,s_cnn,14632
21,12,12,s_cnn,14632
21,12,13,s_cnn,14632
21,12,14,s_cnn,14632
21,12,15,s_cnn,14632
21,12,16,s_cnn,14632
21,12,17,s_cnn,14632
22,12,1,SYSTEM:ExtraMonitor,488476
22,12,2,s_cnn,14632
22,12,3,s_cnn,14632
22,12,4,s_cnn,14632
22,12,5,s_cnn,14632
22,12,6,s_cnn,14632
22,12,7,s_cnn,14632
22,12,8,s_cnn,14632
22,12,9,s_cnn,14632
22,12,10,s_cnn,14632
22,12,11,s_cnn,14632
22,12,12,s_cnn,14632
22,12,13,s_cnn,14632
22,12,14,s_cnn,14632
22,12,15,s_cnn,14632
22,12,16,s_cnn,14632
22,12,17,s_cnn,14632
23,12,1,SYSTEM:ExtraMonitor,488476
23,12,2,s_cnn,14632
23,12,3,s_cnn,14632
23,12,4,s_cnn,14632
23,12,5,s_cnn,14632
23,12,6,s_cnn,14632
23,12,7,s_cnn,14632
23,12,8,s_cnn,14632
23,12,9,s_cnn,14632
23,12,10,s_cnn,14632
23,12,11,s_cnn,14632
23,12,12,s_cnn,14632
23,12,13,s_cnn,14632
23,12,14,s_cnn,14632
23,12,15,s_cnn,14632
23,12,16,s_cnn,14632
23,12,17,s_cnn,14632
0,13,1,SYSTEM:ExtraMonitor,488476
0,13,2,m_cnn,14632
0,13,3,m_cnn,14632
0,13,4,m_cnn,14632
0,13,5,m_cnn,14632
0,13,6,m_cnn,14632
0,13,7,m_cnn,14632
0,13,8,m_cnn,14632
0,13,9,m_cnn,14632
0,13,10,m_cnn,14632
0,13,11,m_cnn,14632
0,13,12,m_cnn,14632
0,13,13,m_cnn,14632
0,13,14,m_cnn,14632
0,13,15,m_cnn,14632
0,13,16,m_cnn,14632
0,13,17,m_cnn,14632
1,13,1,SYSTEM:ExtraMonitor,488476
1,13,2,m_cnn,14632
1,13,3,m_cnn,14632
1,13,4,m_cnn,14632
1,13,5,m_cnn,14632
1,13,6,m_cnn,14632
1,13,7,m_cnn,14632
1,13,8,m_cnn,14632
1,13,9,m_cnn,14632
1,13,10,m_cnn,14632
1,13,11,m_cnn,14632
1,13,12,m_cnn,14632
1,13,13,m_cnn,14632
1,13,14,m_cnn,14632
1,13,15,m_cnn,14632
1,13,16,m_cnn,14632
2,13,1,SYSTEM:ExtraMonitor,488476
2,13,2,m_cnn,14632
2,13,3,m_cnn,14632
2,13,4,m_cnn,14632
2,13,5,m_cnn,14632
2,13,6,m_cnn,14632
2,13,7,m_cnn,14632
2,13,8,m_cnn,14632
2,13,9,m_cnn,14632
2,13,10,m_cnn,14632
2,13,11,m_cnn,14632
2,13,12,m_cnn,14632
2,13,13,m_cnn,14632
2,13,14,m_cnn,14632
2,13,15,m_cnn,14632
2,13,16,m_cnn,14632
2,13,17,m_cnn,14632
3,13,1,SYSTEM:ExtraMonitor,488476
3,13,2,m_cnn,14632
3,13,3,m_cnn,14632
3,13,4,m_cnn,14632
3,13,5,m_cnn,14632
3,13,6,m_cnn,14632
3,13,7,m_cnn,14632
3,13,8,m_cnn,14632
3,13,9,m_cnn,14632
3,13,10,m_cnn,14632
3,13,11,m_cnn,14632
3,13,12,m_cnn,14632
3,13,13,m_cnn,14632
3,13,14,m_cnn,14632
3,13,15,m_cnn,14632
3,13,16,m_cnn,14632
4,13,1,SYSTEM:ExtraMonitor,488476
4,13,2,m_cnn,14632
4,13,3,m_cnn,14632
4,13,4,m_cnn,14632
4,13,5,m_cnn,14632
4,13,6,m_cnn,14632
4,13,7,m_cnn,14632
4,13,8,m_cnn,14632
4,13,9,m_cnn,14632
4,13,10,m_cnn,14632
4,13,11,m_cnn,14632
4,13,12,m_cnn,14632
4,13,13,m_cnn,14632
4,13,14,m_cnn,14632
4,13,15,m_cnn,14632
4,13,16,m_cnn,14632
4,13,17,m_cnn,14632
5,13,1,SYSTEM:ExtraMonitor,488476
5,13,2,m_cnn,14632
5,13,3,m_cnn,14632
5,13,4,m_cnn,14632
5,13,5,m_cnn,14632
5,13,6,m_cnn,14632
5,13,7,m_cnn,14632
5,13,8,m_cnn,14632
5,13,9,m_cnn,14632
5,13,10,m_cnn,14632
5,13,11,m_cnn,14632
5,13,12,m_cnn,14632
5,13,13,m_cnn,14632
5,13,14,m_cnn,14632
5,13,15,m_cnn,14632
5,13,16,m_cnn,14632
5,13,17,m_cnn,14632
6,13,1,SYSTEM:ExtraMonitor,488476
6,13,2,m_cnn,14632
6,13,3,m_cnn,14632
6,13,4,m_cnn,14632
6,13,5,m_cnn,14632
6,13,6,m_cnn,14632
6,13,7,m_cnn,14632
6,13,8,m_cnn,14632
6,13,9,m_cnn,14632
6,13,10,m_cnn,14632
6,13,11,m_cnn,14632
6,13,12,m_cnn,14632
6,13,13,m_cnn,14632
6,13,14,m_cnn,14632
6,13,15,m_cnn,14632
6,13,16,m_cnn,14632
7,13,1,SYSTEM:ExtraMonitor,488476
7,13,2,m_cnn,14632
7,13,3,m_cnn,14632
7,13,4,m_cnn,14632
7,13,5,m_cnn,14632
7,13,6,m_cnn,14632
7,13,7,m_cnn,14632
7,13,8,m_cnn,14632
7,13,9,m_cnn,14632
7,13,10,m_cnn,14632
7,13,11,m_cnn,14632
7,13,12,m_cnn,14632
7,13,13,m_cnn,14632
7,13,14,m_cnn,14632
7,13,15,m_cnn,14632
7,13,16,m_cnn,14632
7,13,17,m_cnn,14632
8,13,1,SYSTEM:ExtraMonitor,488476
8,13,2,m_cnn,14632
8,13,3,m_cnn,14632
8,13,4,m_cnn,14632
8,13,5,m_cnn,14632
8,13,6,m_cnn,14632
8,13,7,m_cnn,14632
8,13,8,m_cnn,14632
8,13,9,m_cnn,14632
8,13,10,m_cnn,14632
8,13,11,m_cnn,14632
8,13,12,m_cnn,14632
8,13,13,m_cnn,14632
8,13,14,m_cnn,14632
8,13,15,m_cnn,14632
8,13,16,m_cnn,14632
9,13,1,SYSTEM:ExtraMonitor,488476
9,13,2,m_cnn,14632
9,13,3,m_cnn,14632
9,13,4,m_cnn,14632
9,13,5,m_cnn,14632
9,13,6,m_cnn,14632
9,13,7,m_cnn,14632
9,13,8,m_cnn,14632
9,13,9,m_cnn,14632
9,13,10,m_cnn,14632
9,13,11,m_cnn,14632
9,13,12,m_cnn,14632
9,13,13,m_cnn,14632
9,13,14,m_cnn,14632
9,13,15,m_cnn,14632
9,13,16,m_cnn,14632
9,13,17,m_cnn,14632
10,13,1,SYSTEM:ExtraMonitor,488476
10,13,2,m_cnn,14632
10,13,3,m_cnn,14632
10,13,4,m_cnn,14632
10,13,5,m_cnn,14632
10,13,6,m_cnn,14632
10,13,7,m_cnn,14632
10,13,8,m_cnn,14632
10,13,9,m_cnn,14632
10,13,10,m_cnn,14632
10,13,11,m_cnn,14632
10,13,12,m_cnn,14632
10,13,13,m_cnn,14632
10,13,14,m_cnn,14632
10,13,15,m_cnn,14632
10,13,16,m_cnn,14632
11,13,1,SYSTEM:ExtraMonitor,488476
11,13,2,m_cnn,14632
11,13,3,m_cnn,14632
11,13,4,m_cnn,14632
11,13,5,m_cnn,14632
11,13,6,m_cnn,14632
11,13,7,m_cnn,14632
11,13,8,m_cnn,14632
11,13,9,m_cnn,14632
11,13,10,m_cnn,14632
11,13,11,m_cnn,14632
11,13,12,m_cnn,14632
11,13,13,m_cnn,14632
11,13,14,m_cnn,14632
11,13,15,m_cnn,14632
11,13,16,m_cnn,14632
11,13,17,m_cnn,14632
12,13,1,SYSTEM:ExtraMonitor,488476
12,13,2,m_cnn,14632
12,13,3,m_cnn,14632
12,13,4,m_cnn,14632
12,13,5,m_cnn,14632
12,13,6,m_cnn,14632
12,13,7,m_cnn,14632
12,13,8,m_cnn,14632
12,13,9,m_cnn,14632
12,13,10,m_cnn,14632
12,13,11,m_cnn,14632
12,13,12,m_cnn,14632
12,13,13,m_cnn,14632
12,13,14,m_cnn,14632
12,13,15,m_cnn,14632
12,13,16,m_cnn,14632
12,13,17,m_cnn,14632
13,13,1,SYSTEM:ExtraMonitor,488476
13,13,2,m_cnn,14632
13,13,3,m_cnn,14632
13,13,4,m_cnn,14632
13,13,5,m_cnn,14632
13,13,6,m_cnn,14632
13,13,7,m_cnn,14632
13,13,8,m_cnn,14632
13,13,9,m_cnn,14632
13,13,10,m_cnn,14632
13,13,11,m_cnn,14632
13,13,12,m_cnn,14632
13,13,13,m_cnn,14632
13,13,14,m_cnn,14632
13,13,15,m_cnn,14632
13,13,16,m_cnn,14632
14,13,1,SYSTEM:ExtraMonitor,488476
14,13,2,m_cnn,14632
14,13,3,m_cnn,14632
14,13,4,m_cnn,14632
14,13,5,m_cnn,14632
14,13,6,m_cnn,14632
14,13,7,m_cnn,14632
14,13,8,m_cnn,14632
14,13,9,m_cnn,14632
14,13,10,m_cnn,14632
14,13,11,m_cnn,14632
14,13,12,m_cnn,14632
14,13,13,m_cnn,14632
14,13,14,m_cnn,14632
14,13,15,m_cnn,14632
14,13,16,m_cnn,14632
15,13,1,SYSTEM:ExtraMonitor,488476
15,13,2,m_cnn,14632
15,13,3,m_cnn,14632
15,13,4,m_cnn,14632
15,13,5,m_cnn,14632
15,13,6,m_cnn,14632
15,13,7,m_cnn,14632
15,13,8,m_cnn,14632
15,13,9,m_cnn,14632
15,13,10,m_cnn,14632
15,13,11,m_cnn,14632
15,13,12,m_cnn,14632
15,13,13,m_cnn,14632
15,13,14,m_cnn,14632
15,13,15,m_cnn,14632
15,13,16,m_cnn,14632
16,13,1,SYSTEM:ExtraMonitor,488476
16,13,2,m_cnn,14632
16,13,3,m_cnn,14632
16,13,4,m_cnn,14632
16,13,5,m_cnn,14632
16,13,6,m_cnn,14632
16,13,7,m_cnn,14632
16,13,8,m_cnn,14632
16,13,9,m_cnn,14632
16,13,10,m_cnn,14632
16,13,11,m_cnn,14632
16,13,12,m_cnn,14632
16,13,13,m_cnn,14632
16,13,14,m_cnn,14632
16,13,15,m_cnn,14632
16,13,16,m_cnn,14632
16,13,17,m_cnn,14632
17,13,1,SYSTEM:ExtraMonitor,488476
17,13,2,s_cnn,14632
17,13,3,s_cnn,14632
17,13,4,s_cnn,14632
17,13,5,s_cnn,14632
17,13,6,s_cnn,14632
17,13,7,s_cnn,14632
17,13,8,s_cnn,14632
17,13,9,s_cnn,14632
17,13,10,s_cnn,14632
17,13,11,s_cnn,14632
17,13,12,s_cnn,14632
17,13,13,s_cnn,14632
17,13,14,s_cnn,14632
17,13,15,s_cnn,14632
17,13,16,s_cnn,14632
17,13,17,s_cnn,14632
18,13,1,SYSTEM:ExtraMonitor,488476
18,13,2,s_cnn,14632
18,13,3,s_cnn,14632
18,13,4,s_cnn,14632
18,13,5,s_cnn,14632
18,13,6,s_cnn,14632
18,13,7,s_cnn,14632
18,13,8,s_cnn,14632
18,13,9,s_cnn,14632
18,13,10,s_cnn,14632
18,13,11,s_cnn,14632
18,13,12,s_cnn,14632
18,13,13,s_cnn,14632
18,13,14,s_cnn,14632
18,13,15,s_cnn,14632
18,13,16,s_cnn,14632
19,13,1,SYSTEM:ExtraMonitor,488476
19,13,2,s_cnn,14632
19,13,3,s_cnn,14632
19,13,4,s_cnn,14632
19,13,5,s_cnn,14632
19,13,6,s_cnn,14632
19,13,7,s_cnn,14632
19,13,8,s_cnn,14632
19,13,9,s_cnn,14632
19,13,10,s_cnn,14632
19,13,11,s_cnn,14632
19,13,12,s_cnn,14632
19,13,13,s_cnn,14632
19,13,14,s_cnn,14632
19,13,15,s_cnn,14632
19,13,16,s_cnn,14632
19,13,17,s_cnn,14632
20,13,1,SYSTEM:ExtraMonitor,488476
20,13,2,s_cnn,14632
20,13,3,s_cnn,14632
20,13,4,s_cnn,14632
20,13,5,s_cnn,14632
20,13,6,s_cnn,14632
20,13,7,s_cnn,14632
20,13,8,s_cnn,14632
20,13,9,s_cnn,14632
20,13,10,s_cnn,14632
20,13,11,s_cnn,14632
20,13,12,s_cnn,14632
20,13,13,s_cnn,14632
20,13,14,s_cnn,14632
20,13,15,s_cnn,14632
20,13,16,s_cnn,14632
21,13,1,SYSTEM:ExtraMonitor,488476
21,13,2,s_cnn,14632
21,13,3,s_cnn,14632
21,13,4,s_cnn,14632
21,13,5,s_cnn,14632
21,13,6,s_cnn,14632
21,13,7,s_cnn,14632
21,13,8,s_cnn,14632
21,13,9,s_cnn,14632
21,13,10,s_cnn,14632
21,13,11,s_cnn,14632
21,13,12,s_cnn,14632
21,13,13,s_cnn,14632
21,13,14,s_cnn,14632
21,13,15,s_cnn,14632
21,13,16,s_cnn,14632
21,13,17,s_cnn,14632
22,13,1,SYSTEM:ExtraMonitor,488476
22,13,2,s_cnn,14632
22,13,3,s_cnn,14632
22,13,4,s_cnn,14632
22,13,5,s_cnn,14632
22,13,6,s_cnn,14632
22,13,7,s_cnn,14632
22,13,8,s_cnn,14632
22,13,9,s_cnn,14632
22,13,10,s_cnn,14632
22,13,11,s_cnn,14632
22,13,12,s_cnn,14632
22,13,13,s_cnn,14632
22,13,14,s_cnn,14632
22,13,15,s_cnn,14632
22,13,16,s_cnn,14632
23,13,1,SYSTEM:ExtraMonitor,488476
23,13,2,s_cnn,14632
23,13,3,s_cnn,14632
23,13,4,s_cnn,14632
23,13,5,s_cnn,14632
23,13,6,s_cnn,14632
23,13,7,s_cnn,14632
23,13,8,s_cnn,14632
23,13,9,s_cnn,14632
23,13,10,s_cnn,14632
23,13,11,s_cnn,14632
23,13,12,s_cnn,14632
23,13,13,s_cnn,14632
23,13,14,s_cnn,14632
23,13,15,s_cnn,14632
23,13,16,s_cnn,14632
23,13,17,s_cnn,14632
0,14,1,SYSTEM:ExtraMonitor,488476
0,14,2,m_cnn,14632
0,14,3,m_cnn,14632
0,14,4,m_cnn,14632
0,14,5,m_cnn,14632
0,14,6,m_cnn,14632
0,14,7,m_cnn,14632
0,14,8,m_cnn,14632
0,14,9,m_cnn,14632
0,14,10,m_cnn,14632
0,14,11,m_cnn,14632
0,14,12,m_cnn,14632
0,14,13,m_cnn,14632
0,14,14,m_cnn,14632
0,14,15,m_cnn,14632
0,14,16,m_cnn,14632
0,14,17,m_cnn,14632
1,14,1,SYSTEM:ExtraMonitor,488476
1,14,2,m_cnn,14632
1,14,3,m_cnn,14632
1,14,4,m_cnn,14632
1,14,5,m_cnn,14632
1,14,6,m_cnn,14632
1,14,7,m_cnn,14632
1,14,8,m_cnn,14632
1,14,9,m_cnn,14632
1,14,10,m_cnn,14632
1,14,11,m_cnn,14632
1,14,12,m_cnn,14632
1,14,13,m_cnn,14632
1,14,14,m_cnn,14632
1,14,15,m_cnn,14632
1,14,16,m_cnn,14632
1,14,17,m_cnn,14632
2,14,1,SYSTEM:ExtraMonitor,488476
2,14,2,m_cnn,14632
2,14,3,m_cnn,14632
2,14,4,m_cnn,14632
2,14,5,m_cnn,14632
2,14,6,m_cnn,14632
2,14,7,m_cnn,14632
2,14,8,m_cnn,14632
2,14,9,m_cnn,14632
2,14,10,m_cnn,14632
2,14,11,m_cnn,14632
2,14,12,m_cnn,14632
2,14,13,m_cnn,14632
2,14,14,m_cnn,14632
2,14,15,m_cnn,14632
2,14,16,m_cnn,14632
2,14,17,m_cnn,14632
3,14,1,SYSTEM:ExtraMonitor,488476
3,14,2,m_cnn,14632
3,14,3,m_cnn,14632
3,14,4,m_cnn,14632
3,14,5,m_cnn,14632
3,14,6,m_cnn,14632
3,14,7,m_cnn,14632
3,14,8,m_cnn,14632
3,14,9,m_cnn,14632
3,14,10,m_cnn,14632
3,14,11,m_cnn,14632
3,14,12,m_cnn,14632
3,14,13,m_cnn,14632
3,14,14,m_cnn,14632
3,14,15,m_cnn,14632
3,14,16,m_cnn,14632
3,14,17,m_cnn,14632
4,14,1,SYSTEM:ExtraMonitor,488476
4,14,2,m_cnn,14632
4,14,3,m_cnn,14632
4,14,4,m_cnn,14632
4,14,5,m_cnn,14632
4,14,6,m_cnn,14632
4,14,7,m_cnn,14632
4,14,8,m_cnn,14632
4,14,9,m_cnn,14632
4,14,10,m_cnn,14632
4,14,11,m_cnn,14632
4,14,12,m_cnn,14632
4,14,13,m_cnn,14632
4,14,14,m_cnn,14632
4,14,15,m_cnn,14632
4,14,16,m_cnn,14632
4,14,17,m_cnn,14632
5,14,1,SYSTEM:ExtraMonitor,488476
5,14,2,m_cnn,14632
5,14,3,m_cnn,14632
5,14,4,m_cnn,14632
5,14,5,m_cnn,14632
5,14,6,m_cnn,14632
5,14,7,m_cnn,14632
5,14,8,m_cnn,14632
5,14,9,m_cnn,14632
5,14,10,m_cnn,14632
5,14,11,m_cnn,14632
5,14,12,m_cnn,14632
5,14,13,m_cnn,14632
5,14,14,m_cnn,14632
5,14,15,m_cnn,14632
5,14,16,m_cnn,14632
5,14,17,m_cnn,14632
6,14,1,SYSTEM:ExtraMonitor,488476
6,14,2,m_cnn,14632
6,14,3,m_cnn,14632
6,14,4,m_cnn,14632
6,14,5,m_cnn,14632
6,14,6,m_cnn,14632
6,14,7,m_cnn,14632
6,14,8,m_cnn,14632
6,14,9,m_cnn,14632
6,14,10,m_cnn,14632
6,14,11,m_cnn,14632
6,14,12,m_cnn,14632
6,14,13,m_cnn,14632
6,14,14,m_cnn,14632
6,14,15,m_cnn,14632
6,14,16,m_cnn,14632
6,14,17,m_cnn,14632
7,14,1,SYSTEM:ExtraMonitor,488476
7,14,2,m_cnn,14632
7,14,3,m_cnn,14632
7,14,4,m_cnn,14632
7,14,5,m_cnn,14632
7,14,6,m_cnn,14632
7,14,7,m_cnn,14632
7,14,8,m_cnn,14632
7,14,9,m_cnn,14632
7,14,10,m_cnn,14632
7,14,11,m_cnn,14632
7,14,12,m_cnn,14632
7,14,13,m_cnn,14632
7,14,14,m_cnn,14632
7,14,15,m_cnn,14632
7,14,16,m_cnn,14632
7,14,17,m_cnn,14632
8,14,1,SYSTEM:ExtraMonitor,488476
8,14,2,m_cnn,14632
8,14,3,m_cnn,14632
8,14,4,m_cnn,14632
8,14,5,m_cnn,14632
8,14,6,m_cnn,14632
8,14,7,m_cnn,14632
8,14,8,m_cnn,14632
8,14,9,m_cnn,14632
8,14,10,m_cnn,14632
8,14,11,m_cnn,14632
8,14,12,m_cnn,14632
8,14,13,m_cnn,14632
8,14,14,m_cnn,14632
8,14,15,m_cnn,14632
8,14,16,m_cnn,14632
8,14,17,m_cnn,14632
9,14,1,SYSTEM:ExtraMonitor,488476
9,14,2,m_cnn,14632
9,14,3,m_cnn,14632
9,14,4,m_cnn,14632
9,14,5,m_cnn,14632
9,14,6,m_cnn,14632
9,14,7,m_cnn,14632
9,14,8,m_cnn,14632
9,14,9,m_cnn,14632
9,14,10,m_cnn,14632
9,14,11,m_cnn,14632
9,14,12,m_cnn,14632
9,14,13,m_cnn,14632
9,14,14,m_cnn,14632
9,14,15,m_cnn,14632
9,14,16,m_cnn,14632
9,14,17,m_cnn,14632
10,14,1,SYSTEM:ExtraMonitor,488476
10,14,2,m_cnn,14632
10,14,3,m_cnn,14632
10,14,4,m_cnn,14632
10,14,5,m_cnn,14632
10,14,6,m_cnn,14632
10,14,7,m_cnn,14632
10,14,8,m_cnn,14632
10,14,9,m_cnn,14632
10,14,10,m_cnn,14632
10,14,11,m_cnn,14632
10,14,12,m_cnn,14632
10,14,13,m_cnn,14632
10,14,14,m_cnn,14632
10,14,15,m_cnn,14632
10,14,16,m_cnn,14632
10,14,17,m_cnn,14632
11,14,1,SYSTEM:ExtraMonitor,488476
11,14,2,m_cnn,14632
11,14,3,m_cnn,14632
11,14,4,m_cnn,14632
11,14,5,m_cnn,14632
11,14,6,m_cnn,14632
11,14,7,m_cnn,14632
11,14,8,m_cnn,14632
11,14,9,m_cnn,14632
11,14,10,m_cnn,14632
11,14,11,m_cnn,14632
11,14,12,m_cnn,14632
11,14,13,m_cnn,14632
11,14,14,m_cnn,14632
11,14,15,m_cnn,14632
11,14,16,m_cnn,14632
11,14,17,m_cnn,14632
12,14,1,SYSTEM:ExtraMonitor,488476
12,14,2,m_cnn,14632
12,14,3,m_cnn,14632
12,14,4,m_cnn,14632
12,14,5,m_cnn,14632
12,14,6,m_cnn,14632
12,14,7,m_cnn,14632
12,14,8,m_cnn,14632
12,14,9,m_cnn,14632
12,14,10,m_cnn,14632
12,14,11,m_cnn,14632
12,14,12,m_cnn,14632
12,14,13,m_cnn,14632
12,14,14,m_cnn,14632
12,14,15,m_cnn,14632
12,14,16,m_cnn,14632
12,14,17,m_cnn,14632
13,14,1,SYSTEM:ExtraMonitor,488476
13,14,2,m_cnn,14632
13,14,3,m_cnn,14632
13,14,4,m_cnn,14632
13,14,5,m_cnn,14632
13,14,6,m_cnn,14632
13,14,7,m_cnn,14632
13,14,8,m_cnn,14632
13,14,9,m_cnn,14632
13,14,10,m_cnn,14632
13,14,11,m_cnn,14632
13,14,12,m_cnn,14632
13,14,13,m_cnn,14632
13,14,14,m_cnn,14632
13,14,15,m_cnn,14632
13,14,16,m_cnn,14632
13,14,17,m_cnn,14632
14,14,1,SYSTEM:ExtraMonitor,488476
14,14,2,m_cnn,14632
14,14,3,m_cnn,14632
14,14,4,m_cnn,14632
14,14,5,m_cnn,14632
14,14,6,m_cnn,14632
14,14,7,m_cnn,14632
14,14,8,m_cnn,14632
14,14,9,m_cnn,14632
14,14,10,m_cnn,14632
14,14,11,m_cnn,14632
14,14,12,m_cnn,14632
14,14,13,m_cnn,14632
14,14,14,m_cnn,14632
14,14,15,m_cnn,14632
14,14,16,m_cnn,14632
14,14,17,m_cnn,14632
15,14,1,SYSTEM:ExtraMonitor,488476
15,14,2,m_cnn,14632
15,14,3,m_cnn,14632
15,14,4,m_cnn,14632
15,14,5,m_cnn,14632
15,14,6,m_cnn,14632
15,14,7,m_cnn,14632
15,14,8,m_cnn,14632
15,14,9,m_cnn,14632
15,14,10,m_cnn,14632
15,14,11,m_cnn,14632
15,14,12,m_cnn,14632
15,14,13,m_cnn,14632
15,14,14,m_cnn,14632
15,14,15,m_cnn,14632
15,14,16,m_cnn,14632
15,14,17,m_cnn,14632
16,14,1,SYSTEM:ExtraMonitor,488476
16,14,2,m_cnn,14632
16,14,3,m_cnn,14632
16,14,4,m_cnn,14632
16,14,5,m_cnn,14632
16,14,6,m_cnn,14632
16,14,7,m_cnn,14632
16,14,8,m_cnn,14632
16,14,9,m_cnn,14632
16,14,10,m_cnn,14632
16,14,11,m_cnn,14632
16,14,12,m_cnn,14632
16,14,13,m_cnn,14632
16,14,14,m_cnn,14632
16,14,15,m_cnn,14632
16,14,16,m_cnn,14632
16,14,17,m_cnn,14632
17,14,1,SYSTEM:ExtraMonitor,488476
17,14,2,m_cnn,14632
17,14,3,m_cnn,14632
17,14,4,m_cnn,14632
17,14,5,m_cnn,14632
17,14,6,m_cnn,14632
17,14,7,m_cnn,14632
17,14,8,m_cnn,14632
17,14,9,m_cnn,14632
17,14,10,m_cnn,14632
17,14,11,m_cnn,14632
17,14,12,m_cnn,14632
17,14,13,m_cnn,14632
17,14,14,m_cnn,14632
17,14,15,m_cnn,14632
17,14,16,m_cnn,14632
17,14,17,m_cnn,14632
18,14,1,SYSTEM:ExtraMonitor,488476
18,14,2,s_cnn,14632
18,14,3,s_cnn,14632
18,14,4,s_cnn,14632
18,14,5,s_cnn,14632
18,14,6,s_cnn,14632
18,14,7,s_cnn,14632
18,14,8,s_cnn,14632
18,14,9,s_cnn,14632
18,14,10,s_cnn,14632
18,14,11,s_cnn,14632
18,14,12,s_cnn,14632
18,14,13,s_cnn,14632
18,14,14,s_cnn,14632
18,14,15,s_cnn,14632
18,14,16,s_cnn,14632
18,14,17,s_cnn,14632
19,14,1,SYSTEM:ExtraMonitor,488476
19,14,2,s_cnn,14632
19,14,3,s_cnn,14632
19,14,4,s_cnn,14632
19,14,5,s_cnn,14632
19,14,6,s_cnn,14632
19,14,7,s_cnn,14632
19,14,8,s_cnn,14632
19,14,9,s_cnn,14632
19,14,10,s_cnn,14632
19,14,11,s_cnn,14632
19,14,12,s_cnn,14632
19,14,13,s_cnn,14632
19,14,14,s_cnn,14632
19,14,15,s_cnn,14632
19,14,16,s_cnn,14632
19,14,17,s_cnn,14632
20,14,1,SYSTEM:ExtraMonitor,488476
20,14,2,s_cnn,14632
20,14,3,s_cnn,14632
20,14,4,s_cnn,14632
20,14,5,s_cnn,14632
20,14,6,s_cnn,14632
20,14,7,s_cnn,14632
20,14,8,s_cnn,14632
20,14,9,s_cnn,14632
20,14,10,s_cnn,14632
20,14,11,s_cnn,14632
20,14,12,s_cnn,14632
20,14,13,s_cnn,14632
20,14,14,s_cnn,14632
20,14,15,s_cnn,14632
20,14,16,s_cnn,14632
20,14,17,s_cnn,14632
21,14,1,SYSTEM:ExtraMonitor,488476
21,14,2,s_cnn,14632
21,14,3,s_cnn,14632
21,14,4,s_cnn,14632
21,14,5,s_cnn,14632
21,14,6,s_cnn,14632
21,14,7,s_cnn,14632
21,14,8,s_cnn,14632
21,14,9,s_cnn,14632
21,14,10,s_cnn,14632
21,14,11,s_cnn,14632
21,14,12,s_cnn,14632
21,14,13,s_cnn,14632
21,14,14,s_cnn,14632
21,14,15,s_cnn,14632
21,14,16,s_cnn,14632
21,14,17,s_cnn,14632
22,14,1,SYSTEM:ExtraMonitor,488476
22,14,2,s_cnn,14632
22,14,3,s_cnn,14632
22,14,4,s_cnn,14632
22,14,5,s_cnn,14632
22,14,6,s_cnn,14632
22,14,7,s_cnn,14632
22,14,8,s_cnn,14632
22,14,9,s_cnn,14632
22,14,10,s_cnn,14632
22,14,11,s_cnn,14632
22,14,12,s_cnn,14632
22,14,13,s_cnn,14632
22,14,14,s_cnn,14632
22,14,15,s_cnn,14632
22,14,16,s_cnn,14632
22,14,17,s_cnn,14632
23,14,1,SYSTEM:ExtraMonitor,488476
23,14,2,s_cnn,14632
23,14,3,s_cnn,14632
23,14,4,s_cnn,14632
23,14,5,s_cnn,14632
23,14,6,s_cnn,14632
23,14,7,s_cnn,14632
23,14,8,s_cnn,14632
23,14,9,s_cnn,14632
23,14,10,s_cnn,14632
23,14,11,s_cnn,14632
23,14,12,s_cnn,14632
23,14,13,s_cnn,14632
23,14,14,s_cnn,14632
23,14,15,s_cnn,14632
23,14,16,s_cnn,14632
23,14,17,s_cnn,14632
0,15,1,SYSTEM:ExtraMonitor,488476
0,15,2,m_cnn,14632
0,15,3,m_cnn,14632
0,15,4,m_cnn,14632
0,15,5,m_cnn,14632
0,15,6,m_cnn,14632
0,15,7,m_cnn,14632
0,15,8,m_cnn,14632
0,15,9,m_cnn,14632
0,15,10,m_cnn,14632
0,15,11,m_cnn,14632
0,15,12,m_cnn,14632
0,15,13,m_cnn,14632
0,15,14,m_cnn,14632
0,15,15,m_cnn,14632
0,15,16,m_cnn,14632
0,15,17,m_cnn,14632
1,15,1,SYSTEM:ExtraMonitor,488476
1,15,2,m_cnn,14632
1,15,3,m_cnn,14632
1,15,4,m_cnn,14632
1,15,5,m_cnn,14632
1,15,6,m_cnn,14632
1,15,7,m_cnn,14632
1,15,8,m_cnn,14632
1,15,9,m_cnn,14632
1,15,10,m_cnn,14632
1,15,11,m_cnn,14632
1,15,12,m_cnn,14632
1,15,13,m_cnn,14632
1,15,14,m_cnn,14632
1,15,15,m_cnn,14632
1,15,16,m_cnn,14632
2,15,1,SYSTEM:ExtraMonitor,488476
2,15,2,m_cnn,14632
2,15,3,m_cnn,14632
2,15,4,m_cnn,14632
2,15,5,m_cnn,14632
2,15,6,m_cnn,14632
2,15,7,m_cnn,14632
2,15,8,m_cnn,14632
2,15,9,m_cnn,14632
2,15,10,m_cnn,14632
2,15,11,m_cnn,14632
2,15,12,m_cnn,14632
2,15,13,m_cnn,14632
2,15,14,m_cnn,14632
2,15,15,m_cnn,14632
2,15,16,m_cnn,14632
2,15,17,m_cnn,14632
3,15,1,SYSTEM:ExtraMonitor,488476
3,15,2,m_cnn,14632
3,15,3,m_cnn,14632
3,15,4,m_cnn,14632
3,15,5,m_cnn,14632
3,15,6,m_cnn,14632
3,15,7,m_cnn,14632
3,15,8,m_cnn,14632
3,15,9,m_cnn,14632
3,15,10,m_cnn,14632
3,15,11,m_cnn,14632
3,15,12,m_cnn,14632
3,15,13,m_cnn,14632
3,15,14,m_cnn,14632
3,15,15,m_cnn,14632
3,15,16,m_cnn,14632
4,15,1,SYSTEM:ExtraMonitor,488476
4,15,2,m_cnn,14632
4,15,3,m_cnn,14632
4,15,4,m_cnn,14632
4,15,5,m_cnn,14632
4,15,6,m_cnn,14632
4,15,7,m_cnn,14632
4,15,8,m_cnn,14632
4,15,9,m_cnn,14632
4,15,10,m_cnn,14632
4,15,11,m_cnn,14632
4,15,12,m_cnn,14632
4,15,13,m_cnn,14632
4,15,14,m_cnn,14632
4,15,15,m_cnn,14632
4,15,16,m_cnn,14632
4,15,17,m_cnn,14632
5,15,1,SYSTEM:ExtraMonitor,488476
5,15,2,m_cnn,14632
5,15,3,m_cnn,14632
5,15,4,m_cnn,14632
5,15,5,m_cnn,14632
5,15,6,m_cnn,14632
5,15,7,m_cnn,14632
5,15,8,m_cnn,14632
5,15,9,m_cnn,14632
5,15,10,m_cnn,14632
5,15,11,m_cnn,14632
5,15,12,m_cnn,14632
5,15,13,m_cnn,14632
5,15,14,m_cnn,14632
5,15,15,m_cnn,14632
5,15,16,m_cnn,14632
6,15,1,SYSTEM:ExtraMonitor,488476
6,15,2,m_cnn,14632
6,15,3,m_cnn,14632
6,15,4,m_cnn,14632
6,15,5,m_cnn,14632
6,15,6,m_cnn,14632
6,15,7,m_cnn,14632
6,15,8,m_cnn,14632
6,15,9,m_cnn,14632
6,15,10,m_cnn,14632
6,15,11,m_cnn,14632
6,15,12,m_cnn,14632
6,15,13,m_cnn,14632
6,15,14,m_cnn,14632
6,15,15,m_cnn,14632
6,15,16,m_cnn,14632
6,15,17,m_cnn,14632
7,15,1,SYSTEM:ExtraMonitor,488476
7,15,2,m_cnn,14632
7,15,3,m_cnn,14632
7,15,4,m_cnn,14632
7,15,5,m_cnn,14632
7,15,6,m_cnn,14632
7,15,7,m_cnn,14632
7,15,8,m_cnn,14632
7,15,9,m_cnn,14632
7,15,10,m_cnn,14632
7,15,11,m_cnn,14632
7,15,12,m_cnn,14632
7,15,13,m_cnn,14632
7,15,14,m_cnn,14632
7,15,15,m_cnn,14632
7,15,16,m_cnn,14632
7,15,17,m_cnn,14632
8,15,1,SYSTEM:ExtraMonitor,488476
8,15,2,m_cnn,14632
8,15,3,m_cnn,14632
8,15,4,m_cnn,14632
8,15,5,m_cnn,14632
8,15,6,m_cnn,14632
8,15,7,m_cnn,14632
8,15,8,m_cnn,14632
8,15,9,m_cnn,14632
8,15,10,m_cnn,14632
8,15,11,m_cnn,14632
8,15,12,m_cnn,14632
8,15,13,m_cnn,14632
8,15,14,m_cnn,14632
8,15,15,m_cnn,14632
8,15,16,m_cnn,14632
8,15,17,m_cnn,14632
9,15,1,SYSTEM:ExtraMonitor,488476
9,15,2,m_cnn,14632
9,15,3,m_cnn,14632
9,15,4,m_cnn,14632
9,15,5,m_cnn,14632
9,15,6,m_cnn,14632
9,15,7,m_cnn,14632
9,15,8,m_cnn,14632
9,15,9,m_cnn,14632
9,15,10,m_cnn,14632
9,15,11,m_cnn,14632
9,15,12,m_cnn,14632
9,15,13,m_cnn,14632
9,15,14,m_cnn,14632
9,15,15,m_cnn,14632
9,15,16,m_cnn,14632
9,15,17,m_cnn,14632
10,15,1,SYSTEM:ExtraMonitor,488476
10,15,2,m_cnn,14632
10,15,3,m_cnn,14632
10,15,4,m_cnn,14632
10,15,5,m_cnn,14632
10,15,6,m_cnn,14632
10,15,7,m_cnn,14632
10,15,8,m_cnn,14632
10,15,9,m_cnn,14632
10,15,10,m_cnn,14632
10,15,11,m_cnn,14632
10,15,12,m_cnn,14632
10,15,13,m_cnn,14632
10,15,14,m_cnn,14632
10,15,15,m_cnn,14632
10,15,16,m_cnn,14632
10,15,17,m_cnn,14632
11,15,1,SYSTEM:ExtraMonitor,488476
11,15,2,m_cnn,14632
11,15,3,m_cnn,14632
11,15,4,m_cnn,14632
11,15,5,m_cnn,14632
11,15,6,m_cnn,14632
11,15,7,m_cnn,14632
11,15,8,m_cnn,14632
11,15,9,m_cnn,14632
11,15,10,m_cnn,14632
11,15,11,m_cnn,14632
11,15,12,m_cnn,14632
11,15,13,m_cnn,14632
11,15,14,m_cnn,14632
11,15,15,m_cnn,14632
11,15,16,m_cnn,14632
11,15,17,m_cnn,14632
12,15,1,SYSTEM:ExtraMonitor,488476
12,15,2,m_cnn,14632
12,15,3,m_cnn,14632
12,15,4,m_cnn,14632
12,15,5,m_cnn,14632
12,15,6,m_cnn,14632
12,15,7,m_cnn,14632
12,15,8,m_cnn,14632
12,15,9,m_cnn,14632
12,15,10,m_cnn,14632
12,15,11,m_cnn,14632
12,15,12,m_cnn,14632
12,15,13,m_cnn,14632
12,15,14,m_cnn,14632
12,15,15,m_cnn,14632
12,15,16,m_cnn,14632
12,15,17,m_cnn,14632
13,15,1,SYSTEM:ExtraMonitor,488476
13,15,2,m_cnn,14632
13,15,3,m_cnn,14632
13,15,4,m_cnn,14632
13,15,5,m_cnn,14632
13,15,6,m_cnn,14632
13,15,7,m_cnn,14632
13,15,8,m_cnn,14632
13,15,9,m_cnn,14632
13,15,10,m_cnn,14632
13,15,11,m_cnn,14632
13,15,12,m_cnn,14632
13,15,13,m_cnn,14632
13,15,14,m_cnn,14632
13,15,15,m_cnn,14632
13,15,16,m_cnn,14632
14,15,1,SYSTEM:ExtraMonitor,488476
14,15,2,m_cnn,14632
14,15,3,m_cnn,14632
14,15,4,m_cnn,14632
14,15,5,m_cnn,14632
14,15,6,m_cnn,14632
14,15,7,m_cnn,14632
14,15,8,m_cnn,14632
14,15,9,m_cnn,14632
14,15,10,m_cnn,14632
14,15,11,m_cnn,14632
14,15,12,m_cnn,14632
14,15,13,m_cnn,14632
14,15,14,m_cnn,14632
14,15,15,m_cnn,14632
14,15,16,m_cnn,14632
14,15,17,m_cnn,14632
15,15,1,SYSTEM:ExtraMonitor,488476
15,15,2,m_cnn,14632
15,15,3,m_cnn,14632
15,15,4,m_cnn,14632
15,15,5,m_cnn,14632
15,15,6,m_cnn,14632
15,15,7,m_cnn,14632
15,15,8,m_cnn,14632
15,15,9,m_cnn,14632
15,15,10,m_cnn,14632
15,15,11,m_cnn,14632
15,15,12,m_cnn,14632
15,15,13,m_cnn,14632
15,15,14,m_cnn,14632
15,15,15,m_cnn,14632
15,15,16,m_cnn,14632
16,15,1,SYSTEM:ExtraMonitor,488476
16,15,2,m_cnn,14632
16,15,3,m_cnn,14632
16,15,4,m_cnn,14632
16,15,5,m_cnn,14632
16,15,6,m_cnn,14632
16,15,7,m_cnn,14632
16,15,8,m_cnn,14632
16,15,9,m_cnn,14632
16,15,10,m_cnn,14632
16,15,11,m_cnn,14632
16,15,12,m_cnn,14632
16,15,13,m_cnn,14632
16,15,14,m_cnn,14632
16,15,15,m_cnn,14632
16,15,16,m_cnn,14632
16,15,17,m_cnn,14632
17,15,1,SYSTEM:ExtraMonitor,488476
17,15,2,m_cnn,14632
17,15,3,m_cnn,14632
17,15,4,m_cnn,14632
17,15,5,m_cnn,14632
17,15,6,m_cnn,14632
17,15,7,m_cnn,14632
17,15,8,m_cnn,14632
17,15,9,m_cnn,14632
17,15,10,m_cnn,14632
17,15,11,m_cnn,14632
17,15,12,m_cnn,14632
17,15,13,m_cnn,14632
17,15,14,m_cnn,14632
17,15,15,m_cnn,14632
17,15,16,m_cnn,14632
18,15,1,SYSTEM:ExtraMonitor,488476
18,15,2,m_cnn,14632
18,15,3,m_cnn,14632
18,15,4,m_cnn,14632
18,15,5,m_cnn,14632
18,15,6,m_cnn,14632
18,15,7,m_cnn,14632
18,15,8,m_cnn,14632
18,15,9,m_cnn,14632
18,15,10,m_cnn,14632
18,15,11,m_cnn,14632
18,15,12,m_cnn,14632
18,15,13,m_cnn,14632
18,15,14,m_cnn,14632
18,15,15,m_cnn,14632
18,15,16,m_cnn,14632
18,15,17,m_cnn,14632
19,15,1,SYSTEM:ExtraMonitor,488476
19,15,2,s_cnn,14632
19,15,3,s_cnn,14632
19,15,4,s_cnn,14632
19,15,5,s_cnn,14632
19,15,6,s_cnn,14632
19,15,7,s_cnn,14632
19,15,8,s_cnn,14632
19,15,9,s_cnn,14632
19,15,10,s_cnn,14632
19,15,11,s_cnn,14632
19,15,12,s_cnn,14632
19,15,13,s_cnn,14632
19,15,14,s_cnn,14632
19,15,15,s_cnn,14632
19,15,16,s_cnn,14632
19,15,17,s_cnn,14632
20,15,1,SYSTEM:ExtraMonitor,488476
20,15,2,s_cnn,14632
20,15,3,s_cnn,14632
20,15,4,s_cnn,14632
20,15,5,s_cnn,14632
20,15,6,s_cnn,14632
20,15,7,s_cnn,14632
20,15,8,s_cnn,14632
20,15,9,s_cnn,14632
20,15,10,s_cnn,14632
20,15,11,s_cnn,14632
20,15,12,s_cnn,14632
20,15,13,s_cnn,14632
20,15,14,s_cnn,14632
20,15,15,s_cnn,14632
20,15,16,s_cnn,14632
20,15,17,s_cnn,14632
21,15,1,SYSTEM:ExtraMonitor,488476
21,15,2,s_cnn,14632
21,15,3,s_cnn,14632
21,15,4,s_cnn,14632
21,15,5,s_cnn,14632
21,15,6,s_cnn,14632
21,15,7,s_cnn,14632
21,15,8,s_cnn,14632
21,15,9,s_cnn,14632
21,15,10,s_cnn,14632
21,15,11,s_cnn,14632
21,15,12,s_cnn,14632
21,15,13,s_cnn,14632
21,15,14,s_cnn,14632
21,15,15,s_cnn,14632
21,15,16,s_cnn,14632
21,15,17,s_cnn,14632
22,15,1,SYSTEM:ExtraMonitor,488476
22,15,2,s_cnn,14632
22,15,3,s_cnn,14632
22,15,4,s_cnn,14632
22,15,5,s_cnn,14632
22,15,6,s_cnn,14632
22,15,7,s_cnn,14632
22,15,8,s_cnn,14632
22,15,9,s_cnn,14632
22,15,10,s_cnn,14632
22,15,11,s_cnn,14632
22,15,12,s_cnn,14632
22,15,13,s_cnn,14632
22,15,14,s_cnn,14632
22,15,15,s_cnn,14632
22,15,16,s_cnn,14632
22,15,17,s_cnn,14632
23,15,1,SYSTEM:ExtraMonitor,488476
23,15,2,s_cnn,14632
23,15,3,s_cnn,14632
23,15,4,s_cnn,14632
23,15,5,s_cnn,14632
23,15,6,s_cnn,14632
23,15,7,s_cnn,14632
23,15,8,s_cnn,14632
23,15,9,s_cnn,14632
23,15,10,s_cnn,14632
23,15,11,s_cnn,14632
23,15,12,s_cnn,14632
23,15,13,s_cnn,14632
23,15,14,s_cnn,14632
23,15,15,s_cnn,14632
23,15,16,s_cnn,14632
23,15,17,s_cnn,14632
0,16,1,SYSTEM:ExtraMonitor,488476
0,16,2,m_cnn,14632
0,16,3,m_cnn,14632
0,16,4,m_cnn,14632
0,16,5,m_cnn,14632
0,16,6,m_cnn,14632
0,16,7,m_cnn,14632
0,16,8,m_cnn,14632
0,16,9,m_cnn,14632
0,16,10,m_cnn,14632
0,16,11,m_cnn,14632
0,16,12,m_cnn,14632
0,16,13,m_cnn,14632
0,16,14,m_cnn,14632
0,16,15,m_cnn,14632
0,16,16,m_cnn,14632
0,16,17,m_cnn,14632
1,16,1,SYSTEM:ExtraMonitor,488476
1,16,2,m_cnn,14632
1,16,3,m_cnn,14632
1,16,4,m_cnn,14632
1,16,5,m_cnn,14632
1,16,6,m_cnn,14632
1,16,7,m_cnn,14632
1,16,8,m_cnn,14632
1,16,9,m_cnn,14632
1,16,10,m_cnn,14632
1,16,11,m_cnn,14632
1,16,12,m_cnn,14632
1,16,13,m_cnn,14632
1,16,14,m_cnn,14632
1,16,15,m_cnn,14632
1,16,16,m_cnn,14632
1,16,17,m_cnn,14632
2,16,1,SYSTEM:ExtraMonitor,488476
2,16,2,m_cnn,14632
2,16,3,m_cnn,14632
2,16,4,m_cnn,14632
2,16,5,m_cnn,14632
2,16,6,m_cnn,14632
2,16,7,m_cnn,14632
2,16,8,m_cnn,14632
2,16,9,m_cnn,14632
2,16,10,m_cnn,14632
2,16,11,m_cnn,14632
2,16,12,m_cnn,14632
2,16,13,m_cnn,14632
2,16,14,m_cnn,14632
2,16,15,m_cnn,14632
2,16,16,m_cnn,14632
2,16,17,m_cnn,14632
3,16,1,SYSTEM:ExtraMonitor,488476
3,16,2,m_cnn,14632
3,16,3,m_cnn,14632
3,16,4,m_cnn,14632
3,16,5,m_cnn,14632
3,16,6,m_cnn,14632
3,16,7,m_cnn,14632
3,16,8,m_cnn,14632
3,16,9,m_cnn,14632
3,16,10,m_cnn,14632
3,16,11,m_cnn,14632
3,16,12,m_cnn,14632
3,16,13,m_cnn,14632
3,16,14,m_cnn,14632
3,16,15,m_cnn,14632
3,16,16,m_cnn,14632
3,16,17,m_cnn,14632
4,16,1,SYSTEM:ExtraMonitor,488476
4,16,2,m_cnn,14632
4,16,3,m_cnn,14632
4,16,4,m_cnn,14632
4,16,5,m_cnn,14632
4,16,6,m_cnn,14632
4,16,7,m_cnn,14632
4,16,8,m_cnn,14632
4,16,9,m_cnn,14632
4,16,10,m_cnn,14632
4,16,11,m_cnn,14632
4,16,12,m_cnn,14632
4,16,13,m_cnn,14632
4,16,14,m_cnn,14632
4,16,15,m_cnn,14632
4,16,16,m_cnn,14632
4,16,17,m_cnn,14632
5,16,1,SYSTEM:ExtraMonitor,488476
5,16,2,m_cnn,14632
5,16,3,m_cnn,14632
5,16,4,m_cnn,14632
5,16,5,m_cnn,14632
5,16,6,m_cnn,14632
5,16,7,m_cnn,14632
5,16,8,m_cnn,14632
5,16,9,m_cnn,14632
5,16,10,m_cnn,14632
5,16,11,m_cnn,14632
5,16,12,m_cnn,14632
5,16,13,m_cnn,14632
5,16,14,m_cnn,14632
5,16,15,m_cnn,14632
5,16,16,m_cnn,14632
5,16,17,m_cnn,14632
6,16,1,SYSTEM:ExtraMonitor,488476
6,16,2,m_cnn,14632
6,16,3,m_cnn,14632
6,16,4,m_cnn,14632
6,16,5,m_cnn,14632
6,16,6,m_cnn,14632
6,16,7,m_cnn,14632
6,16,8,m_cnn,14632
6,16,9,m_cnn,14632
6,16,10,m_cnn,14632
6,16,11,m_cnn,14632
6,16,12,m_cnn,14632
6,16,13,m_cnn,14632
6,16,14,m_cnn,14632
6,16,15,m_cnn,14632
6,16,16,m_cnn,14632
6,16,17,m_cnn,14632
7,16,1,SYSTEM:ExtraMonitor,488476
7,16,2,m_cnn,14632
7,16,3,m_cnn,14632
7,16,4,m_cnn,14632
7,16,5,m_cnn,14632
7,16,6,m_cnn,14632
7,16,7,m_cnn,14632
7,16,8,m_cnn,14632
7,16,9,m_cnn,14632
7,16,10,m_cnn,14632
7,16,11,m_cnn,14632
7,16,12,m_cnn,14632
7,16,13,m_cnn,14632
7,16,14,m_cnn,14632
7,16,15,m_cnn,14632
7,16,16,m_cnn,14632
7,16,17,m_cnn,14632
8,16,1,"Command Sender on 16, 8",1692
8,16,2,"SYSTEM:PacketGatherer(16,8)",477250
8,16,3,SYSTEM:ExtraMonitor,488476
8,16,4,m_cnn,14632
8,16,5,m_cnn,14632
8,16,6,m_cnn,14632
8,16,7,m_cnn,14632
8,16,8,m_cnn,14632
8,16,9,m_cnn,14632
8,16,10,m_cnn,14632
8,16,11,m_cnn,14632
8,16,12,m_cnn,14632
8,16,13,m_cnn,14632
8,16,14,m_cnn,14632
8,16,15,m_cnn,14632
8,16,16,m_cnn,14632
8,16,17,m_cnn,14632
9,16,1,SYSTEM:ExtraMonitor,488476
9,16,2,m_cnn,14632
9,16,3,m_cnn,14632
9,16,4,m_cnn,14632
9,16,5,m_cnn,14632
9,16,6,m_cnn,14632
9,16,7,m_cnn,14632
9,16,8,m_cnn,14632
9,16,9,m_cnn,14632
9,16,10,m_cnn,14632
9,16,11,m_cnn,14632
9,16,12,m_cnn,14632
9,16,13,m_cnn,14632
9,16,14,m_cnn,14632
9,16,15,m_cnn,14632
9,16,16,m_cnn,14632
9,16,17,m_cnn,14632
10,16,1,SYSTEM:ExtraMonitor,488476
10,16,2,m_cnn,14632
10,16,3,m_cnn,14632
10,16,4,m_cnn,14632
10,16,5,m_cnn,14632
10,16,6,m_cnn,14632
10,16,7,m_cnn,14632
10,16,8,m_cnn,14632
10,16,9,m_cnn,14632
10,16,10,m_cnn,14632
10,16,11,m_cnn,14632
10,16,12,m_cnn,14632
10,16,13,m_cnn,14632
10,16,14,m_cnn,14632
10,16,15,m_cnn,14632
10,16,16,m_cnn,14632
10,16,17,m_cnn,14632
11,16,1,SYSTEM:ExtraMonitor,488476
11,16,2,m_cnn,14632
11,16,3,m_cnn,14632
11,16,4,m_cnn,14632
11,16,5,m_cnn,14632
11,16,6,m_cnn,14632
11,16,7,m_cnn,14632
11,16,8,m_cnn,14632
11,16,9,m_cnn,14632
11,16,10,m_cnn,14632
11,16,11,m_cnn,14632
11,16,12,m_cnn,14632
11,16,13,m_cnn,14632
11,16,14,m_cnn,14632
11,16,15,m_cnn,14632
11,16,16,m_cnn,14632
11,16,17,m_cnn,14632
12,16,1,SYSTEM:ExtraMonitor,488476
12,16,2,m_cnn,14632
12,16,3,m_cnn,14632
12,16,4,m_cnn,14632
12,16,5,m_cnn,14632
12,16,6,m_cnn,14632
12,16,7,m_cnn,14632
12,16,8,m_cnn,14632
12,16,9,m_cnn,14632
12,16,10,m_cnn,14632
12,16,11,m_cnn,14632
12,16,12,m_cnn,14632
12,16,13,m_cnn,14632
12,16,14,m_cnn,14632
12,16,15,m_cnn,14632
12,16,16,m_cnn,14632
12,16,17,m_cnn,14632
13,16,1,SYSTEM:ExtraMonitor,488476
13,16,2,m_cnn,14632
13,16,3,m_cnn,14632
13,16,4,m_cnn,14632
13,16,5,m_cnn,14632
13,16,6,m_cnn,14632
13,16,7,m_cnn,14632
13,16,8,m_cnn,14632
13,16,9,m_cnn,14632
13,16,10,m_cnn,14632
13,16,11,m_cnn,14632
13,16,12,m_cnn,14632
13,16,13,m_cnn,14632
13,16,14,m_cnn,14632
13,16,15,m_cnn,14632
13,16,16,m_cnn,14632
13,16,17,m_cnn,14632
14,16,1,SYSTEM:ExtraMonitor,488476
14,16,2,m_cnn,14632
14,16,3,m_cnn,14632
14,16,4,m_cnn,14632
14,16,5,m_cnn,14632
14,16,6,m_cnn,14632
14,16,7,m_cnn,14632
14,16,8,m_cnn,14632
14,16,9,m_cnn,14632
14,16,10,m_cnn,14632
14,16,11,m_cnn,14632
14,16,12,m_cnn,14632
14,16,13,m_cnn,14632
14,16,14,m_cnn,14632
14,16,15,m_cnn,14632
14,16,16,m_cnn,14632
14,16,17,m_cnn,14632
15,16,1,SYSTEM:ExtraMonitor,488476
15,16,2,m_cnn,14632
15,16,3,m_cnn,14632
15,16,4,m_cnn,14632
15,16,5,m_cnn,14632
15,16,6,m_cnn,14632
15,16,7,m_cnn,14632
15,16,8,m_cnn,14632
15,16,9,m_cnn,14632
15,16,10,m_cnn,14632
15,16,11,m_cnn,14632
15,16,12,m_cnn,14632
15,16,13,m_cnn,14632
15,16,14,m_cnn,14632
15,16,15,m_cnn,14632
15,16,16,m_cnn,14632
15,16,17,m_cnn,14632
16,16,1,SYSTEM:ExtraMonitor,488476
16,16,2,m_cnn,14632
16,16,3,m_cnn,14632
16,16,4,m_cnn,14632
16,16,5,m_cnn,14632
16,16,6,m_cnn,14632
16,16,7,m_cnn,14632
16,16,8,m_cnn,14632
16,16,9,m_cnn,14632
16,16,10,m_cnn,14632
16,16,11,m_cnn,14632
16,16,12,m_cnn,14632
16,16,13,m_cnn,14632
16,16,14,m_cnn,14632
16,16,15,m_cnn,14632
16,16,16,m_cnn,14632
16,16,17,m_cnn,14632
17,16,1,SYSTEM:ExtraMonitor,488476
17,16,2,m_cnn,14632
17,16,3,m_cnn,14632
17,16,4,m_cnn,14632
17,16,5,m_cnn,14632
17,16,6,m_cnn,14632
17,16,7,m_cnn,14632
17,16,8,m_cnn,14632
17,16,9,m_cnn,14632
17,16,10,m_cnn,14632
17,16,11,m_cnn,14632
17,16,12,m_cnn,14632
17,16,13,m_cnn,14632
17,16,14,m_cnn,14632
17,16,15,m_cnn,14632
17,16,16,m_cnn,14632
17,16,17,m_cnn,14632
18,16,1,SYSTEM:ExtraMonitor,488476
18,16,2,m_cnn,14632
18,16,3,m_cnn,14632
18,16,4,m_cnn,14632
18,16,5,m_cnn,14632
18,16,6,m_cnn,14632
18,16,7,m_cnn,14632
18,16,8,m_cnn,14632
18,16,9,m_cnn,14632
18,16,10,m_cnn,14632
18,16,11,m_cnn,14632
18,16,12,m_cnn,14632
18,16,13,m_cnn,14632
18,16,14,m_cnn,14632
18,16,15,m_cnn,14632
18,16,16,m_cnn,14632
18,16,17,m_cnn,14632
20,16,1,"SYSTEM:PacketGatherer(16,20)",477250
20,16,2,SYSTEM:ExtraMonitor,488476
20,16,3,s_cnn,14632
20,16,4,s_cnn,14632
20,16,5,s_cnn,14632
20,16,6,s_cnn,14632
20,16,7,s_cnn,14632
20,16,8,s_cnn,14632
20,16,9,s_cnn,14632
20,16,10,s_cnn,14632
20,16,11,s_cnn,14632
20,16,12,s_cnn,14632
20,16,13,s_cnn,14632
20,16,14,s_cnn,14632
20,16,15,s_cnn,14632
20,16,16,s_cnn,14632
20,16,17,s_cnn,14632
21,16,1,SYSTEM:ExtraMonitor,488476
21,16,2,s_cnn,14632
21,16,3,s_cnn,14632
21,16,4,s_cnn,14632
21,16,5,s_cnn,14632
21,16,6,s_cnn,14632
21,16,7,s_cnn,14632
21,16,8,s_cnn,14632
21,16,9,s_cnn,14632
21,16,10,s_cnn,14632
21,16,11,s_cnn,14632
21,16,12,s_cnn,14632
21,16,13,s_cnn,14632
21,16,14,s_cnn,14632
21,16,15,s_cnn,14632
21,16,16,s_cnn,14632
22,16,1,SYSTEM:ExtraMonitor,488476
22,16,2,s_cnn,14632
22,16,3,s_cnn,14632
22,16,4,s_cnn,14632
22,16,5,s_cnn,14632
22,16,6,s_cnn,14632
22,16,7,s_cnn,14632
22,16,8,s_cnn,14632
22,16,9,s_cnn,14632
22,16,10,s_cnn,14632
22,16,11,s_cnn,14632
22,16,12,s_cnn,14632
22,16,13,s_cnn,14632
22,16,14,s_cnn,14632
22,16,15,s_cnn,14632
22,16,16,s_cnn,14632
22,16,17,s_cnn,14632
23,16,1,SYSTEM:ExtraMonitor,488476
23,16,2,s_cnn,14632
23,16,3,s_cnn,14632
23,16,4,s_cnn,14632
23,16,5,s_cnn,14632
23,16,6,s_cnn,14632
23,16,7,s_cnn,14632
23,16,8,s_cnn,14632
23,16,9,s_cnn,14632
23,16,10,s_cnn,14632
23,16,11,s_cnn,14632
23,16,12,s_cnn,14632
23,16,13,s_cnn,14632
23,16,14,s_cnn,14632
23,16,15,s_cnn,14632
23,16,16,s_cnn,14632
23,16,17,s_cnn,14632
0,17,1,SYSTEM:ExtraMonitor,488476
0,17,2,s_cnn,14632
0,17,3,s_cnn,14632
0,17,4,s_cnn,14632
0,17,5,s_cnn,14632
0,17,6,s_cnn,14632
0,17,7,s_cnn,14632
0,17,8,s_cnn,14632
0,17,9,s_cnn,14632
0,17,10,s_cnn,14632
0,17,11,s_cnn,14632
0,17,12,s_cnn,14632
0,17,13,s_cnn,14632
0,17,14,s_cnn,14632
0,17,15,s_cnn,14632
0,17,16,s_cnn,14632
0,17,17,s_cnn,14632
1,17,1,SYSTEM:ExtraMonitor,488476
1,17,2,m_cnn,14632
1,17,3,m_cnn,14632
1,17,4,m_cnn,14632
1,17,5,m_cnn,14632
1,17,6,m_cnn,14632
1,17,7,m_cnn,14632
1,17,8,m_cnn,14632
1,17,9,m_cnn,14632
1,17,10,m_cnn,14632
1,17,11,m_cnn,14632
1,17,12,m_cnn,14632
1,17,13,m_cnn,14632
1,17,14,m_cnn,14632
1,17,15,m_cnn,14632
1,17,16,m_cnn,14632
1,17,17,m_cnn,14632
2,17,1,SYSTEM:ExtraMonitor,488476
2,17,2,m_cnn,14632
2,17,3,m_cnn,14632
2,17,4,m_cnn,14632
2,17,5,m_cnn,14632
2,17,6,m_cnn,14632
2,17,7,m_cnn,14632
2,17,8,m_cnn,14632
2,17,9,m_cnn,14632
2,17,10,m_cnn,14632
2,17,11,m_cnn,14632
2,17,12,m_cnn,14632
2,17,13,m_cnn,14632
2,17,14,m_cnn,14632
2,17,15,m_cnn,14632
2,17,16,m_cnn,14632
3,17,1,SYSTEM:ExtraMonitor,488476
3,17,2,m_cnn,14632
3,17,3,m_cnn,14632
3,17,4,m_cnn,14632
3,17,5,m_cnn,14632
3,17,6,m_cnn,14632
3,17,7,m_cnn,14632
3,17,8,m_cnn,14632
3,17,9,m_cnn,14632
3,17,10,m_cnn,14632
3,17,11,m_cnn,14632
3,17,12,m_cnn,14632
3,17,13,m_cnn,14632
3,17,14,m_cnn,14632
3,17,15,m_cnn,14632
3,17,16,m_cnn,14632
3,17,17,m_cnn,14632
4,17,1,SYSTEM:ExtraMonitor,488476
4,17,2,m_cnn,14632
4,17,3,m_cnn,14632
4,17,4,m_cnn,14632
4,17,5,m_cnn,14632
4,17,6,m_cnn,14632
4,17,7,m_cnn,14632
4,17,8,m_cnn,14632
4,17,9,m_cnn,14632
4,17,10,m_cnn,14632
4,17,11,m_cnn,14632
4,17,12,m_cnn,14632
4,17,13,m_cnn,14632
4,17,14,m_cnn,14632
4,17,15,m_cnn,14632
4,17,16,m_cnn,14632
5,17,1,SYSTEM:ExtraMonitor,488476
5,17,2,m_cnn,14632
5,17,3,m_cnn,14632
5,17,4,m_cnn,14632
5,17,5,m_cnn,14632
5,17,6,m_cnn,14632
5,17,7,m_cnn,14632
5,17,8,m_cnn,14632
5,17,9,m_cnn,14632
5,17,10,m_cnn,14632
5,17,11,m_cnn,14632
5,17,12,m_cnn,14632
5,17,13,m_cnn,14632
5,17,14,m_cnn,14632
5,17,15,m_cnn,14632
5,17,16,m_cnn,14632
5,17,17,m_cnn,14632
6,17,1,SYSTEM:ExtraMonitor,488476
6,17,2,m_cnn,14632
6,17,3,m_cnn,14632
6,17,4,m_cnn,14632
6,17,5,m_cnn,14632
6,17,6,m_cnn,14632
6,17,7,m_cnn,14632
6,17,8,m_cnn,14632
6,17,9,m_cnn,14632
6,17,10,m_cnn,14632
6,17,11,m_cnn,14632
6,17,12,m_cnn,14632
6,17,13,m_cnn,14632
6,17,14,m_cnn,14632
6,17,15,m_cnn,14632
6,17,16,m_cnn,14632
7,17,1,SYSTEM:ExtraMonitor,488476
7,17,2,m_cnn,14632
7,17,3,m_cnn,14632
7,17,4,m_cnn,14632
7,17,5,m_cnn,14632
7,17,6,m_cnn,14632
7,17,7,m_cnn,14632
7,17,8,m_cnn,14632
7,17,9,m_cnn,14632
7,17,10,m_cnn,14632
7,17,11,m_cnn,14632
7,17,12,m_cnn,14632
7,17,13,m_cnn,14632
7,17,14,m_cnn,14632
7,17,15,m_cnn,14632
7,17,16,m_cnn,14632
7,17,17,m_cnn,14632
8,17,1,SYSTEM:ExtraMonitor,488476
8,17,2,m_cnn,14632
8,17,3,m_cnn,14632
8,17,4,m_cnn,14632
8,17,5,m_cnn,14632
8,17,6,m_cnn,14632
8,17,7,m_cnn,14632
8,17,8,m_cnn,14632
8,17,9,m_cnn,14632
8,17,10,m_cnn,14632
8,17,11,m_cnn,14632
8,17,12,m_cnn,14632
8,17,13,m_cnn,14632
8,17,14,m_cnn,14632
8,17,15,m_cnn,14632
8,17,16,m_cnn,14632
8,17,17,m_cnn,14632
9,17,1,SYSTEM:ExtraMonitor,488476
9,17,2,m_cnn,14632
9,17,3,m_cnn,14632
9,17,4,m_cnn,14632
9,17,5,m_cnn,14632
9,17,6,m_cnn,14632
9,17,7,m_cnn,14632
9,17,8,m_cnn,14632
9,17,9,m_cnn,14632
9,17,10,m_cnn,14632
9,17,11,m_cnn,14632
9,17,12,m_cnn,14632
9,17,13,m_cnn,14632
9,17,14,m_cnn,14632
9,17,15,m_cnn,14632
9,17,16,m_cnn,14632
10,17,1,SYSTEM:ExtraMonitor,488476
10,17,2,m_cnn,14632
10,17,3,m_cnn,14632
10,17,4,m_cnn,14632
10,17,5,m_cnn,14632
10,17,6,m_cnn,14632
10,17,7,m_cnn,14632
10,17,8,m_cnn,14632
10,17,9,m_cnn,14632
10,17,10,m_cnn,14632
10,17,11,m_cnn,14632
10,17,12,m_cnn,14632
10,17,13,m_cnn,14632
10,17,14,m_cnn,14632
10,17,15,m_cnn,14632
10,17,16,m_cnn,14632
11,17,1,SYSTEM:ExtraMonitor,488476
11,17,2,m_cnn,14632
11,17,3,m_cnn,14632
11,17,4,m_cnn,14632
11,17,5,m_cnn,14632
11,17,6,m_cnn,14632
11,17,7,m_cnn,14632
11,17,8,m_cnn,14632
11,17,9,m_cnn,14632
11,17,10,m_cnn,14632
11,17,11,m_cnn,14632
11,17,12,m_cnn,14632
11,17,13,m_cnn,14632
11,17,14,m_cnn,14632
11,17,15,m_cnn,14632
11,17,16,m_cnn,14632
12,17,1,SYSTEM:ExtraMonitor,488476
12,17,2,m_cnn,14632
12,17,3,m_cnn,14632
12,17,4,m_cnn,14632
12,17,5,m_cnn,14632
12,17,6,m_cnn,14632
12,17,7,m_cnn,14632
12,17,8,m_cnn,14632
12,17,9,m_cnn,14632
12,17,10,m_cnn,14632
12,17,11,m_cnn,14632
12,17,12,m_cnn,14632
12,17,13,m_cnn,14632
12,17,14,m_cnn,14632
12,17,15,m_cnn,14632
12,17,16,m_cnn,14632
12,17,17,m_cnn,14632
13,17,1,SYSTEM:ExtraMonitor,488476
13,17,2,m_cnn,14632
13,17,3,m_cnn,14632
13,17,4,m_cnn,14632
13,17,5,m_cnn,14632
13,17,6,m_cnn,14632
13,17,7,m_cnn,14632
13,17,8,m_cnn,14632
13,17,9,m_cnn,14632
13,17,10,m_cnn,14632
13,17,11,m_cnn,14632
13,17,12,m_cnn,14632
13,17,13,m_cnn,14632
13,17,14,m_cnn,14632
13,17,15,m_cnn,14632
13,17,16,m_cnn,14632
13,17,17,m_cnn,14632
14,17,1,SYSTEM:ExtraMonitor,488476
14,17,2,m_cnn,14632
14,17,3,m_cnn,14632
14,17,4,m_cnn,14632
14,17,5,m_cnn,14632
14,17,6,m_cnn,14632
14,17,7,m_cnn,14632
14,17,8,m_cnn,14632
14,17,9,m_cnn,14632
14,17,10,m_cnn,14632
14,17,11,m_cnn,14632
14,17,12,m_cnn,14632
14,17,13,m_cnn,14632
14,17,14,m_cnn,14632
14,17,15,m_cnn,14632
14,17,16,m_cnn,14632
15,17,1,SYSTEM:ExtraMonitor,488476
15,17,2,m_cnn,14632
15,17,3,m_cnn,14632
15,17,4,m_cnn,14632
15,17,5,m_cnn,14632
15,17,6,m_cnn,14632
15,17,7,m_cnn,14632
15,17,8,m_cnn,14632
15,17,9,m_cnn,14632
15,17,10,m_cnn,14632
15,17,11,m_cnn,14632
15,17,12,m_cnn,14632
15,17,13,m_cnn,14632
15,17,14,m_cnn,14632
15,17,15,m_cnn,14632
15,17,16,m_cnn,14632
15,17,17,m_cnn,14632
16,17,1,SYSTEM:ExtraMonitor,488476
16,17,2,m_cnn,14632
16,17,3,m_cnn,14632
16,17,4,m_cnn,14632
16,17,5,m_cnn,14632
16,17,6,m_cnn,14632
16,17,7,m_cnn,14632
16,17,8,m_cnn,14632
16,17,9,m_cnn,14632
16,17,10,m_cnn,14632
16,17,11,m_cnn,14632
16,17,12,m_cnn,14632
16,17,13,m_cnn,14632
16,17,14,m_cnn,14632
16,17,15,m_cnn,14632
16,17,16,m_cnn,14632
17,17,1,SYSTEM:ExtraMonitor,488476
17,17,2,m_cnn,14632
17,17,3,m_cnn,14632
17,17,4,m_cnn,14632
17,17,5,m_cnn,14632
17,17,6,m_cnn,14632
17,17,7,m_cnn,14632
17,17,8,m_cnn,14632
17,17,9,m_cnn,14632
17,17,10,m_cnn,14632
17,17,11,m_cnn,14632
17,17,12,m_cnn,14632
17,17,13,m_cnn,14632
17,17,14,m_cnn,14632
17,17,15,m_cnn,14632
17,17,16,m_cnn,14632
17,17,17,m_cnn,14632
18,17,1,SYSTEM:ExtraMonitor,488476
18,17,2,m_cnn,14632
18,17,3,m_cnn,14632
18,17,4,m_cnn,14632
18,17,5,m_cnn,14632
18,17,6,m_cnn,14632
18,17,7,m_cnn,14632
18,17,8,m_cnn,14632
18,17,9,m_cnn,14632
18,17,10,m_cnn,14632
18,17,11,m_cnn,14632
18,17,12,m_cnn,14632
18,17,13,m_cnn,14632
18,17,14,m_cnn,14632
18,17,15,m_cnn,14632
18,17,16,m_cnn,14632
19,17,1,SYSTEM:ExtraMonitor,488476
19,17,2,m_cnn,14632
19,17,3,m_cnn,14632
19,17,4,m_cnn,14632
19,17,5,m_cnn,14632
19,17,6,m_cnn,14632
19,17,7,m_cnn,14632
19,17,8,m_cnn,14632
19,17,9,m_cnn,14632
19,17,10,m_cnn,14632
19,17,11,m_cnn,14632
19,17,12,m_cnn,14632
19,17,13,m_cnn,14632
19,17,14,m_cnn,14632
19,17,15,m_cnn,14632
19,17,16,m_cnn,14632
19,17,17,m_cnn,14632
20,17,1,SYSTEM:ExtraMonitor,488476
20,17,2,s_cnn,14632
20,17,3,s_cnn,14632
20,17,4,s_cnn,14632
20,17,5,s_cnn,14632
20,17,6,s_cnn,14632
20,17,7,s_cnn,14632
20,17,8,s_cnn,14632
20,17,9,s_cnn,14632
20,17,10,s_cnn,14632
20,17,11,s_cnn,14632
20,17,12,s_cnn,14632
20,17,13,s_cnn,14632
20,17,14,s_cnn,14632
20,17,15,s_cnn,14632
20,17,16,s_cnn,14632
20,17,17,s_cnn,14632
21,17,1,SYSTEM:ExtraMonitor,488476
21,17,2,s_cnn,14632
21,17,3,s_cnn,14632
21,17,4,s_cnn,14632
21,17,5,s_cnn,14632
21,17,6,s_cnn,14632
21,17,7,s_cnn,14632
21,17,8,s_cnn,14632
21,17,9,s_cnn,14632
21,17,10,s_cnn,14632
21,17,11,s_cnn,14632
21,17,12,s_cnn,14632
21,17,13,s_cnn,14632
21,17,14,s_cnn,14632
21,17,15,s_cnn,14632
21,17,16,s_cnn,14632
22,17,1,SYSTEM:ExtraMonitor,488476
22,17,2,s_cnn,14632
22,17,3,s_cnn,14632
22,17,4,s_cnn,14632
22,17,5,s_cnn,14632
22,17,6,s_cnn,14632
22,17,7,s_cnn,14632
22,17,8,s_cnn,14632
22,17,9,s_cnn,14632
22,17,10,s_cnn,14632
22,17,11,s_cnn,14632
22,17,12,s_cnn,14632
22,17,13,s_cnn,14632
22,17,14,s_cnn,14632
22,17,15,s_cnn,14632
22,17,16,s_cnn,14632
22,17,17,s_cnn,14632
23,17,1,SYSTEM:ExtraMonitor,488476
23,17,2,s_cnn,14632
23,17,3,s_cnn,14632
23,17,4,s_cnn,14632
23,17,5,s_cnn,14632
23,17,6,s_cnn,14632
23,17,7,s_cnn,14632
23,17,8,s_cnn,14632
23,17,9,s_cnn,14632
23,17,10,s_cnn,14632
23,17,11,s_cnn,14632
23,17,12,s_cnn,14632
23,17,13,s_cnn,14632
23,17,14,s_cnn,14632
23,17,15,s_cnn,14632
23,17,16,s_cnn,14632
0,18,1,SYSTEM:ExtraMonitor,488476
0,18,2,s_cnn,14632
0,18,3,s_cnn,14632
0,18,4,s_cnn,14632
0,18,5,s_cnn,14632
0,18,6,s_cnn,14632
0,18,7,s_cnn,14632
0,18,8,s_cnn,14632
0,18,9,s_cnn,14632
0,18,10,s_cnn,14632
0,18,11,s_cnn,14632
0,18,12,s_cnn,14632
0,18,13,s_cnn,14632
0,18,14,s_cnn,14632
0,18,15,s_cnn,14632
0,18,16,s_cnn,14632
0,18,17,s_cnn,14632
1,18,1,SYSTEM:ExtraMonitor,488476
1,18,2,s_cnn,14632
1,18,3,s_cnn,14632
1,18,4,s_cnn,14632
1,18,5,s_cnn,14632
1,18,6,s_cnn,14632
1,18,7,s_cnn,14632
1,18,8,s_cnn,14632
1,18,9,s_cnn,14632
1,18,10,s_cnn,14632
1,18,11,s_cnn,14632
1,18,12,s_cnn,14632
1,18,13,s_cnn,14632
1,18,14,s_cnn,14632
1,18,15,s_cnn,14632
1,18,16,s_cnn,14632
1,18,17,s_cnn,14632
2,18,1,SYSTEM:ExtraMonitor,488476
2,18,2,m_cnn,14632
2,18,3,m_cnn,14632
2,18,4,m_cnn,14632
2,18,5,m_cnn,14632
2,18,6,m_cnn,14632
2,18,7,m_cnn,14632
2,18,8,m_cnn,14632
2,18,9,m_cnn,14632
2,18,10,m_cnn,14632
2,18,11,m_cnn,14632
2,18,12,m_cnn,14632
2,18,13,m_cnn,14632
2,18,14,m_cnn,14632
2,18,15,m_cnn,14632
2,18,16,m_cnn,14632
2,18,17,m_cnn,14632
3,18,1,SYSTEM:ExtraMonitor,488476
3,18,2,m_cnn,14632
3,18,3,m_cnn,14632
3,18,4,m_cnn,14632
3,18,5,m_cnn,14632
3,18,6,m_cnn,14632
3,18,7,m_cnn,14632
3,18,8,m_cnn,14632
3,18,9,m_cnn,14632
3,18,10,m_cnn,14632
3,18,11,m_cnn,14632
3,18,12,m_cnn,14632
3,18,13,m_cnn,14632
3,18,14,m_cnn,14632
3,18,15,m_cnn,14632
3,18,16,m_cnn,14632
3,18,17,m_cnn,14632
4,18,1,SYSTEM:ExtraMonitor,488476
4,18,2,m_cnn,14632
4,18,3,m_cnn,14632
4,18,4,m_cnn,14632
4,18,5,m_cnn,14632
4,18,6,m_cnn,14632
4,18,7,m_cnn,14632
4,18,8,m_cnn,14632
4,18,9,m_cnn,14632
4,18,10,m_cnn,14632
4,18,11,m_cnn,14632
4,18,12,m_cnn,14632
4,18,13,m_cnn,14632
4,18,14,m_cnn,14632
4,18,15,m_cnn,14632
4,18,16,m_cnn,14632
5,18,1,SYSTEM:ExtraMonitor,488476
5,18,2,m_cnn,14632
5,18,3,m_cnn,14632
5,18,4,m_cnn,14632
5,18,5,m_cnn,14632
5,18,6,m_cnn,14632
5,18,7,m_cnn,14632
5,18,8,m_cnn,14632
5,18,9,m_cnn,14632
5,18,10,m_cnn,14632
5,18,11,m_cnn,14632
5,18,12,m_cnn,14632
5,18,13,m_cnn,14632
5,18,14,m_cnn,14632
5,18,15,m_cnn,14632
5,18,16,m_cnn,14632
5,18,17,m_cnn,14632
6,18,1,SYSTEM:ExtraMonitor,488476
6,18,2,m_cnn,14632
6,18,3,m_cnn,14632
6,18,4,m_cnn,14632
6,18,5,m_cnn,14632
6,18,6,m_cnn,14632
6,18,7,m_cnn,14632
6,18,8,m_cnn,14632
6,18,9,m_cnn,14632
6,18,10,m_cnn,14632
6,18,11,m_cnn,14632
6,18,12,m_cnn,14632
6,18,13,m_cnn,14632
6,18,14,m_cnn,14632
6,18,15,m_cnn,14632
6,18,16,m_cnn,14632
6,18,17,m_cnn,14632
7,18,1,SYSTEM:ExtraMonitor,488476
7,18,2,m_cnn,14632
7,18,3,m_cnn,14632
7,18,4,m_cnn,14632
7,18,5,m_cnn,14632
7,18,6,m_cnn,14632
7,18,7,m_cnn,14632
7,18,8,m_cnn,14632
7,18,9,m_cnn,14632
7,18,10,m_cnn,14632
7,18,11,m_cnn,14632
7,18,12,m_cnn,14632
7,18,13,m_cnn,14632
7,18,14,m_cnn,14632
7,18,15,m_cnn,14632
7,18,16,m_cnn,14632
7,18,17,m_cnn,14632
8,18,1,SYSTEM:ExtraMonitor,488476
8,18,2,m_cnn,14632
8,18,3,m_cnn,14632
8,18,4,m_cnn,14632
8,18,5,m_cnn,14632
8,18,6,m_cnn,14632
8,18,7,m_cnn,14632
8,18,8,m_cnn,14632
8,18,9,m_cnn,14632
8,18,10,m_cnn,14632
8,18,11,m_cnn,14632
8,18,12,m_cnn,14632
8,18,13,m_cnn,14632
8,18,14,m_cnn,14632
8,18,15,m_cnn,14632
8,18,16,m_cnn,14632
8,18,17,m_cnn,14632
9,18,1,SYSTEM:ExtraMonitor,488476
9,18,2,m_cnn,14632
9,18,3,m_cnn,14632
9,18,4,m_cnn,14632
9,18,5,m_cnn,14632
9,18,6,m_cnn,14632
9,18,7,m_cnn,14632
9,18,8,m_cnn,14632
9,18,9,m_cnn,14632
9,18,10,m_cnn,14632
9,18,11,m_cnn,14632
9,18,12,m_cnn,14632
9,18,13,m_cnn,14632
9,18,14,m_cnn,14632
9,18,15,m_cnn,14632
9,18,16,m_cnn,14632
9,18,17,m_cnn,14632
10,18,1,SYSTEM:ExtraMonitor,488476
10,18,2,m_cnn,14632
10,18,3,m_cnn,14632
10,18,4,m_cnn,14632
10,18,5,m_cnn,14632
10,18,6,m_cnn,14632
10,18,7,m_cnn,14632
10,18,8,m_cnn,14632
10,18,9,m_cnn,14632
10,18,10,m_cnn,14632
10,18,11,m_cnn,14632
10,18,12,m_cnn,14632
10,18,13,m_cnn,14632
10,18,14,m_cnn,14632
10,18,15,m_cnn,14632
10,18,16,m_cnn,14632
10,18,17,m_cnn,14632
11,18,1,SYSTEM:ExtraMonitor,488476
11,18,2,m_cnn,14632
11,18,3,m_cnn,14632
11,18,4,m_cnn,14632
11,18,5,m_cnn,14632
11,18,6,m_cnn,14632
11,18,7,m_cnn,14632
11,18,8,m_cnn,14632
11,18,9,m_cnn,14632
11,18,10,m_cnn,14632
11,18,11,m_cnn,14632
11,18,12,m_cnn,14632
11,18,13,m_cnn,14632
11,18,14,m_cnn,14632
11,18,15,m_cnn,14632
11,18,16,m_cnn,14632
11,18,17,m_cnn,14632
12,18,1,SYSTEM:ExtraMonitor,488476
12,18,2,m_cnn,14632
12,18,3,m_cnn,14632
12,18,4,m_cnn,14632
12,18,5,m_cnn,14632
12,18,6,m_cnn,14632
12,18,7,m_cnn,14632
12,18,8,m_cnn,14632
12,18,9,m_cnn,14632
12,18,10,m_cnn,14632
12,18,11,m_cnn,14632
12,18,12,m_cnn,14632
12,18,13,m_cnn,14632
12,18,14,m_cnn,14632
12,18,15,m_cnn,14632
12,18,16,m_cnn,14632
12,18,17,m_cnn,14632
14,18,1,SYSTEM:ExtraMonitor,488476
14,18,2,m_cnn,14632
14,18,3,m_cnn,14632
14,18,4,m_cnn,14632
14,18,5,m_cnn,14632
14,18,6,m_cnn,14632
14,18,7,m_cnn,14632
14,18,8,m_cnn,14632
14,18,9,m_cnn,14632
14,18,10,m_cnn,14632
14,18,11,m_cnn,14632
14,18,12,m_cnn,14632
14,18,13,m_cnn,14632
14,18,14,m_cnn,14632
14,18,15,m_cnn,14632
14,18,16,m_cnn,14632
14,18,17,m_cnn,14632
15,18,1,SYSTEM:ExtraMonitor,488476
15,18,2,m_cnn,14632
15,18,3,m_cnn,14632
15,18,4,m_cnn,14632
15,18,5,m_cnn,14632
15,18,6,m_cnn,14632
15,18,7,m_cnn,14632
15,18,8,m_cnn,14632
15,18,9,m_cnn,14632
15,18,10,m_cnn,14632
15,18,11,m_cnn,14632
15,18,12,m_cnn,14632
15,18,13,m_cnn,14632
15,18,14,m_cnn,14632
15,18,15,m_cnn,14632
15,18,16,m_cnn,14632
15,18,17,m_cnn,14632
16,18,1,SYSTEM:ExtraMonitor,488476
16,18,2,m_cnn,14632
16,18,3,m_cnn,14632
16,18,4,m_cnn,14632
16,18,5,m_cnn,14632
16,18,6,m_cnn,14632
16,18,7,m_cnn,14632
16,18,8,m_cnn,14632
16,18,9,m_cnn,14632
16,18,10,m_cnn,14632
16,18,11,m_cnn,14632
16,18,12,m_cnn,14632
16,18,13,m_cnn,14632
16,18,14,m_cnn,14632
16,18,15,m_cnn,14632
16,18,16,m_cnn,14632
16,18,17,m_cnn,14632
17,18,1,SYSTEM:ExtraMonitor,488476
17,18,2,m_cnn,14632
17,18,3,m_cnn,14632
17,18,4,m_cnn,14632
17,18,5,m_cnn,14632
17,18,6,m_cnn,14632
17,18,7,m_cnn,14632
17,18,8,m_cnn,14632
17,18,9,m_cnn,14632
17,18,10,m_cnn,14632
17,18,11,m_cnn,14632
17,18,12,m_cnn,14632
17,18,13,m_cnn,14632
17,18,14,m_cnn,14632
17,18,15,m_cnn,14632
17,18,16,m_cnn,14632
17,18,17,m_cnn,14632
18,18,1,SYSTEM:ExtraMonitor,488476
18,18,2,m_cnn,14632
18,18,3,m_cnn,14632
18,18,4,m_cnn,14632
18,18,5,m_cnn,14632
18,18,6,m_cnn,14632
18,18,7,m_cnn,14632
18,18,8,m_cnn,14632
18,18,9,m_cnn,14632
18,18,10,m_cnn,14632
18,18,11,m_cnn,14632
18,18,12,m_cnn,14632
18,18,13,m_cnn,14632
18,18,14,m_cnn,14632
18,18,15,m_cnn,14632
18,18,16,m_cnn,14632
18,18,17,m_cnn,14632
19,18,1,SYSTEM:ExtraMonitor,488476
19,18,2,m_cnn,14632
19,18,3,m_cnn,14632
19,18,4,m_cnn,14632
19,18,5,m_cnn,14632
19,18,6,m_cnn,14632
19,18,7,m_cnn,14632
19,18,8,m_cnn,14632
19,18,9,m_cnn,14632
19,18,10,m_cnn,14632
19,18,11,m_cnn,14632
19,18,12,m_cnn,14632
19,18,13,m_cnn,14632
19,18,14,m_cnn,14632
19,18,15,m_cnn,14632
19,18,16,m_cnn,14632
19,18,17,m_cnn,14632
20,18,1,SYSTEM:ExtraMonitor,488476
20,18,2,s_cnn,14632
20,18,3,s_cnn,14632
20,18,4,s_cnn,14632
20,18,5,s_cnn,14632
20,18,6,s_cnn,14632
20,18,7,s_cnn,14632
20,18,8,s_cnn,14632
20,18,9,s_cnn,14632
20,18,10,s_cnn,14632
20,18,11,s_cnn,14632
20,18,12,s_cnn,14632
20,18,13,s_cnn,14632
20,18,14,s_cnn,14632
20,18,15,s_cnn,14632
20,18,16,s_cnn,14632
20,18,17,s_cnn,14632
21,18,1,SYSTEM:ExtraMonitor,488476
21,18,2,s_cnn,14632
21,18,3,s_cnn,14632
21,18,4,s_cnn,14632
21,18,5,s_cnn,14632
21,18,6,s_cnn,14632
21,18,7,s_cnn,14632
21,18,8,s_cnn,14632
21,18,9,s_cnn,14632
21,18,10,s_cnn,14632
21,18,11,s_cnn,14632
21,18,12,s_cnn,14632
21,18,13,s_cnn,14632
21,18,14,s_cnn,14632
21,18,15,s_cnn,14632
21,18,16,s_cnn,14632
21,18,17,s_cnn,14632
22,18,1,SYSTEM:ExtraMonitor,488476
22,18,2,s_cnn,14632
22,18,3,s_cnn,14632
22,18,4,s_cnn,14632
22,18,5,s_cnn,14632
22,18,6,s_cnn,14632
22,18,7,s_cnn,14632
22,18,8,s_cnn,14632
22,18,9,s_cnn,14632
22,18,10,s_cnn,14632
22,18,11,s_cnn,14632
22,18,12,s_cnn,14632
22,18,13,s_cnn,14632
22,18,14,s_cnn,14632
22,18,15,s_cnn,14632
22,18,16,s_cnn,14632
22,18,17,s_cnn,14632
23,18,1,SYSTEM:ExtraMonitor,488476
23,18,2,s_cnn,14632
23,18,3,s_cnn,14632
23,18,4,s_cnn,14632
23,18,5,s_cnn,14632
23,18,6,s_cnn,14632
23,18,7,s_cnn,14632
23,18,8,s_cnn,14632
23,18,9,s_cnn,14632
23,18,10,s_cnn,14632
23,18,11,s_cnn,14632
23,18,12,s_cnn,14632
23,18,13,s_cnn,14632
23,18,14,s_cnn,14632
23,18,15,s_cnn,14632
23,18,16,s_cnn,14632
23,18,17,s_cnn,14632
0,19,1,SYSTEM:ExtraMonitor,488476
0,19,2,s_cnn,14632
0,19,3,s_cnn,14632
0,19,4,s_cnn,14632
0,19,5,s_cnn,14632
0,19,6,s_cnn,14632
0,19,7,s_cnn,14632
0,19,8,s_cnn,14632
0,19,9,s_cnn,14632
0,19,10,s_cnn,14632
0,19,11,s_cnn,14632
0,19,12,s_cnn,14632
0,19,13,s_cnn,14632
0,19,14,s_cnn,14632
0,19,15,s_cnn,14632
0,19,16,s_cnn,14632
0,19,17,s_cnn,14632
1,19,1,SYSTEM:ExtraMonitor,488476
1,19,2,s_cnn,14632
1,19,3,s_cnn,14632
1,19,4,s_cnn,14632
1,19,5,s_cnn,14632
1,19,6,s_cnn,14632
1,19,7,s_cnn,14632
1,19,8,s_cnn,14632
1,19,9,s_cnn,14632
1,19,10,s_cnn,14632
1,19,11,s_cnn,14632
1,19,12,s_cnn,14632
1,19,13,s_cnn,14632
1,19,14,s_cnn,14632
1,19,15,s_cnn,14632
1,19,16,s_cnn,14632
2,19,1,SYSTEM:ExtraMonitor,488476
2,19,2,s_cnn,14632
2,19,3,s_cnn,14632
2,19,4,s_cnn,14632
2,19,5,s_cnn,14632
2,19,6,s_cnn,14632
2,19,7,s_cnn,14632
2,19,8,s_cnn,14632
2,19,9,s_cnn,14632
2,19,10,s_cnn,14632
2,19,11,s_cnn,14632
2,19,12,s_cnn,14632
2,19,13,s_cnn,14632
2,19,14,s_cnn,14632
2,19,15,s_cnn,14632
2,19,16,s_cnn,14632
2,19,17,s_cnn,14632
3,19,1,SYSTEM:ExtraMonitor,488476
3,19,2,m_cnn,14632
3,19,3,m_cnn,14632
3,19,4,m_cnn,14632
3,19,5,m_cnn,14632
3,19,6,m_cnn,14632
3,19,7,m_cnn,14632
3,19,8,m_cnn,14632
3,19,9,m_cnn,14632
3,19,10,m_cnn,14632
3,19,11,m_cnn,14632
3,19,12,m_cnn,14632
3,19,13,m_cnn,14632
3,19,14,m_cnn,14632
3,19,15,m_cnn,14632
3,19,16,m_cnn,14632
3,19,17,m_cnn,14632
4,19,1,SYSTEM:ExtraMonitor,488476
4,19,2,m_cnn,14632
4,19,3,m_cnn,14632
4,19,4,m_cnn,14632
4,19,5,m_cnn,14632
4,19,6,m_cnn,14632
4,19,7,m_cnn,14632
4,19,8,m_cnn,14632
4,19,9,m_cnn,14632
4,19,10,m_cnn,14632
4,19,11,m_cnn,14632
4,19,12,m_cnn,14632
4,19,13,m_cnn,14632
4,19,14,m_cnn,14632
4,19,15,m_cnn,14632
4,19,16,m_cnn,14632
4,19,17,m_cnn,14632
5,19,1,SYSTEM:ExtraMonitor,488476
5,19,2,m_cnn,14632
5,19,3,m_cnn,14632
5,19,4,m_cnn,14632
5,19,5,m_cnn,14632
5,19,6,m_cnn,14632
5,19,7,m_cnn,14632
5,19,8,m_cnn,14632
5,19,9,m_cnn,14632
5,19,10,m_cnn,14632
5,19,11,m_cnn,14632
5,19,12,m_cnn,14632
5,19,13,m_cnn,14632
5,19,14,m_cnn,14632
5,19,15,m_cnn,14632
5,19,16,m_cnn,14632
5,19,17,m_cnn,14632
6,19,1,SYSTEM:ExtraMonitor,488476
6,19,2,m_cnn,14632
6,19,3,m_cnn,14632
6,19,4,m_cnn,14632
6,19,5,m_cnn,14632
6,19,6,m_cnn,14632
6,19,7,m_cnn,14632
6,19,8,m_cnn,14632
6,19,9,m_cnn,14632
6,19,10,m_cnn,14632
6,19,11,m_cnn,14632
6,19,12,m_cnn,14632
6,19,13,m_cnn,14632
6,19,14,m_cnn,14632
6,19,15,m_cnn,14632
6,19,16,m_cnn,14632
6,19,17,m_cnn,14632
7,19,1,SYSTEM:ExtraMonitor,488476
7,19,2,m_cnn,14632
7,19,3,m_cnn,14632
7,19,4,m_cnn,14632
7,19,5,m_cnn,14632
7,19,6,m_cnn,14632
7,19,7,m_cnn,14632
7,19,8,m_cnn,14632
7,19,9,m_cnn,14632
7,19,10,m_cnn,14632
7,19,11,m_cnn,14632
7,19,12,m_cnn,14632
7,19,13,m_cnn,14632
7,19,14,m_cnn,14632
7,19,15,m_cnn,14632
7,19,16,m_cnn,14632
7,19,17,m_cnn,14632
8,19,1,SYSTEM:ExtraMonitor,488476
8,19,2,m_cnn,14632
8,19,3,m_cnn,14632
8,19,4,m_cnn,14632
8,19,5,m_cnn,14632
8,19,6,m_cnn,14632
8,19,7,m_cnn,14632
8,19,8,m_cnn,14632
8,19,9,m_cnn,14632
8,19,10,m_cnn,14632
8,19,11,m_cnn,14632
8,19,12,m_cnn,14632
8,19,13,m_cnn,14632
8,19,14,m_cnn,14632
8,19,15,m_cnn,14632
8,19,16,m_cnn,14632
8,19,17,m_cnn,14632
9,19,1,SYSTEM:ExtraMonitor,488476
9,19,2,m_cnn,14632
9,19,3,m_cnn,14632
9,19,4,m_cnn,14632
9,19,5,m_cnn,14632
9,19,6,m_cnn,14632
9,19,7,m_cnn,14632
9,19,8,m_cnn,14632
9,19,9,m_cnn,14632
9,19,10,m_cnn,14632
9,19,11,m_cnn,14632
9,19,12,m_cnn,14632
9,19,13,m_cnn,14632
9,19,14,m_cnn,14632
9,19,15,m_cnn,14632
9,19,16,m_cnn,14632
10,19,1,SYSTEM:ExtraMonitor,488476
10,19,2,m_cnn,14632
10,19,3,m_cnn,14632
10,19,4,m_cnn,14632
10,19,5,m_cnn,14632
10,19,6,m_cnn,14632
10,19,7,m_cnn,14632
10,19,8,m_cnn,14632
10,19,9,m_cnn,14632
10,19,10,m_cnn,14632
10,19,11,m_cnn,14632
10,19,12,m_cnn,14632
10,19,13,m_cnn,14632
10,19,14,m_cnn,14632
10,19,15,m_cnn,14632
10,19,16,m_cnn,14632
10,19,17,m_cnn,14632
11,19,1,SYSTEM:ExtraMonitor,488476
11,19,2,m_cnn,14632
11,19,3,m_cnn,14632
11,19,4,m_cnn,14632
11,19,5,m_cnn,14632
11,19,6,m_cnn,14632
11,19,7,m_cnn,14632
11,19,8,m_cnn,14632
11,19,9,m_cnn,14632
11,19,10,m_cnn,14632
11,19,11,m_cnn,14632
11,19,12,m_cnn,14632
11,19,13,m_cnn,14632
11,19,14,m_cnn,14632
11,19,15,m_cnn,14632
11,19,16,m_cnn,14632
12,19,1,SYSTEM:ExtraMonitor,488476
12,19,2,m_cnn,14632
12,19,3,m_cnn,14632
12,19,4,m_cnn,14632
12,19,5,m_cnn,14632
12,19,6,m_cnn,14632
12,19,7,m_cnn,14632
12,19,8,m_cnn,14632
12,19,9,m_cnn,14632
12,19,10,m_cnn,14632
12,19,11,m_cnn,14632
12,19,12,m_cnn,14632
12,19,13,m_cnn,14632
12,19,14,m_cnn,14632
12,19,15,m_cnn,14632
12,19,16,m_cnn,14632
12,19,17,m_cnn,14632
13,19,1,SYSTEM:ExtraMonitor,488476
13,19,2,m_cnn,14632
13,19,3,m_cnn,14632
13,19,4,m_cnn,14632
13,19,5,m_cnn,14632
13,19,6,m_cnn,14632
13,19,7,m_cnn,14632
13,19,8,m_cnn,14632
13,19,9,m_cnn,14632
13,19,10,m_cnn,14632
13,19,11,m_cnn,14632
13,19,12,m_cnn,14632
13,19,13,m_cnn,14632
13,19,14,m_cnn,14632
13,19,15,m_cnn,14632
13,19,16,m_cnn,14632
14,19,1,SYSTEM:ExtraMonitor,488476
14,19,2,m_cnn,14632
14,19,3,m_cnn,14632
14,19,4,m_cnn,14632
14,19,5,m_cnn,14632
14,19,6,m_cnn,14632
14,19,7,m_cnn,14632
14,19,8,m_cnn,14632
14,19,9,m_cnn,14632
14,19,10,m_cnn,14632
14,19,11,m_cnn,14632
14,19,12,m_cnn,14632
14,19,13,m_cnn,14632
14,19,14,m_cnn,14632
14,19,15,m_cnn,14632
14,19,16,m_cnn,14632
14,19,17,m_cnn,14632
15,19,1,SYSTEM:ExtraMonitor,488476
15,19,2,m_cnn,14632
15,19,3,m_cnn,14632
15,19,4,m_cnn,14632
15,19,5,m_cnn,14632
15,19,6,m_cnn,14632
15,19,7,m_cnn,14632
15,19,8,m_cnn,14632
15,19,9,m_cnn,14632
15,19,10,m_cnn,14632
15,19,11,m_cnn,14632
15,19,12,m_cnn,14632
15,19,13,m_cnn,14632
15,19,14,m_cnn,14632
15,19,15,m_cnn,14632
15,19,16,m_cnn,14632
15,19,17,m_cnn,14632
16,19,1,SYSTEM:ExtraMonitor,488476
16,19,2,m_cnn,14632
16,19,3,m_cnn,14632
16,19,4,m_cnn,14632
16,19,5,m_cnn,14632
16,19,6,m_cnn,14632
16,19,7,m_cnn,14632
16,19,8,m_cnn,14632
16,19,9,m_cnn,14632
16,19,10,m_cnn,14632
16,19,11,m_cnn,14632
16,19,12,m_cnn,14632
16,19,13,m_cnn,14632
16,19,14,m_cnn,14632
16,19,15,m_cnn,14632
16,19,16,m_cnn,14632
16,19,17,m_cnn,14632
17,19,1,SYSTEM:ExtraMonitor,488476
17,19,2,m_cnn,14632
17,19,3,m_cnn,14632
17,19,4,m_cnn,14632
17,19,5,m_cnn,14632
17,19,6,m_cnn,14632
17,19,7,m_cnn,14632
17,19,8,m_cnn,14632
17,19,9,m_cnn,14632
17,19,10,m_cnn,14632
17,19,11,m_cnn,14632
17,19,12,m_cnn,14632
17,19,13,m_cnn,14632
17,19,14,m_cnn,14632
17,19,15,m_cnn,14632
17,19,16,m_cnn,14632
17,19,17,m_cnn,14632
18,19,1,SYSTEM:ExtraMonitor,488476
18,19,2,m_cnn,14632
18,19,3,m_cnn,14632
18,19,4,m_cnn,14632
18,19,5,m_cnn,14632
18,19,6,m_cnn,14632
18,19,7,m_cnn,14632
18,19,8,m_cnn,14632
18,19,9,m_cnn,14632
18,19,10,m_cnn,14632
18,19,11,m_cnn,14632
18,19,12,m_cnn,14632
18,19,13,m_cnn,14632
18,19,14,m_cnn,14632
18,19,15,m_cnn,14632
18,19,16,m_cnn,14632
18,19,17,m_cnn,14632
19,19,1,SYSTEM:ExtraMonitor,488476
19,19,2,m_cnn,14632
19,19,3,m_cnn,14632
19,19,4,m_cnn,14632
19,19,5,m_cnn,14632
19,19,6,m_cnn,14632
19,19,7,m_cnn,14632
19,19,8,m_cnn,14632
19,19,9,m_cnn,14632
19,19,10,m_cnn,14632
19,19,11,m_cnn,14632
19,19,12,m_cnn,14632
19,19,13,m_cnn,14632
19,19,14,m_cnn,14632
19,19,15,m_cnn,14632
19,19,16,m_cnn,14632
19,19,17,m_cnn,14632
20,19,1,SYSTEM:ExtraMonitor,488476
20,19,2,s_cnn,14632
20,19,3,s_cnn,14632
20,19,4,s_cnn,14632
20,19,5,s_cnn,14632
20,19,6,s_cnn,14632
20,19,7,s_cnn,14632
20,19,8,s_cnn,14632
20,19,9,s_cnn,14632
20,19,10,s_cnn,14632
20,19,11,s_cnn,14632
20,19,12,s_cnn,14632
20,19,13,s_cnn,14632
20,19,14,s_cnn,14632
20,19,15,s_cnn,14632
20,19,16,s_cnn,14632
20,19,17,s_cnn,14632
21,19,1,SYSTEM:ExtraMonitor,488476
21,19,2,s_cnn,14632
21,19,3,s_cnn,14632
21,19,4,s_cnn,14632
21,19,5,s_cnn,14632
21,19,6,s_cnn,14632
21,19,7,s_cnn,14632
21,19,8,s_cnn,14632
21,19,9,s_cnn,14632
21,19,10,s_cnn,14632
21,19,11,s_cnn,14632
21,19,12,s_cnn,14632
21,19,13,s_cnn,14632
21,19,14,s_cnn,14632
21,19,15,s_cnn,14632
21,19,16,s_cnn,14632
22,19,1,SYSTEM:ExtraMonitor,488476
22,19,2,s_cnn,14632
22,19,3,s_cnn,14632
22,19,4,s_cnn,14632
22,19,5,s_cnn,14632
22,19,6,s_cnn,14632
22,19,7,s_cnn,14632
22,19,8,s_cnn,14632
22,19,9,s_cnn,14632
22,19,10,s_cnn,14632
22,19,11,s_cnn,14632
22,19,12,s_cnn,14632
22,19,13,s_cnn,14632
22,19,14,s_cnn,14632
22,19,15,s_cnn,14632
22,19,16,s_cnn,14632
22,19,17,s_cnn,14632
23,19,1,SYSTEM:ExtraMonitor,488476
23,19,2,s_cnn,14632
23,19,3,s_cnn,14632
23,19,4,s_cnn,14632
23,19,5,s_cnn,14632
23,19,6,s_cnn,14632
23,19,7,s_cnn,14632
23,19,8,s_cnn,14632
23,19,9,s_cnn,14632
23,19,10,s_cnn,14632
23,19,11,s_cnn,14632
23,19,12,s_cnn,14632
23,19,13,s_cnn,14632
23,19,14,s_cnn,14632
23,19,15,s_cnn,14632
23,19,16,s_cnn,14632
0,20,1,SYSTEM:ExtraMonitor,488476
0,20,2,s_cnn,14632
0,20,3,s_cnn,14632
0,20,4,s_cnn,14632
0,20,5,s_cnn,14632
0,20,6,s_cnn,14632
0,20,7,s_cnn,14632
0,20,8,s_cnn,14632
0,20,9,s_cnn,14632
0,20,10,s_cnn,14632
0,20,11,s_cnn,14632
0,20,12,s_cnn,14632
0,20,13,s_cnn,14632
0,20,14,s_cnn,14632
0,20,15,s_cnn,14632
0,20,16,s_cnn,14632
0,20,17,s_cnn,14632
1,20,1,SYSTEM:ExtraMonitor,488476
1,20,2,s_cnn,14632
1,20,3,s_cnn,14632
1,20,4,s_cnn,14632
1,20,5,s_cnn,14632
1,20,6,s_cnn,14632
1,20,7,s_cnn,14632
1,20,8,s_cnn,14632
1,20,9,s_cnn,14632
1,20,10,s_cnn,14632
1,20,11,s_cnn,14632
1,20,12,s_cnn,14632
1,20,13,s_cnn,14632
1,20,14,s_cnn,14632
1,20,15,s_cnn,14632
1,20,16,s_cnn,14632
1,20,17,s_cnn,14632
2,20,1,SYSTEM:ExtraMonitor,488476
2,20,2,s_cnn,14632
2,20,3,s_cnn,14632
2,20,4,s_cnn,14632
2,20,5,s_cnn,14632
2,20,6,s_cnn,14632
2,20,7,s_cnn,14632
2,20,8,s_cnn,14632
2,20,9,s_cnn,14632
2,20,10,s_cnn,14632
2,20,11,s_cnn,14632
2,20,12,s_cnn,14632
2,20,13,s_cnn,14632
2,20,14,s_cnn,14632
2,20,15,s_cnn,14632
2,20,16,s_cnn,14632
2,20,17,s_cnn,14632
3,20,1,SYSTEM:ExtraMonitor,488476
3,20,2,s_cnn,14632
3,20,3,s_cnn,14632
3,20,4,s_cnn,14632
3,20,5,s_cnn,14632
3,20,6,s_cnn,14632
3,20,7,s_cnn,14632
3,20,8,s_cnn,14632
3,20,9,s_cnn,14632
3,20,10,s_cnn,14632
3,20,11,s_cnn,14632
3,20,12,s_cnn,14632
3,20,13,s_cnn,14632
3,20,14,s_cnn,14632
3,20,15,s_cnn,14632
3,20,16,s_cnn,14632
3,20,17,s_cnn,14632
4,20,1,"SYSTEM:PacketGatherer(20,4)",477250
4,20,2,SYSTEM:ExtraMonitor,488476
5,20,1,SYSTEM:ExtraMonitor,488476
6,20,1,SYSTEM:ExtraMonitor,488476
7,20,1,SYSTEM:ExtraMonitor,488476
8,20,1,SYSTEM:ExtraMonitor,488476
8,20,2,m_cnn,14632
8,20,3,m_cnn,14632
8,20,4,m_cnn,14632
8,20,5,m_cnn,14632
8,20,6,m_cnn,14632
8,20,7,m_cnn,14632
8,20,8,m_cnn,14632
8,20,9,m_cnn,14632
8,20,10,m_cnn,14632
8,20,11,m_cnn,14632
8,20,12,m_cnn,14632
8,20,13,m_cnn,14632
8,20,14,m_cnn,14632
8,20,15,m_cnn,14632
8,20,16,m_cnn,14632
8,20,17,m_cnn,14632
9,20,1,SYSTEM:ExtraMonitor,488476
9,20,2,m_cnn,14632
9,20,3,m_cnn,14632
9,20,4,m_cnn,14632
9,20,5,m_cnn,14632
9,20,6,m_cnn,14632
9,20,7,m_cnn,14632
9,20,8,m_cnn,14632
9,20,9,m_cnn,14632
9,20,10,m_cnn,14632
9,20,11,m_cnn,14632
9,20,12,m_cnn,14632
9,20,13,m_cnn,14632
9,20,14,m_cnn,14632
9,20,15,m_cnn,14632
9,20,16,m_cnn,14632
9,20,17,m_cnn,14632
10,20,1,SYSTEM:ExtraMonitor,488476
10,20,2,m_cnn,14632
10,20,3,m_cnn,14632
10,20,4,m_cnn,14632
10,20,5,m_cnn,14632
10,20,6,m_cnn,14632
10,20,7,m_cnn,14632
10,20,8,m_cnn,14632
10,20,9,m_cnn,14632
10,20,10,m_cnn,14632
10,20,11,m_cnn,14632
10,20,12,m_cnn,14632
10,20,13,m_cnn,14632
10,20,14,m_cnn,14632
10,20,15,m_cnn,14632
10,20,16,m_cnn,14632
10,20,17,m_cnn,14632
11,20,1,SYSTEM:ExtraMonitor,488476
11,20,2,m_cnn,14632
11,20,3,m_cnn,14632
11,20,4,m_cnn,14632
11,20,5,m_cnn,14632
11,20,6,m_cnn,14632
11,20,7,m_cnn,14632
11,20,8,m_cnn,14632
11,20,9,m_cnn,14632
11,20,10,m_cnn,14632
11,20,11,m_cnn,14632
11,20,12,m_cnn,14632
11,20,13,m_cnn,14632
11,20,14,m_cnn,14632
11,20,15,m_cnn,14632
11,20,16,m_cnn,14632
11,20,17,m_cnn,14632
12,20,1,SYSTEM:ExtraMonitor,488476
12,20,2,m_cnn,14632
12,20,3,m_cnn,14632
12,20,4,m_cnn,14632
12,20,5,m_cnn,14632
12,20,6,m_cnn,14632
12,20,7,m_cnn,14632
12,20,8,m_cnn,14632
12,20,9,m_cnn,14632
12,20,10,m_cnn,14632
12,20,11,m_cnn,14632
12,20,12,m_cnn,14632
12,20,13,m_cnn,14632
12,20,14,m_cnn,14632
12,20,15,m_cnn,14632
12,20,16,m_cnn,14632
12,20,17,m_cnn,14632
13,20,1,SYSTEM:ExtraMonitor,488476
13,20,2,m_cnn,14632
13,20,3,m_cnn,14632
13,20,4,m_cnn,14632
13,20,5,m_cnn,14632
13,20,6,m_cnn,14632
13,20,7,m_cnn,14632
13,20,8,m_cnn,14632
13,20,9,m_cnn,14632
13,20,10,m_cnn,14632
13,20,11,m_cnn,14632
13,20,12,m_cnn,14632
13,20,13,m_cnn,14632
13,20,14,m_cnn,14632
13,20,15,m_cnn,14632
13,20,16,m_cnn,14632
13,20,17,m_cnn,14632
14,20,1,SYSTEM:ExtraMonitor,488476
14,20,2,m_cnn,14632
14,20,3,m_cnn,14632
14,20,4,m_cnn,14632
14,20,5,m_cnn,14632
14,20,6,m_cnn,14632
14,20,7,m_cnn,14632
14,20,8,m_cnn,14632
14,20,9,m_cnn,14632
14,20,10,m_cnn,14632
14,20,11,m_cnn,14632
14,20,12,m_cnn,14632
14,20,13,m_cnn,14632
14,20,14,m_cnn,14632
14,20,15,m_cnn,14632
14,20,16,m_cnn,14632
14,20,17,m_cnn,14632
15,20,1,SYSTEM:ExtraMonitor,488476
15,20,2,m_cnn,14632
15,20,3,m_cnn,14632
15,20,4,m_cnn,14632
15,20,5,m_cnn,14632
15,20,6,m_cnn,14632
15,20,7,m_cnn,14632
15,20,8,m_cnn,14632
15,20,9,m_cnn,14632
15,20,10,m_cnn,14632
15,20,11,m_cnn,14632
15,20,12,m_cnn,14632
15,20,13,m_cnn,14632
15,20,14,m_cnn,14632
15,20,15,m_cnn,14632
15,20,16,m_cnn,14632
15,20,17,m_cnn,14632
16,20,1,"SYSTEM:PacketGatherer(20,16)",477250
16,20,2,SYSTEM:ExtraMonitor,488476
16,20,3,s_cnn,14632
16,20,4,s_cnn,14632
16,20,5,s_cnn,14632
16,20,6,s_cnn,14632
16,20,7,s_cnn,14632
16,20,8,s_cnn,14632
16,20,9,s_cnn,14632
16,20,10,s_cnn,14632
16,20,11,s_cnn,14632
16,20,12,s_cnn,14632
16,20,13,s_cnn,14632
16,20,14,s_cnn,14632
16,20,15,s_cnn,14632
16,20,16,s_cnn,14632
16,20,17,s_cnn,14632
17,20,1,SYSTEM:ExtraMonitor,488476
17,20,2,s_cnn,14632
17,20,3,s_cnn,14632
17,20,4,s_cnn,14632
17,20,5,s_cnn,14632
17,20,6,s_cnn,14632
17,20,7,s_cnn,14632
17,20,8,s_cnn,14632
17,20,9,s_cnn,14632
17,20,10,s_cnn,14632
17,20,11,s_cnn,14632
17,20,12,s_cnn,14632
17,20,13,s_cnn,14632
17,20,14,s_cnn,14632
17,20,15,s_cnn,14632
17,20,16,s_cnn,14632
17,20,17,s_cnn,14632
18,20,1,SYSTEM:ExtraMonitor,488476
18,20,2,s_cnn,14632
18,20,3,s_cnn,14632
18,20,4,s_cnn,14632
18,20,5,s_cnn,14632
18,20,6,s_cnn,14632
18,20,7,s_cnn,14632
18,20,8,s_cnn,14632
18,20,9,s_cnn,14632
18,20,10,s_cnn,14632
18,20,11,s_cnn,14632
18,20,12,s_cnn,14632
18,20,13,s_cnn,14632
18,20,14,s_cnn,14632
18,20,15,s_cnn,14632
18,20,16,s_cnn,14632
18,20,17,s_cnn,14632
19,20,1,SYSTEM:ExtraMonitor,488476
19,20,2,s_cnn,14632
19,20,3,s_cnn,14632
19,20,4,s_cnn,14632
19,20,5,s_cnn,14632
19,20,6,s_cnn,14632
19,20,7,s_cnn,14632
19,20,8,s_cnn,14632
19,20,9,s_cnn,14632
19,20,10,s_cnn,14632
19,20,11,s_cnn,14632
19,20,12,s_cnn,14632
19,20,13,s_cnn,14632
19,20,14,s_cnn,14632
19,20,15,s_cnn,14632
19,20,16,s_cnn,14632
19,20,17,s_cnn,14632
20,20,1,SYSTEM:ExtraMonitor,488476
20,20,2,s_cnn,14632
20,20,3,s_cnn,14632
20,20,4,s_cnn,14632
20,20,5,s_cnn,14632
20,20,6,s_cnn,14632
20,20,7,s_cnn,14632
20,20,8,s_cnn,14632
20,20,9,s_cnn,14632
20,20,10,s_cnn,14632
20,20,11,s_cnn,14632
20,20,12,s_cnn,14632
20,20,13,s_cnn,14632
20,20,14,s_cnn,14632
20,20,15,s_cnn,14632
20,20,16,s_cnn,14632
20,20,17,s_cnn,14632
21,20,1,SYSTEM:ExtraMonitor,488476
21,20,2,s_cnn,14632
21,20,3,s_cnn,14632
21,20,4,s_cnn,14632
21,20,5,s_cnn,14632
21,20,6,s_cnn,14632
21,20,7,s_cnn,14632
21,20,8,s_cnn,14632
21,20,9,s_cnn,14632
21,20,10,s_cnn,14632
21,20,11,s_cnn,14632
21,20,12,s_cnn,14632
21,20,13,s_cnn,14632
21,20,14,s_cnn,14632
21,20,15,s_cnn,14632
21,20,16,s_cnn,14632
21,20,17,s_cnn,14632
22,20,1,SYSTEM:ExtraMonitor,488476
22,20,2,s_cnn,14632
22,20,3,s_cnn,14632
22,20,4,s_cnn,14632
22,20,5,s_cnn,14632
22,20,6,s_cnn,14632
22,20,7,s_cnn,14632
22,20,8,s_cnn,14632
22,20,9,s_cnn,14632
22,20,10,s_cnn,14632
22,20,11,s_cnn,14632
22,20,12,s_cnn,14632
22,20,13,s_cnn,14632
22,20,14,s_cnn,14632
22,20,15,s_cnn,14632
22,20,16,s_cnn,14632
22,20,17,s_cnn,14632
23,20,1,SYSTEM:ExtraMonitor,488476
23,20,2,s_cnn,14632
23,20,3,s_cnn,14632
23,20,4,s_cnn,14632
23,20,5,s_cnn,14632
23,20,6,s_cnn,14632
23,20,7,s_cnn,14632
23,20,8,s_cnn,14632
23,20,9,s_cnn,14632
23,20,10,s_cnn,14632
23,20,11,s_cnn,14632
23,20,12,s_cnn,14632
23,20,13,s_cnn,14632
23,20,14,s_cnn,14632
23,20,15,s_cnn,14632
23,20,16,s_cnn,14632
23,20,17,s_cnn,14632
0,21,1,SYSTEM:ExtraMonitor,488476
0,21,2,s_cnn,14632
0,21,3,s_cnn,14632
0,21,4,s_cnn,14632
0,21,5,s_cnn,14632
0,21,6,s_cnn,14632
0,21,7,s_cnn,14632
0,21,8,s_cnn,14632
0,21,9,s_cnn,14632
0,21,10,s_cnn,14632
0,21,11,s_cnn,14632
0,21,12,s_cnn,14632
0,21,13,s_cnn,14632
0,21,14,s_cnn,14632
0,21,15,s_cnn,14632
0,21,16,s_cnn,14632
1,21,1,SYSTEM:ExtraMonitor,488476
1,21,2,s_cnn,14632
1,21,3,s_cnn,14632
1,21,4,s_cnn,14632
1,21,5,s_cnn,14632
1,21,6,s_cnn,14632
1,21,7,s_cnn,14632
1,21,8,s_cnn,14632
1,21,9,s_cnn,14632
1,21,10,s_cnn,14632
1,21,11,s_cnn,14632
1,21,12,s_cnn,14632
1,21,13,s_cnn,14632
1,21,14,s_cnn,14632
1,21,15,s_cnn,14632
1,21,16,s_cnn,14632
1,21,17,s_cnn,14632
2,21,1,SYSTEM:ExtraMonitor,488476
2,21,2,s_cnn,14632
2,21,3,s_cnn,14632
2,21,4,s_cnn,14632
2,21,5,s_cnn,14632
2,21,6,s_cnn,14632
2,21,7,s_cnn,14632
2,21,8,s_cnn,14632
2,21,9,s_cnn,14632
2,21,10,s_cnn,14632
2,21,11,s_cnn,14632
2,21,12,s_cnn,14632
2,21,13,s_cnn,14632
2,21,14,s_cnn,14632
2,21,15,s_cnn,14632
2,21,16,s_cnn,14632
3,21,1,SYSTEM:ExtraMonitor,488476
3,21,2,s_cnn,14632
3,21,3,s_cnn,14632
3,21,4,s_cnn,14632
3,21,5,s_cnn,14632
3,21,6,s_cnn,14632
3,21,7,s_cnn,14632
3,21,8,s_cnn,14632
3,21,9,s_cnn,14632
3,21,10,s_cnn,14632
3,21,11,s_cnn,14632
3,21,12,s_cnn,14632
3,21,13,s_cnn,14632
3,21,14,s_cnn,14632
3,21,15,s_cnn,14632
3,21,16,s_cnn,14632
3,21,17,s_cnn,14632
4,21,1,SYSTEM:ExtraMonitor,488476
5,21,1,SYSTEM:ExtraMonitor,488476
6,21,1,SYSTEM:ExtraMonitor,488476
7,21,1,SYSTEM:ExtraMonitor,488476
8,21,1,SYSTEM:ExtraMonitor,488476
9,21,1,SYSTEM:ExtraMonitor,488476
9,21,2,m_cnn,14632
9,21,3,m_cnn,14632
9,21,4,m_cnn,14632
9,21,5,m_cnn,14632
9,21,6,m_cnn,14632
9,21,7,m_cnn,14632
9,21,8,m_cnn,14632
9,21,9,m_cnn,14632
9,21,10,m_cnn,14632
9,21,11,m_cnn,14632
9,21,12,m_cnn,14632
9,21,13,m_cnn,14632
9,21,14,m_cnn,14632
9,21,15,m_cnn,14632
9,21,16,m_cnn,14632
9,21,17,m_cnn,14632
10,21,1,SYSTEM:ExtraMonitor,488476
10,21,2,m_cnn,14632
10,21,3,m_cnn,14632
10,21,4,m_cnn,14632
10,21,5,m_cnn,14632
10,21,6,m_cnn,14632
10,21,7,m_cnn,14632
10,21,8,m_cnn,14632
10,21,9,m_cnn,14632
10,21,10,m_cnn,14632
10,21,11,m_cnn,14632
10,21,12,m_cnn,14632
10,21,13,m_cnn,14632
10,21,14,m_cnn,14632
10,21,15,m_cnn,14632
10,21,16,m_cnn,14632
11,21,1,SYSTEM:ExtraMonitor,488476
11,21,2,m_cnn,14632
11,21,3,m_cnn,14632
11,21,4,m_cnn,14632
11,21,5,m_cnn,14632
11,21,6,m_cnn,14632
11,21,7,m_cnn,14632
11,21,8,m_cnn,14632
11,21,9,m_cnn,14632
11,21,10,m_cnn,14632
11,21,11,m_cnn,14632
11,21,12,m_cnn,14632
11,21,13,m_cnn,14632
11,21,14,m_cnn,14632
11,21,15,m_cnn,14632
11,21,16,m_cnn,14632
11,21,17,m_cnn,14632
12,21,1,SYSTEM:ExtraMonitor,488476
12,21,2,m_cnn,14632
12,21,3,m_cnn,14632
12,21,4,m_cnn,14632
12,21,5,m_cnn,14632
12,21,6,m_cnn,14632
12,21,7,m_cnn,14632
12,21,8,m_cnn,14632
12,21,9,m_cnn,14632
12,21,10,m_cnn,14632
12,21,11,m_cnn,14632
12,21,12,m_cnn,14632
12,21,13,m_cnn,14632
12,21,14,m_cnn,14632
12,21,15,m_cnn,14632
12,21,16,m_cnn,14632
13,21,1,SYSTEM:ExtraMonitor,488476
13,21,2,m_cnn,14632
13,21,3,m_cnn,14632
13,21,4,m_cnn,14632
13,21,5,m_cnn,14632
13,21,6,m_cnn,14632
13,21,7,m_cnn,14632
13,21,8,m_cnn,14632
13,21,9,m_cnn,14632
13,21,10,m_cnn,14632
13,21,11,m_cnn,14632
13,21,12,m_cnn,14632
13,21,13,m_cnn,14632
13,21,14,m_cnn,14632
13,21,15,m_cnn,14632
13,21,16,m_cnn,14632
13,21,17,m_cnn,14632
14,21,1,SYSTEM:ExtraMonitor,488476
14,21,2,m_cnn,14632
14,21,3,m_cnn,14632
14,21,4,m_cnn,14632
14,21,5,m_cnn,14632
14,21,6,m_cnn,14632
14,21,7,m_cnn,14632
14,21,8,m_cnn,14632
14,21,9,m_cnn,14632
14,21,10,m_cnn,14632
14,21,11,m_cnn,14632
14,21,12,m_cnn,14632
14,21,13,m_cnn,14632
14,21,14,m_cnn,14632
14,21,15,m_cnn,14632
14,21,16,m_cnn,14632
15,21,1,SYSTEM:ExtraMonitor,488476
15,21,2,m_cnn,14632
15,21,3,m_cnn,14632
15,21,4,m_cnn,14632
15,21,5,m_cnn,14632
15,21,6,m_cnn,14632
15,21,7,m_cnn,14632
15,21,8,m_cnn,14632
15,21,9,m_cnn,14632
15,21,10,m_cnn,14632
15,21,11,m_cnn,14632
15,21,12,m_cnn,14632
15,21,13,m_cnn,14632
15,21,14,m_cnn,14632
15,21,15,m_cnn,14632
15,21,16,m_cnn,14632
15,21,17,m_cnn,14632
16,21,1,SYSTEM:ExtraMonitor,488476
16,21,2,s_cnn,14632
16,21,3,s_cnn,14632
16,21,4,s_cnn,14632
16,21,5,s_cnn,14632
16,21,6,s_cnn,14632
16,21,7,s_cnn,14632
16,21,8,s_cnn,14632
16,21,9,s_cnn,14632
16,21,10,s_cnn,14632
16,21,11,s_cnn,14632
16,21,12,s_cnn,14632
16,21,13,s_cnn,14632
16,21,14,s_cnn,14632
16,21,15,s_cnn,14632
16,21,16,s_cnn,14632
16,21,17,s_cnn,14632
17,21,1,SYSTEM:ExtraMonitor,488476
17,21,2,s_cnn,14632
17,21,3,s_cnn,14632
17,21,4,s_cnn,14632
17,21,5,s_cnn,14632
17,21,6,s_cnn,14632
17,21,7,s_cnn,14632
17,21,8,s_cnn,14632
17,21,9,s_cnn,14632
17,21,10,s_cnn,14632
17,21,11,s_cnn,14632
17,21,12,s_cnn,14632
17,21,13,s_cnn,14632
17,21,14,s_cnn,14632
17,21,15,s_cnn,14632
17,21,16,s_cnn,14632
18,21,1,SYSTEM:ExtraMonitor,488476
18,21,2,s_cnn,14632
18,21,3,s_cnn,14632
18,21,4,s_cnn,14632
18,21,5,s_cnn,14632
18,21,6,s_cnn,14632
18,21,7,s_cnn,14632
18,21,8,s_cnn,14632
18,21,9,s_cnn,14632
18,21,10,s_cnn,14632
18,21,11,s_cnn,14632
18,21,12,s_cnn,14632
18,21,13,s_cnn,14632
18,21,14,s_cnn,14632
18,21,15,s_cnn,14632
18,21,16,s_cnn,14632
18,21,17,s_cnn,14632
19,21,1,SYSTEM:ExtraMonitor,488476
19,21,2,s_cnn,14632
19,21,3,s_cnn,14632
19,21,4,s_cnn,14632
19,21,5,s_cnn,14632
19,21,6,s_cnn,14632
19,21,7,s_cnn,14632
19,21,8,s_cnn,14632
19,21,9,s_cnn,14632
19,21,10,s_cnn,14632
19,21,11,s_cnn,14632
19,21,12,s_cnn,14632
19,21,13,s_cnn,14632
19,21,14,s_cnn,14632
19,21,15,s_cnn,14632
19,21,16,s_cnn,14632
20,21,1,SYSTEM:ExtraMonitor,488476
20,21,2,s_cnn,14632
20,21,3,s_cnn,14632
20,21,4,s_cnn,14632
20,21,5,s_cnn,14632
20,21,6,s_cnn,14632
20,21,7,s_cnn,14632
20,21,8,s_cnn,14632
20,21,9,s_cnn,14632
20,21,10,s_cnn,14632
20,21,11,s_cnn,14632
20,21,12,s_cnn,14632
20,21,13,s_cnn,14632
20,21,14,s_cnn,14632
20,21,15,s_cnn,14632
20,21,16,s_cnn,14632
20,21,17,s_cnn,14632
21,21,1,SYSTEM:ExtraMonitor,488476
21,21,2,s_cnn,14632
21,21,3,s_cnn,14632
21,21,4,s_cnn,14632
21,21,5,s_cnn,14632
21,21,6,s_cnn,14632
21,21,7,s_cnn,14632
21,21,8,s_cnn,14632
21,21,9,s_cnn,14632
21,21,10,s_cnn,14632
21,21,11,s_cnn,14632
21,21,12,s_cnn,14632
21,21,13,s_cnn,14632
21,21,14,s_cnn,14632
21,21,15,s_cnn,14632
21,21,16,s_cnn,14632
21,21,17,s_cnn,14632
22,21,1,SYSTEM:ExtraMonitor,488476
22,21,2,s_cnn,14632
22,21,3,s_cnn,14632
22,21,4,s_cnn,14632
22,21,5,s_cnn,14632
22,21,6,s_cnn,14632
22,21,7,s_cnn,14632
22,21,8,s_cnn,14632
22,21,9,s_cnn,14632
22,21,10,s_cnn,14632
22,21,11,s_cnn,14632
22,21,12,s_cnn,14632
22,21,13,s_cnn,14632
22,21,14,s_cnn,14632
22,21,15,s_cnn,14632
22,21,16,s_cnn,14632
23,21,1,SYSTEM:ExtraMonitor,488476
23,21,2,s_cnn,14632
23,21,3,s_cnn,14632
23,21,4,s_cnn,14632
23,21,5,s_cnn,14632
23,21,6,s_cnn,14632
23,21,7,s_cnn,14632
23,21,8,s_cnn,14632
23,21,9,s_cnn,14632
23,21,10,s_cnn,14632
23,21,11,s_cnn,14632
23,21,12,s_cnn,14632
23,21,13,s_cnn,14632
23,21,14,s_cnn,14632
23,21,15,s_cnn,14632
23,21,16,s_cnn,14632
23,21,17,s_cnn,14632
0,22,1,SYSTEM:ExtraMonitor,488476
0,22,2,s_cnn,14632
0,22,3,s_cnn,14632
0,22,4,s_cnn,14632
0,22,5,s_cnn,14632
0,22,6,s_cnn,14632
0,22,7,s_cnn,14632
0,22,8,s_cnn,14632
0,22,9,s_cnn,14632
0,22,10,s_cnn,14632
0,22,11,s_cnn,14632
0,22,12,s_cnn,14632
0,22,13,s_cnn,14632
0,22,14,s_cnn,14632
0,22,15,s_cnn,14632
0,22,16,s_cnn,14632
0,22,17,s_cnn,14632
2,22,1,SYSTEM:ExtraMonitor,488476
2,22,2,s_cnn,14632
2,22,3,s_cnn,14632
2,22,4,s_cnn,14632
2,22,5,s_cnn,14632
2,22,6,s_cnn,14632
2,22,7,s_cnn,14632
2,22,8,s_cnn,14632
2,22,9,s_cnn,14632
2,22,10,s_cnn,14632
2,22,11,s_cnn,14632
2,22,12,s_cnn,14632
2,22,13,s_cnn,14632
2,22,14,s_cnn,14632
2,22,15,s_cnn,14632
2,22,16,s_cnn,14632
2,22,17,s_cnn,14632
3,22,1,SYSTEM:ExtraMonitor,488476
3,22,2,s_cnn,14632
3,22,3,s_cnn,14632
3,22,4,s_cnn,14632
3,22,5,s_cnn,14632
3,22,6,s_cnn,14632
3,22,7,s_cnn,14632
3,22,8,s_cnn,14632
3,22,9,s_cnn,14632
3,22,10,s_cnn,14632
3,22,11,s_cnn,14632
3,22,12,s_cnn,14632
3,22,13,s_cnn,14632
3,22,14,s_cnn,14632
3,22,15,s_cnn,14632
3,22,16,s_cnn,14632
3,22,17,s_cnn,14632
4,22,1,SYSTEM:ExtraMonitor,488476
5,22,1,SYSTEM:ExtraMonitor,488476
6,22,1,SYSTEM:ExtraMonitor,488476
7,22,1,SYSTEM:ExtraMonitor,488476
8,22,1,SYSTEM:ExtraMonitor,488476
9,22,1,SYSTEM:ExtraMonitor,488476
10,22,1,SYSTEM:ExtraMonitor,488476
10,22,2,m_cnn,14632
10,22,3,m_cnn,14632
10,22,4,m_cnn,14632
10,22,5,m_cnn,14632
10,22,6,m_cnn,14632
10,22,7,m_cnn,14632
10,22,8,m_cnn,14632
10,22,9,m_cnn,14632
10,22,10,m_cnn,14632
10,22,11,m_cnn,14632
10,22,12,m_cnn,14632
10,22,13,m_cnn,14632
10,22,14,m_cnn,14632
10,22,15,m_cnn,14632
10,22,16,m_cnn,14632
10,22,17,m_cnn,14632
11,22,1,SYSTEM:ExtraMonitor,488476
11,22,2,m_cnn,14632
11,22,3,m_cnn,14632
11,22,4,m_cnn,14632
11,22,5,m_cnn,14632
11,22,6,m_cnn,14632
11,22,7,m_cnn,14632
11,22,8,m_cnn,14632
11,22,9,m_cnn,14632
11,22,10,m_cnn,14632
11,22,11,m_cnn,14632
11,22,12,m_cnn,14632
11,22,13,m_cnn,14632
11,22,14,m_cnn,14632
11,22,15,m_cnn,14632
11,22,16,m_cnn,14632
11,22,17,m_cnn,14632
12,22,1,SYSTEM:ExtraMonitor,488476
12,22,2,m_cnn,14632
12,22,3,m_cnn,14632
12,22,4,m_cnn,14632
12,22,5,m_cnn,14632
12,22,6,m_cnn,14632
12,22,7,m_cnn,14632
12,22,8,m_cnn,14632
12,22,9,m_cnn,14632
12,22,10,m_cnn,14632
12,22,11,m_cnn,14632
12,22,12,m_cnn,14632
12,22,13,m_cnn,14632
12,22,14,m_cnn,14632
12,22,15,m_cnn,14632
12,22,16,m_cnn,14632
12,22,17,m_cnn,14632
13,22,1,SYSTEM:ExtraMonitor,488476
13,22,2,m_cnn,14632
13,22,3,m_cnn,14632
13,22,4,m_cnn,14632
13,22,5,m_cnn,14632
13,22,6,m_cnn,14632
13,22,7,m_cnn,14632
13,22,8,m_cnn,14632
13,22,9,m_cnn,14632
13,22,10,m_cnn,14632
13,22,11,m_cnn,14632
13,22,12,m_cnn,14632
13,22,13,m_cnn,14632
13,22,14,m_cnn,14632
13,22,15,m_cnn,14632
13,22,16,m_cnn,14632
14,22,1,SYSTEM:ExtraMonitor,488476
14,22,2,m_cnn,14632
14,22,3,m_cnn,14632
14,22,4,m_cnn,14632
14,22,5,m_cnn,14632
14,22,6,m_cnn,14632
14,22,7,m_cnn,14632
14,22,8,m_cnn,14632
14,22,9,m_cnn,14632
14,22,10,m_cnn,14632
14,22,11,m_cnn,14632
14,22,12,m_cnn,14632
14,22,13,m_cnn,14632
14,22,14,m_cnn,14632
14,22,15,m_cnn,14632
14,22,16,m_cnn,14632
14,22,17,m_cnn,14632
15,22,1,SYSTEM:ExtraMonitor,488476
15,22,2,m_cnn,14632
15,22,3,m_cnn,14632
15,22,4,m_cnn,14632
15,22,5,m_cnn,14632
15,22,6,m_cnn,14632
15,22,7,m_cnn,14632
15,22,8,m_cnn,14632
15,22,9,m_cnn,14632
15,22,10,m_cnn,14632
15,22,11,m_cnn,14632
15,22,12,m_cnn,14632
15,22,13,m_cnn,14632
15,22,14,m_cnn,14632
15,22,15,m_cnn,14632
15,22,16,m_cnn,14632
15,22,17,m_cnn,14632
16,22,1,SYSTEM:ExtraMonitor,488476
16,22,2,s_cnn,14632
16,22,3,s_cnn,14632
16,22,4,s_cnn,14632
16,22,5,s_cnn,14632
16,22,6,s_cnn,14632
16,22,7,s_cnn,14632
16,22,8,s_cnn,14632
16,22,9,s_cnn,14632
16,22,10,s_cnn,14632
16,22,11,s_cnn,14632
16,22,12,s_cnn,14632
16,22,13,s_cnn,14632
16,22,14,s_cnn,14632
16,22,15,s_cnn,14632
16,22,16,s_cnn,14632
16,22,17,s_cnn,14632
17,22,1,SYSTEM:ExtraMonitor,488476
17,22,2,s_cnn,14632
17,22,3,s_cnn,14632
17,22,4,s_cnn,14632
17,22,5,s_cnn,14632
17,22,6,s_cnn,14632
17,22,7,s_cnn,14632
17,22,8,s_cnn,14632
17,22,9,s_cnn,14632
17,22,10,s_cnn,14632
17,22,11,s_cnn,14632
17,22,12,s_cnn,14632
17,22,13,s_cnn,14632
17,22,14,s_cnn,14632
17,22,15,s_cnn,14632
17,22,16,s_cnn,14632
17,22,17,s_cnn,14632
18,22,1,SYSTEM:ExtraMonitor,488476
18,22,2,s_cnn,14632
18,22,3,s_cnn,14632
18,22,4,s_cnn,14632
18,22,5,s_cnn,14632
18,22,6,s_cnn,14632
18,22,7,s_cnn,14632
18,22,8,s_cnn,14632
18,22,9,s_cnn,14632
18,22,10,s_cnn,14632
18,22,11,s_cnn,14632
18,22,12,s_cnn,14632
18,22,13,s_cnn,14632
18,22,14,s_cnn,14632
18,22,15,s_cnn,14632
18,22,16,s_cnn,14632
18,22,17,s_cnn,14632
19,22,1,SYSTEM:ExtraMonitor,488476
19,22,2,s_cnn,14632
19,22,3,s_cnn,14632
19,22,4,s_cnn,14632
19,22,5,s_cnn,14632
19,22,6,s_cnn,14632
19,22,7,s_cnn,14632
19,22,8,s_cnn,14632
19,22,9,s_cnn,14632
19,22,10,s_cnn,14632
19,22,11,s_cnn,14632
19,22,12,s_cnn,14632
19,22,13,s_cnn,14632
19,22,14,s_cnn,14632
19,22,15,s_cnn,14632
19,22,16,s_cnn,14632
19,22,17,s_cnn,14632
20,22,1,SYSTEM:ExtraMonitor,488476
20,22,2,s_cnn,14632
20,22,3,s_cnn,14632
20,22,4,s_cnn,14632
20,22,5,s_cnn,14632
20,22,6,s_cnn,14632
20,22,7,s_cnn,14632
20,22,8,s_cnn,14632
20,22,9,s_cnn,14632
20,22,10,s_cnn,14632
20,22,11,s_cnn,14632
20,22,12,s_cnn,14632
20,22,13,s_cnn,14632
20,22,14,s_cnn,14632
20,22,15,s_cnn,14632
20,22,16,s_cnn,14632
20,22,17,s_cnn,14632
21,22,1,SYSTEM:ExtraMonitor,488476
21,22,2,s_cnn,14632
21,22,3,s_cnn,14632
21,22,4,s_cnn,14632
21,22,5,s_cnn,14632
21,22,6,s_cnn,14632
21,22,7,s_cnn,14632
21,22,8,s_cnn,14632
21,22,9,s_cnn,14632
21,22,10,s_cnn,14632
21,22,11,s_cnn,14632
21,22,12,s_cnn,14632
21,22,13,s_cnn,14632
21,22,14,s_cnn,14632
21,22,15,s_cnn,14632
21,22,16,s_cnn,14632
21,22,17,s_cnn,14632
22,22,1,SYSTEM:ExtraMonitor,488476
22,22,2,s_cnn,14632
22,22,3,s_cnn,14632
22,22,4,s_cnn,14632
22,22,5,s_cnn,14632
22,22,6,s_cnn,14632
22,22,7,s_cnn,14632
22,22,8,s_cnn,14632
22,22,9,s_cnn,14632
22,22,10,s_cnn,14632
22,22,11,s_cnn,14632
22,22,12,s_cnn,14632
22,22,13,s_cnn,14632
22,22,14,s_cnn,14632
22,22,15,s_cnn,14632
22,22,16,s_cnn,14632
22,22,17,s_cnn,14632
23,22,1,SYSTEM:ExtraMonitor,488476
23,22,2,s_cnn,14632
23,22,3,s_cnn,14632
23,22,4,s_cnn,14632
23,22,5,s_cnn,14632
23,22,6,s_cnn,14632
23,22,7,s_cnn,14632
23,22,8,s_cnn,14632
23,22,9,s_cnn,14632
23,22,10,s_cnn,14632
23,22,11,s_cnn,14632
23,22,12,s_cnn,14632
23,22,13,s_cnn,14632
23,22,14,s_cnn,14632
23,22,15,s_cnn,14632
23,22,16,s_cnn,14632
23,22,17,s_cnn,14632
0,23,1,SYSTEM:ExtraMonitor,488476
0,23,2,s_cnn,14632
0,23,3,s_cnn,14632
0,23,4,s_cnn,14632
0,23,5,s_cnn,14632
0,23,6,s_cnn,14632
0,23,7,s_cnn,14632
0,23,8,s_cnn,14632
0,23,9,s_cnn,14632
0,23,10,s_cnn,14632
0,23,11,s_cnn,14632
0,23,12,s_cnn,14632
0,23,13,s_cnn,14632
0,23,14,s_cnn,14632
0,23,15,s_cnn,14632
0,23,16,s_cnn,14632
0,23,17,s_cnn,14632
2,23,1,SYSTEM:ExtraMonitor,488476
2,23,2,s_cnn,14632
2,23,3,s_cnn,14632
2,23,4,s_cnn,14632
2,23,5,s_cnn,14632
2,23,6,s_cnn,14632
2,23,7,s_cnn,14632
2,23,8,s_cnn,14632
2,23,9,s_cnn,14632
2,23,10,s_cnn,14632
2,23,11,s_cnn,14632
2,23,12,s_cnn,14632
2,23,13,s_cnn,14632
2,23,14,s_cnn,14632
2,23,15,s_cnn,14632
2,23,16,s_cnn,14632
2,23,17,s_cnn,14632
3,23,1,SYSTEM:ExtraMonitor,488476
3,23,2,s_cnn,14632
3,23,3,s_cnn,14632
3,23,4,s_cnn,14632
3,23,5,s_cnn,14632
3,23,6,s_cnn,14632
3,23,7,s_cnn,14632
3,23,8,s_cnn,14632
3,23,9,s_cnn,14632
3,23,10,s_cnn,14632
3,23,11,s_cnn,14632
3,23,12,s_cnn,14632
3,23,13,s_cnn,14632
3,23,14,s_cnn,14632
3,23,15,s_cnn,14632
3,23,16,s_cnn,14632
3,23,17,s_cnn,14632
4,23,1,SYSTEM:ExtraMonitor,488476
5,23,1,SYSTEM:ExtraMonitor,488476
6,23,1,SYSTEM:ExtraMonitor,488476
7,23,1,SYSTEM:ExtraMonitor,488476
8,23,1,SYSTEM:ExtraMonitor,488476
9,23,1,SYSTEM:ExtraMonitor,488476
10,23,1,SYSTEM:ExtraMonitor,488476
11,23,1,SYSTEM:ExtraMonitor,488476
11,23,2,m_cnn,14632
11,23,3,m_cnn,14632
11,23,4,m_cnn,14632
11,23,5,m_cnn,14632
11,23,6,m_cnn,14632
11,23,7,m_cnn,14632
11,23,8,m_cnn,14632
11,23,9,m_cnn,14632
11,23,10,m_cnn,14632
11,23,11,m_cnn,14632
11,23,12,m_cnn,14632
11,23,13,m_cnn,14632
11,23,14,m_cnn,14632
11,23,15,m_cnn,14632
11,23,16,m_cnn,14632
11,23,17,m_cnn,14632
12,23,1,SYSTEM:ExtraMonitor,488476
12,23,2,m_cnn,14632
12,23,3,m_cnn,14632
12,23,4,m_cnn,14632
12,23,5,m_cnn,14632
12,23,6,m_cnn,14632
12,23,7,m_cnn,14632
12,23,8,m_cnn,14632
12,23,9,m_cnn,14632
12,23,10,m_cnn,14632
12,23,11,m_cnn,14632
12,23,12,m_cnn,14632
12,23,13,m_cnn,14632
12,23,14,m_cnn,14632
12,23,15,m_cnn,14632
12,23,16,m_cnn,14632
12,23,17,m_cnn,14632
13,23,1,SYSTEM:ExtraMonitor,488476
13,23,2,m_cnn,14632
13,23,3,m_cnn,14632
13,23,4,m_cnn,14632
13,23,5,m_cnn,14632
13,23,6,m_cnn,14632
13,23,7,m_cnn,14632
13,23,8,m_cnn,14632
13,23,9,m_cnn,14632
13,23,10,m_cnn,14632
13,23,11,m_cnn,14632
13,23,12,m_cnn,14632
13,23,13,m_cnn,14632
13,23,14,m_cnn,14632
13,23,15,m_cnn,14632
13,23,16,m_cnn,14632
13,23,17,m_cnn,14632
14,23,1,SYSTEM:ExtraMonitor,488476
14,23,2,m_cnn,14632
14,23,3,m_cnn,14632
14,23,4,m_cnn,14632
14,23,5,m_cnn,14632
14,23,6,m_cnn,14632
14,23,7,m_cnn,14632
14,23,8,m_cnn,14632
14,23,9,m_cnn,14632
14,23,10,m_cnn,14632
14,23,11,m_cnn,14632
14,23,12,m_cnn,14632
14,23,13,m_cnn,14632
14,23,14,m_cnn,14632
14,23,15,m_cnn,14632
14,23,16,m_cnn,14632
14,23,17,m_cnn,14632
15,23,1,SYSTEM:ExtraMonitor,488476
15,23,2,m_cnn,14632
15,23,3,m_cnn,14632
15,23,4,m_cnn,14632
15,23,5,m_cnn,14632
15,23,6,m_cnn,14632
15,23,7,m_cnn,14632
15,23,8,m_cnn,14632
15,23,9,m_cnn,14632
15,23,10,m_cnn,14632
15,23,11,m_cnn,14632
15,23,12,m_cnn,14632
15,23,13,m_cnn,14632
15,23,14,m_cnn,14632
15,23,15,m_cnn,14632
15,23,16,m_cnn,14632
16,23,1,SYSTEM:ExtraMonitor,488476
16,23,2,s_cnn,14632
16,23,3,s_cnn,14632
16,23,4,s_cnn,14632
16,23,5,s_cnn,14632
16,23,6,s_cnn,14632
16,23,7,s_cnn,14632
16,23,8,s_cnn,14632
16,23,9,s_cnn,14632
16,23,10,s_cnn,14632
16,23,11,s_cnn,14632
16,23,12,s_cnn,14632
16,23,13,s_cnn,14632
16,23,14,s_cnn,14632
16,23,15,s_cnn,14632
16,23,16,s_cnn,14632
16,23,17,s_cnn,14632
17,23,1,SYSTEM:ExtraMonitor,488476
17,23,2,s_cnn,14632
17,23,3,s_cnn,14632
17,23,4,s_cnn,14632
17,23,5,s_cnn,14632
17,23,6,s_cnn,14632
17,23,7,s_cnn,14632
17,23,8,s_cnn,14632
17,23,9,s_cnn,14632
17,23,10,s_cnn,14632
17,23,11,s_cnn,14632
17,23,12,s_cnn,14632
17,23,13,s_cnn,14632
17,23,14,s_cnn,14632
17,23,15,s_cnn,14632
17,23,16,s_cnn,14632
18,23,1,SYSTEM:ExtraMonitor,488476
18,23,2,s_cnn,14632
18,23,3,s_cnn,14632
18,23,4,s_cnn,14632
18,23,5,s_cnn,14632
18,23,6,s_cnn,14632
18,23,7,s_cnn,14632
18,23,8,s_cnn,14632
18,23,9,s_cnn,14632
18,23,10,s_cnn,14632
18,23,11,s_cnn,14632
18,23,12,s_cnn,14632
18,23,13,s_cnn,14632
18,23,14,s_cnn,14632
18,23,15,s_cnn,14632
18,23,16,s_cnn,14632
18,23,17,s_cnn,14632
19,23,1,SYSTEM:ExtraMonitor,488476
19,23,2,s_cnn,14632
19,23,3,s_cnn,14632
19,23,4,s_cnn,14632
19,23,5,s_cnn,14632
19,23,6,s_cnn,14632
19,23,7,s_cnn,14632
19,23,8,s_cnn,14632
19,23,9,s_cnn,14632
19,23,10,s_cnn,14632
19,23,11,s_cnn,14632
19,23,12,s_cnn,14632
19,23,13,s_cnn,14632
19,23,14,s_cnn,14632
19,23,15,s_cnn,14632
19,23,16,s_cnn,14632
20,23,1,SYSTEM:ExtraMonitor,488476
20,23,2,s_cnn,14632
20,23,3,s_cnn,14632
20,23,4,s_cnn,14632
20,23,5,s_cnn,14632
20,23,6,s_cnn,14632
20,23,7,s_cnn,14632
20,23,8,s_cnn,14632
20,23,9,s_cnn,14632
20,23,10,s_cnn,14632
20,23,11,s_cnn,14632
20,23,12,s_cnn,14632
20,23,13,s_cnn,14632
20,23,14,s_cnn,14632
20,23,15,s_cnn,14632
20,23,16,s_cnn,14632
20,23,17,s_cnn,14632
22,23,1,SYSTEM:ExtraMonitor,488476
22,23,2,s_cnn,14632
22,23,3,s_cnn,14632
22,23,4,s_cnn,14632
22,23,5,s_cnn,14632
22,23,6,s_cnn,14632
22,23,7,s_cnn,14632
22,23,8,s_cnn,14632
22,23,9,s_cnn,14632
22,23,10,s_cnn,14632
22,23,11,s_cnn,14632
22,23,12,s_cnn,14632
22,23,13,s_cnn,14632
22,23,14,s_cnn,14632
22,23,15,s_cnn,14632
22,23,16,s_cnn,14632
22,23,17,s_cnn,14632
23,23,1,SYSTEM:ExtraMonitor,488476
23,23,2,s_cnn,14632
23,23,3,s_cnn,14632
23,23,4,s_cnn,14632
23,23,5,s_cnn,14632
23,23,6,s_cnn,14632
23,23,7,s_cnn,14632
23,23,8,s_cnn,14632
23,23,9,s_cnn,14632
23,23,10,s_cnn,14632
23,23,11,s_cnn,14632
23,23,12,s_cnn,14632
23,23,13,s_cnn,14632
23,23,14,s_cnn,14632
23,23,15,s_cnn,14632
23,23,16,s_cnn,14632
23,23,17,s_cnn,14632
0,24,1,"SYSTEM:PacketGatherer(24,0)",477250
0,24,2,SYSTEM:ExtraMonitor,488476
0,24,3,s_cnn,14632
0,24,4,s_cnn,14632
0,24,5,s_cnn,14632
0,24,6,s_cnn,14632
0,24,7,s_cnn,14632
0,24,8,s_cnn,14632
0,24,9,s_cnn,14632
0,24,10,s_cnn,14632
0,24,11,s_cnn,14632
0,24,12,s_cnn,14632
0,24,13,s_cnn,14632
0,24,14,s_cnn,14632
0,24,15,s_cnn,14632
0,24,16,s_cnn,14632
0,24,17,s_cnn,14632
1,24,1,SYSTEM:ExtraMonitor,488476
1,24,2,s_cnn,14632
1,24,3,s_cnn,14632
1,24,4,s_cnn,14632
1,24,5,s_cnn,14632
1,24,6,s_cnn,14632
1,24,7,s_cnn,14632
1,24,8,s_cnn,14632
1,24,9,s_cnn,14632
1,24,10,s_cnn,14632
1,24,11,s_cnn,14632
1,24,12,s_cnn,14632
1,24,13,s_cnn,14632
1,24,14,s_cnn,14632
1,24,15,s_cnn,14632
1,24,16,s_cnn,14632
1,24,17,s_cnn,14632
2,24,1,SYSTEM:ExtraMonitor,488476
2,24,2,s_cnn,14632
2,24,3,s_cnn,14632
2,24,4,s_cnn,14632
2,24,5,s_cnn,14632
2,24,6,s_cnn,14632
2,24,7,s_cnn,14632
2,24,8,s_cnn,14632
2,24,9,s_cnn,14632
2,24,10,s_cnn,14632
3,24,1,SYSTEM:ExtraMonitor,488476
4,24,1,SYSTEM:ExtraMonitor,488476
5,24,1,SYSTEM:ExtraMonitor,488476
6,24,1,SYSTEM:ExtraMonitor,488476
7,24,1,SYSTEM:ExtraMonitor,488476
8,24,1,SYSTEM:ExtraMonitor,488476
9,24,1,SYSTEM:ExtraMonitor,488476
10,24,1,SYSTEM:ExtraMonitor,488476
11,24,1,SYSTEM:ExtraMonitor,488476
12,24,1,"SYSTEM:PacketGatherer(24,12)",477250
12,24,2,SYSTEM:ExtraMonitor,488476
13,24,1,SYSTEM:ExtraMonitor,488476
14,24,1,SYSTEM:ExtraMonitor,488476
15,24,1,SYSTEM:ExtraMonitor,488476
16,24,1,SYSTEM:ExtraMonitor,488476
16,24,2,s_cnn,14632
16,24,3,s_cnn,14632
16,24,4,s_cnn,14632
16,24,5,s_cnn,14632
16,24,6,s_cnn,14632
16,24,7,s_cnn,14632
16,24,8,s_cnn,14632
16,24,9,s_cnn,14632
16,24,10,s_cnn,14632
16,24,11,s_cnn,14632
16,24,12,s_cnn,14632
16,24,13,s_cnn,14632
16,24,14,s_cnn,14632
16,24,15,s_cnn,14632
16,24,16,s_cnn,14632
16,24,17,s_cnn,14632
17,24,1,SYSTEM:ExtraMonitor,488476
17,24,2,s_cnn,14632
17,24,3,s_cnn,14632
17,24,4,s_cnn,14632
17,24,5,s_cnn,14632
17,24,6,s_cnn,14632
17,24,7,s_cnn,14632
17,24,8,s_cnn,14632
17,24,9,s_cnn,14632
17,24,10,s_cnn,14632
17,24,11,s_cnn,14632
17,24,12,s_cnn,14632
17,24,13,s_cnn,14632
17,24,14,s_cnn,14632
17,24,15,s_cnn,14632
17,24,16,s_cnn,14632
17,24,17,s_cnn,14632
18,24,1,SYSTEM:ExtraMonitor,488476
18,24,2,s_cnn,14632
18,24,3,s_cnn,14632
18,24,4,s_cnn,14632
18,24,5,s_cnn,14632
18,24,6,s_cnn,14632
18,24,7,s_cnn,14632
18,24,8,s_cnn,14632
18,24,9,s_cnn,14632
18,24,10,s_cnn,14632
18,24,11,s_cnn,14632
18,24,12,s_cnn,14632
18,24,13,s_cnn,14632
18,24,14,s_cnn,14632
18,24,15,s_cnn,14632
18,24,16,s_cnn,14632
18,24,17,s_cnn,14632
19,24,1,SYSTEM:ExtraMonitor,488476
19,24,2,s_cnn,14632
19,24,3,s_cnn,14632
19,24,4,s_cnn,14632
19,24,5,s_cnn,14632
19,24,6,s_cnn,14632
19,24,7,s_cnn,14632
19,24,8,s_cnn,14632
19,24,9,s_cnn,14632
19,24,10,s_cnn,14632
19,24,11,s_cnn,14632
19,24,12,s_cnn,14632
19,24,13,s_cnn,14632
19,24,14,s_cnn,14632
19,24,15,s_cnn,14632
19,24,16,s_cnn,14632
19,24,17,s_cnn,14632
20,24,1,SYSTEM:ExtraMonitor,488476
20,24,2,s_cnn,14632
20,24,3,s_cnn,14632
20,24,4,s_cnn,14632
20,24,5,s_cnn,14632
20,24,6,s_cnn,14632
20,24,7,s_cnn,14632
20,24,8,s_cnn,14632
20,24,9,s_cnn,14632
20,24,10,s_cnn,14632
20,24,11,s_cnn,14632
20,24,12,s_cnn,14632
20,24,13,s_cnn,14632
20,24,14,s_cnn,14632
20,24,15,s_cnn,14632
20,24,16,s_cnn,14632
20,24,17,s_cnn,14632
21,24,1,SYSTEM:ExtraMonitor,488476
21,24,2,s_cnn,14632
21,24,3,s_cnn,14632
21,24,4,s_cnn,14632
21,24,5,s_cnn,14632
21,24,6,s_cnn,14632
21,24,7,s_cnn,14632
21,24,8,s_cnn,14632
21,24,9,s_cnn,14632
21,24,10,s_cnn,14632
21,24,11,s_cnn,14632
21,24,12,s_cnn,14632
21,24,13,s_cnn,14632
21,24,14,s_cnn,14632
21,24,15,s_cnn,14632
21,24,16,s_cnn,14632
21,24,17,s_cnn,14632
22,24,1,SYSTEM:ExtraMonitor,488476
22,24,2,s_cnn,14632
22,24,3,s_cnn,14632
22,24,4,s_cnn,14632
22,24,5,s_cnn,14632
22,24,6,s_cnn,14632
22,24,7,s_cnn,14632
22,24,8,s_cnn,14632
22,24,9,s_cnn,14632
22,24,10,s_cnn,14632
22,24,11,s_cnn,14632
22,24,12,s_cnn,14632
22,24,13,s_cnn,14632
22,24,14,s_cnn,14632
22,24,15,s_cnn,14632
22,24,16,s_cnn,14632
23,24,1,SYSTEM:ExtraMonitor,488476
23,24,2,s_cnn,14632
23,24,3,s_cnn,14632
23,24,4,s_cnn,14632
23,24,5,s_cnn,14632
23,24,6,s_cnn,14632
23,24,7,s_cnn,14632
23,24,8,s_cnn,14632
23,24,9,s_cnn,14632
23,24,10,s_cnn,14632
23,24,11,s_cnn,14632
23,24,12,s_cnn,14632
23,24,13,s_cnn,14632
23,24,14,s_cnn,14632
23,24,15,s_cnn,14632
23,24,16,s_cnn,14632
23,24,17,s_cnn,14632
0,25,1,SYSTEM:ExtraMonitor,488476
1,25,1,SYSTEM:ExtraMonitor,488476
2,25,1,SYSTEM:ExtraMonitor,488476
3,25,1,SYSTEM:ExtraMonitor,488476
4,25,1,SYSTEM:ExtraMonitor,488476
5,25,1,SYSTEM:ExtraMonitor,488476
6,25,1,SYSTEM:ExtraMonitor,488476
7,25,1,SYSTEM:ExtraMonitor,488476
8,25,1,SYSTEM:ExtraMonitor,488476
9,25,1,SYSTEM:ExtraMonitor,488476
10,25,1,SYSTEM:ExtraMonitor,488476
11,25,1,SYSTEM:ExtraMonitor,488476
12,25,1,SYSTEM:ExtraMonitor,488476
13,25,1,SYSTEM:ExtraMonitor,488476
14,25,1,SYSTEM:ExtraMonitor,488476
15,25,1,SYSTEM:ExtraMonitor,488476
16,25,1,SYSTEM:ExtraMonitor,488476
17,25,1,SYSTEM:ExtraMonitor,488476
17,25,2,s_cnn,14632
17,25,3,s_cnn,14632
17,25,4,s_cnn,14632
17,25,5,s_cnn,14632
17,25,6,s_cnn,14632
17,25,7,s_cnn,14632
17,25,8,s_cnn,14632
17,25,9,s_cnn,14632
17,25,10,s_cnn,14632
17,25,11,s_cnn,14632
17,25,12,s_cnn,14632
17,25,13,s_cnn,14632
17,25,14,s_cnn,14632
17,25,15,s_cnn,14632
17,25,16,s_cnn,14632
17,25,17,s_cnn,14632
18,25,1,SYSTEM:ExtraMonitor,488476
18,25,2,s_cnn,14632
18,25,3,s_cnn,14632
18,25,4,s_cnn,14632
18,25,5,s_cnn,14632
18,25,6,s_cnn,14632
18,25,7,s_cnn,14632
18,25,8,s_cnn,14632
18,25,9,s_cnn,14632
18,25,10,s_cnn,14632
18,25,11,s_cnn,14632
18,25,12,s_cnn,14632
18,25,13,s_cnn,14632
18,25,14,s_cnn,14632
18,25,15,s_cnn,14632
18,25,16,s_cnn,14632
19,25,1,SYSTEM:ExtraMonitor,488476
19,25,2,s_cnn,14632
19,25,3,s_cnn,14632
19,25,4,s_cnn,14632
19,25,5,s_cnn,14632
19,25,6,s_cnn,14632
19,25,7,s_cnn,14632
19,25,8,s_cnn,14632
19,25,9,s_cnn,14632
19,25,10,s_cnn,14632
19,25,11,s_cnn,14632
19,25,12,s_cnn,14632
19,25,13,s_cnn,14632
19,25,14,s_cnn,14632
19,25,15,s_cnn,14632
19,25,16,s_cnn,14632
19,25,17,s_cnn,14632
20,25,1,SYSTEM:ExtraMonitor,488476
20,25,2,s_cnn,14632
20,25,3,s_cnn,14632
20,25,4,s_cnn,14632
20,25,5,s_cnn,14632
20,25,6,s_cnn,14632
20,25,7,s_cnn,14632
20,25,8,s_cnn,14632
20,25,9,s_cnn,14632
20,25,10,s_cnn,14632
20,25,11,s_cnn,14632
20,25,12,s_cnn,14632
20,25,13,s_cnn,14632
20,25,14,s_cnn,14632
20,25,15,s_cnn,14632
20,25,16,s_cnn,14632
21,25,1,SYSTEM:ExtraMonitor,488476
21,25,2,s_cnn,14632
21,25,3,s_cnn,14632
21,25,4,s_cnn,14632
21,25,5,s_cnn,14632
21,25,6,s_cnn,14632
21,25,7,s_cnn,14632
21,25,8,s_cnn,14632
21,25,9,s_cnn,14632
21,25,10,s_cnn,14632
21,25,11,s_cnn,14632
21,25,12,s_cnn,14632
21,25,13,s_cnn,14632
21,25,14,s_cnn,14632
21,25,15,s_cnn,14632
21,25,16,s_cnn,14632
21,25,17,s_cnn,14632
22,25,1,SYSTEM:ExtraMonitor,488476
22,25,2,s_cnn,14632
22,25,3,s_cnn,14632
22,25,4,s_cnn,14632
22,25,5,s_cnn,14632
22,25,6,s_cnn,14632
22,25,7,s_cnn,14632
22,25,8,s_cnn,14632
22,25,9,s_cnn,14632
22,25,10,s_cnn,14632
22,25,11,s_cnn,14632
22,25,12,s_cnn,14632
22,25,13,s_cnn,14632
22,25,14,s_cnn,14632
22,25,15,s_cnn,14632
22,25,16,s_cnn,14632
23,25,1,SYSTEM:ExtraMonitor,488476
23,25,2,s_cnn,14632
23,25,3,s_cnn,14632
23,25,4,s_cnn,14632
23,25,5,s_cnn,14632
23,25,6,s_cnn,14632
23,25,7,s_cnn,14632
23,25,8,s_cnn,14632
23,25,9,s_cnn,14632
23,25,10,s_cnn,14632
23,25,11,s_cnn,14632
23,25,12,s_cnn,14632
23,25,13,s_cnn,14632
23,25,14,s_cnn,14632
23,25,15,s_cnn,14632
23,25,16,s_cnn,14632
23,25,17,s_cnn,14632
0,26,1,SYSTEM:ExtraMonitor,488476
1,26,1,SYSTEM:ExtraMonitor,488476
2,26,1,SYSTEM:ExtraMonitor,488476
3,26,1,SYSTEM:ExtraMonitor,488476
4,26,1,SYSTEM:ExtraMonitor,488476
5,26,1,SYSTEM:ExtraMonitor,488476
6,26,1,SYSTEM:ExtraMonitor,488476
7,26,1,SYSTEM:ExtraMonitor,488476
8,26,1,SYSTEM:ExtraMonitor,488476
9,26,1,SYSTEM:ExtraMonitor,488476
10,26,1,SYSTEM:ExtraMonitor,488476
11,26,1,SYSTEM:ExtraMonitor,488476
12,26,1,SYSTEM:ExtraMonitor,488476
13,26,1,SYSTEM:ExtraMonitor,488476
14,26,1,SYSTEM:ExtraMonitor,488476
15,26,1,SYSTEM:ExtraMonitor,488476
16,26,1,SYSTEM:ExtraMonitor,488476
17,26,1,SYSTEM:ExtraMonitor,488476
18,26,1,SYSTEM:ExtraMonitor,488476
18,26,2,s_cnn,14632
18,26,3,s_cnn,14632
18,26,4,s_cnn,14632
18,26,5,s_cnn,14632
18,26,6,s_cnn,14632
18,26,7,s_cnn,14632
18,26,8,s_cnn,14632
18,26,9,s_cnn,14632
18,26,10,s_cnn,14632
18,26,11,s_cnn,14632
18,26,12,s_cnn,14632
18,26,13,s_cnn,14632
18,26,14,s_cnn,14632
18,26,15,s_cnn,14632
18,26,16,s_cnn,14632
18,26,17,s_cnn,14632
19,26,1,SYSTEM:ExtraMonitor,488476
19,26,2,s_cnn,14632
19,26,3,s_cnn,14632
19,26,4,s_cnn,14632
19,26,5,s_cnn,14632
19,26,6,s_cnn,14632
19,26,7,s_cnn,14632
19,26,8,s_cnn,14632
19,26,9,s_cnn,14632
19,26,10,s_cnn,14632
19,26,11,s_cnn,14632
19,26,12,s_cnn,14632
19,26,13,s_cnn,14632
19,26,14,s_cnn,14632
19,26,15,s_cnn,14632
19,26,16,s_cnn,14632
19,26,17,s_cnn,14632
20,26,1,SYSTEM:ExtraMonitor,488476
20,26,2,s_cnn,14632
20,26,3,s_cnn,14632
20,26,4,s_cnn,14632
20,26,5,s_cnn,14632
20,26,6,s_cnn,14632
20,26,7,s_cnn,14632
20,26,8,s_cnn,14632
20,26,9,s_cnn,14632
20,26,10,s_cnn,14632
20,26,11,s_cnn,14632
20,26,12,s_cnn,14632
20,26,13,s_cnn,14632
20,26,14,s_cnn,14632
20,26,15,s_cnn,14632
20,26,16,s_cnn,14632
20,26,17,s_cnn,14632
21,26,1,SYSTEM:ExtraMonitor,488476
21,26,2,s_cnn,14632
21,26,3,s_cnn,14632
21,26,4,s_cnn,14632
21,26,5,s_cnn,14632
21,26,6,s_cnn,14632
21,26,7,s_cnn,14632
21,26,8,s_cnn,14632
21,26,9,s_cnn,14632
21,26,10,s_cnn,14632
21,26,11,s_cnn,14632
21,26,12,s_cnn,14632
21,26,13,s_cnn,14632
21,26,14,s_cnn,14632
21,26,15,s_cnn,14632
21,26,16,s_cnn,14632
21,26,17,s_cnn,14632
22,26,1,SYSTEM:ExtraMonitor,488476
22,26,2,s_cnn,14632
22,26,3,s_cnn,14632
22,26,4,s_cnn,14632
22,26,5,s_cnn,14632
22,26,6,s_cnn,14632
22,26,7,s_cnn,14632
22,26,8,s_cnn,14632
22,26,9,s_cnn,14632
22,26,10,s_cnn,14632
22,26,11,s_cnn,14632
22,26,12,s_cnn,14632
22,26,13,s_cnn,14632
22,26,14,s_cnn,14632
22,26,15,s_cnn,14632
22,26,16,s_cnn,14632
22,26,17,s_cnn,14632
23,26,1,SYSTEM:ExtraMonitor,488476
23,26,2,s_cnn,14632
23,26,3,s_cnn,14632
23,26,4,s_cnn,14632
23,26,5,s_cnn,14632
23,26,6,s_cnn,14632
23,26,7,s_cnn,14632
23,26,8,s_cnn,14632
23,26,9,s_cnn,14632
23,26,10,s_cnn,14632
23,26,11,s_cnn,14632
23,26,12,s_cnn,14632
23,26,13,s_cnn,14632
23,26,14,s_cnn,14632
23,26,15,s_cnn,14632
23,26,16,s_cnn,14632
23,26,17,s_cnn,14632
0,27,1,SYSTEM:ExtraMonitor,488476
1,27,1,SYSTEM:ExtraMonitor,488476
2,27,1,SYSTEM:ExtraMonitor,488476
4,27,1,SYSTEM:ExtraMonitor,488476
5,27,1,SYSTEM:ExtraMonitor,488476
6,27,1,SYSTEM:ExtraMonitor,488476
7,27,1,SYSTEM:ExtraMonitor,488476
8,27,1,SYSTEM:ExtraMonitor,488476
9,27,1,SYSTEM:ExtraMonitor,488476
10,27,1,SYSTEM:ExtraMonitor,488476
11,27,1,SYSTEM:ExtraMonitor,488476
12,27,1,SYSTEM:ExtraMonitor,488476
13,27,1,SYSTEM:ExtraMonitor,488476
14,27,1,SYSTEM:ExtraMonitor,488476
15,27,1,SYSTEM:ExtraMonitor,488476
16,27,1,SYSTEM:ExtraMonitor,488476
17,27,1,SYSTEM:ExtraMonitor,488476
18,27,1,SYSTEM:ExtraMonitor,488476
19,27,1,SYSTEM:ExtraMonitor,488476
19,27,2,s_cnn,14632
19,27,3,s_cnn,14632
19,27,4,s_cnn,14632
19,27,5,s_cnn,14632
19,27,6,s_cnn,14632
19,27,7,s_cnn,14632
19,27,8,s_cnn,14632
19,27,9,s_cnn,14632
19,27,10,s_cnn,14632
19,27,11,s_cnn,14632
19,27,12,s_cnn,14632
19,27,13,s_cnn,14632
19,27,14,s_cnn,14632
19,27,15,s_cnn,14632
19,27,16,s_cnn,14632
19,27,17,s_cnn,14632
20,27,1,SYSTEM:ExtraMonitor,488476
20,27,2,s_cnn,14632
20,27,3,s_cnn,14632
20,27,4,s_cnn,14632
20,27,5,s_cnn,14632
20,27,6,s_cnn,14632
20,27,7,s_cnn,14632
20,27,8,s_cnn,14632
20,27,9,s_cnn,14632
20,27,10,s_cnn,14632
20,27,11,s_cnn,14632
20,27,12,s_cnn,14632
20,27,13,s_cnn,14632
20,27,14,s_cnn,14632
20,27,15,s_cnn,14632
20,27,16,s_cnn,14632
20,27,17,s_cnn,14632
21,27,1,SYSTEM:ExtraMonitor,488476
21,27,2,s_cnn,14632
21,27,3,s_cnn,14632
21,27,4,s_cnn,14632
21,27,5,s_cnn,14632
21,27,6,s_cnn,14632
21,27,7,s_cnn,14632
21,27,8,s_cnn,14632
21,27,9,s_cnn,14632
21,27,10,s_cnn,14632
21,27,11,s_cnn,14632
21,27,12,s_cnn,14632
21,27,13,s_cnn,14632
21,27,14,s_cnn,14632
21,27,15,s_cnn,14632
21,27,16,s_cnn,14632
21,27,17,s_cnn,14632
22,27,1,SYSTEM:ExtraMonitor,488476
22,27,2,s_cnn,14632
22,27,3,s_cnn,14632
22,27,4,s_cnn,14632
22,27,5,s_cnn,14632
22,27,6,s_cnn,14632
22,27,7,s_cnn,14632
22,27,8,s_cnn,14632
22,27,9,s_cnn,14632
22,27,10,s_cnn,14632
22,27,11,s_cnn,14632
22,27,12,s_cnn,14632
22,27,13,s_cnn,14632
22,27,14,s_cnn,14632
22,27,15,s_cnn,14632
22,27,16,s_cnn,14632
22,27,17,s_cnn,14632
23,27,1,SYSTEM:ExtraMonitor,488476
23,27,2,s_cnn,14632
23,27,3,s_cnn,14632
23,27,4,s_cnn,14632
23,27,5,s_cnn,14632
23,27,6,s_cnn,14632
23,27,7,s_cnn,14632
23,27,8,s_cnn,14632
23,27,9,s_cnn,14632
23,27,10,s_cnn,14632
23,27,11,s_cnn,14632
23,27,12,s_cnn,14632
23,27,13,s_cnn,14632
23,27,14,s_cnn,14632
23,27,15,s_cnn,14632
23,27,16,s_cnn,14632
23,27,17,s_cnn,14632
0,28,1,SYSTEM:ExtraMonitor,488476
1,28,1,SYSTEM:ExtraMonitor,488476
2,28,1,SYSTEM:ExtraMonitor,488476
3,28,1,SYSTEM:ExtraMonitor,488476
4,28,1,SYSTEM:ExtraMonitor,488476
5,28,1,SYSTEM:ExtraMonitor,488476
6,28,1,SYSTEM:ExtraMonitor,488476
7,28,1,SYSTEM:ExtraMonitor,488476
8,28,1,"SYSTEM:PacketGatherer(28,8)",477250
8,28,2,SYSTEM:ExtraMonitor,488476
9,28,1,SYSTEM:ExtraMonitor,488476
10,28,1,SYSTEM:ExtraMonitor,488476
11,28,1,SYSTEM:ExtraMonitor,488476
12,28,1,SYSTEM:ExtraMonitor,488476
13,28,1,SYSTEM:ExtraMonitor,488476
14,28,1,SYSTEM:ExtraMonitor,488476
15,28,1,SYSTEM:ExtraMonitor,488476
16,28,1,SYSTEM:ExtraMonitor,488476
17,28,1,SYSTEM:ExtraMonitor,488476
18,28,1,SYSTEM:ExtraMonitor,488476
19,28,1,SYSTEM:ExtraMonitor,488476
20,28,1,"SYSTEM:PacketGatherer(28,20)",477250
20,28,2,SYSTEM:ExtraMonitor,488476
21,28,1,SYSTEM:ExtraMonitor,488476
22,28,1,SYSTEM:ExtraMonitor,488476
23,28,1,SYSTEM:ExtraMonitor,488476
0,29,1,SYSTEM:ExtraMonitor,488476
1,29,1,SYSTEM:ExtraMonitor,488476
2,29,1,SYSTEM:ExtraMonitor,488476
3,29,1,SYSTEM:ExtraMonitor,488476
4,29,1,SYSTEM:ExtraMonitor,488476
5,29,1,SYSTEM:ExtraMonitor,488476
6,29,1,SYSTEM:ExtraMonitor,488476
7,29,1,SYSTEM:ExtraMonitor,488476
9,29,1,SYSTEM:ExtraMonitor,488476
10,29,1,SYSTEM:ExtraMonitor,488476
11,29,1,SYSTEM:ExtraMonitor,488476
13,29,1,SYSTEM:ExtraMonitor,488476
14,29,1,SYSTEM:ExtraMonitor,488476
15,29,1,SYSTEM:ExtraMonitor,488476
16,29,1,SYSTEM:ExtraMonitor,488476
17,29,1,SYSTEM:ExtraMonitor,488476
18,29,1,SYSTEM:ExtraMonitor,488476
19,29,1,SYSTEM:ExtraMonitor,488476
20,29,1,SYSTEM:ExtraMonitor,488476
21,29,1,SYSTEM:ExtraMonitor,488476
22,29,1,SYSTEM:ExtraMonitor,488476
23,29,1,SYSTEM:ExtraMonitor,488476
0,30,1,SYSTEM:ExtraMonitor,488476
1,30,1,SYSTEM:ExtraMonitor,488476
2,30,1,SYSTEM:ExtraMonitor,488476
3,30,1,SYSTEM:ExtraMonitor,488476
4,30,1,SYSTEM:ExtraMonitor,488476
5,30,1,SYSTEM:ExtraMonitor,488476
6,30,1,SYSTEM:ExtraMonitor,488476
7,30,1,SYSTEM:ExtraMonitor,488476
8,30,1,SYSTEM:ExtraMonitor,488476
9,30,1,SYSTEM:ExtraMonitor,488476
11,30,1,SYSTEM:ExtraMonitor,488476
12,30,1,SYSTEM:ExtraMonitor,488476
13,30,1,SYSTEM:ExtraMonitor,488476
14,30,1,SYSTEM:ExtraMonitor,488476
15,30,1,SYSTEM:ExtraMonitor,488476
16,30,1,SYSTEM:ExtraMonitor,488476
17,30,1,SYSTEM:ExtraMonitor,488476
18,30,1,SYSTEM:ExtraMonitor,488476
19,30,1,SYSTEM:ExtraMonitor,488476
20,30,1,SYSTEM:ExtraMonitor,488476
21,30,1,SYSTEM:ExtraMonitor,488476
22,30,1,SYSTEM:ExtraMonitor,488476
23,30,1,SYSTEM:ExtraMonitor,488476
0,31,1,SYSTEM:ExtraMonitor,488476
1,31,1,SYSTEM:ExtraMonitor,488476
2,31,1,SYSTEM:ExtraMonitor,488476
3,31,1,SYSTEM:ExtraMonitor,488476
4,31,1,SYSTEM:ExtraMonitor,488476
5,31,1,SYSTEM:ExtraMonitor,488476
6,31,1,SYSTEM:ExtraMonitor,488476
7,31,1,SYSTEM:ExtraMonitor,488476
8,31,1,SYSTEM:ExtraMonitor,488476
9,31,1,SYSTEM:ExtraMonitor,488476
10,31,1,SYSTEM:ExtraMonitor,488476
11,31,1,SYSTEM:ExtraMonitor,488476
12,31,1,SYSTEM:ExtraMonitor,488476
13,31,1,SYSTEM:ExtraMonitor,488476
14,31,1,SYSTEM:ExtraMonitor,488476
15,31,1,SYSTEM:ExtraMonitor,488476
16,31,1,SYSTEM:ExtraMonitor,488476
17,31,1,SYSTEM:ExtraMonitor,488476
18,31,1,SYSTEM:ExtraMonitor,488476
19,31,1,SYSTEM:ExtraMonitor,488476
20,31,1,SYSTEM:ExtraMonitor,488476
21,31,1,SYSTEM:ExtraMonitor,488476
22,31,1,SYSTEM:ExtraMonitor,488476
23,31,1,SYSTEM:ExtraMonitor,488476
0,32,1,SYSTEM:ExtraMonitor,488476
1,32,1,SYSTEM:ExtraMonitor,488476
2,32,1,SYSTEM:ExtraMonitor,488476
3,32,1,SYSTEM:ExtraMonitor,488476
4,32,1,"SYSTEM:PacketGatherer(32,4)",477250
4,32,2,SYSTEM:ExtraMonitor,488476
5,32,1,SYSTEM:ExtraMonitor,488476
6,32,1,SYSTEM:ExtraMonitor,488476
7,32,1,SYSTEM:ExtraMonitor,488476
8,32,1,SYSTEM:ExtraMonitor,488476
9,32,1,SYSTEM:ExtraMonitor,488476
10,32,1,SYSTEM:ExtraMonitor,488476
11,32,1,SYSTEM:ExtraMonitor,488476
12,32,1,SYSTEM:ExtraMonitor,488476
13,32,1,SYSTEM:ExtraMonitor,488476
14,32,1,SYSTEM:ExtraMonitor,488476
15,32,1,SYSTEM:ExtraMonitor,488476
16,32,1,"Command Sender on 32, 16",492
16,32,2,"SYSTEM:PacketGatherer(32,16)",477250
16,32,3,SYSTEM:ExtraMonitor,488476
17,32,1,SYSTEM:ExtraMonitor,488476
18,32,1,SYSTEM:ExtraMonitor,488476
19,32,1,SYSTEM:ExtraMonitor,488476
20,32,1,SYSTEM:ExtraMonitor,488476
21,32,1,SYSTEM:ExtraMonitor,488476
22,32,1,SYSTEM:ExtraMonitor,488476
23,32,1,SYSTEM:ExtraMonitor,488476
0,33,1,SYSTEM:ExtraMonitor,488476
1,33,1,SYSTEM:ExtraMonitor,488476
2,33,1,SYSTEM:ExtraMonitor,488476
3,33,1,SYSTEM:ExtraMonitor,488476
4,33,1,SYSTEM:ExtraMonitor,488476
5,33,1,SYSTEM:ExtraMonitor,488476
6,33,1,SYSTEM:ExtraMonitor,488476
7,33,1,SYSTEM:ExtraMonitor,488476
8,33,1,SYSTEM:ExtraMonitor,488476
9,33,1,SYSTEM:ExtraMonitor,488476
10,33,1,SYSTEM:ExtraMonitor,488476
11,33,1,SYSTEM:ExtraMonitor,488476
12,33,1,SYSTEM:ExtraMonitor,488476
13,33,1,SYSTEM:ExtraMonitor,488476
14,33,1,SYSTEM:ExtraMonitor,488476
15,33,1,SYSTEM:ExtraMonitor,488476
16,33,1,SYSTEM:ExtraMonitor,488476
17,33,1,SYSTEM:ExtraMonitor,488476
18,33,1,SYSTEM:ExtraMonitor,488476
19,33,1,SYSTEM:ExtraMonitor,488476
20,33,1,SYSTEM:ExtraMonitor,488476
21,33,1,SYSTEM:ExtraMonitor,488476
22,33,1,SYSTEM:ExtraMonitor,488476
0,34,1,SYSTEM:ExtraMonitor,488476
1,34,1,SYSTEM:ExtraMonitor,488476
2,34,1,SYSTEM:ExtraMonitor,488476
3,34,1,SYSTEM:ExtraMonitor,488476
4,34,1,SYSTEM:ExtraMonitor,488476
5,34,1,SYSTEM:ExtraMonitor,488476
6,34,1,SYSTEM:ExtraMonitor,488476
7,34,1,SYSTEM:ExtraMonitor,488476
8,34,1,SYSTEM:ExtraMonitor,488476
9,34,1,SYSTEM:ExtraMonitor,488476
10,34,1,SYSTEM:ExtraMonitor,488476
11,34,1,SYSTEM:ExtraMonitor,488476
12,34,1,SYSTEM:ExtraMonitor,488476
13,34,1,SYSTEM:ExtraMonitor,488476
14,34,1,SYSTEM:ExtraMonitor,488476
15,34,1,SYSTEM:ExtraMonitor,488476
16,34,1,SYSTEM:ExtraMonitor,488476
17,34,1,SYSTEM:ExtraMonitor,488476
18,34,1,SYSTEM:ExtraMonitor,488476
19,34,1,SYSTEM:ExtraMonitor,488476
20,34,1,SYSTEM:ExtraMonitor,488476
21,34,1,SYSTEM:ExtraMonitor,488476
22,34,1,SYSTEM:ExtraMonitor,488476
23,34,1,SYSTEM:ExtraMonitor,488476
0,35,1,SYSTEM:ExtraMonitor,488476
1,35,1,SYSTEM:ExtraMonitor,488476
2,35,1,SYSTEM:ExtraMonitor,488476
3,35,1,SYSTEM:ExtraMonitor,488476
4,35,1,SYSTEM:ExtraMonitor,488476
5,35,1,SYSTEM:ExtraMonitor,488476
6,35,1,SYSTEM:ExtraMonitor,488476
8,35,1,SYSTEM:ExtraMonitor,488476
9,35,1,SYSTEM:ExtraMonitor,488476
10,35,1,SYSTEM:ExtraMonitor,488476
11,35,1,SYSTEM:ExtraMonitor,488476
12,35,1,SYSTEM:ExtraMonitor,488476
14,35,1,SYSTEM:ExtraMonitor,488476
15,35,1,SYSTEM:ExtraMonitor,488476
16,35,1,SYSTEM:ExtraMonitor,488476
17,35,1,SYSTEM:ExtraMonitor,488476
18,35,1,SYSTEM:ExtraMonitor,488476
19,35,1,SYSTEM:ExtraMonitor,488476
20,35,1,SYSTEM:ExtraMonitor,488476
21,35,1,SYSTEM:ExtraMonitor,488476
22,35,1,SYSTEM:ExtraMonitor,488476
23,35,1,SYSTEM:ExtraMonitor,488476
0,36,1,"SYSTEM:PacketGatherer(36,0)",477250
0,36,2,SYSTEM:ExtraMonitor,488476
1,36,1,SYSTEM:ExtraMonitor,488476
2,36,1,SYSTEM:ExtraMonitor,488476
3,36,1,SYSTEM:ExtraMonitor,488476
4,36,1,SYSTEM:ExtraMonitor,488476
5,36,1,SYSTEM:ExtraMonitor,488476
6,36,1,SYSTEM:ExtraMonitor,488476
7,36,1,SYSTEM:ExtraMonitor,488476
8,36,1,SYSTEM:ExtraMonitor,488476
9,36,1,SYSTEM:ExtraMonitor,488476
10,36,1,SYSTEM:ExtraMonitor,488476
11,36,1,SYSTEM:ExtraMonitor,488476
12,36,1,"SYSTEM:PacketGatherer(36,12)",477250
12,36,2,SYSTEM:ExtraMonitor,488476
13,36,1,SYSTEM:ExtraMonitor,488476
14,36,1,SYSTEM:ExtraMonitor,488476
15,36,1,SYSTEM:ExtraMonitor,488476
16,36,1,SYSTEM:ExtraMonitor,488476
17,36,1,SYSTEM:ExtraMonitor,488476
18,36,1,SYSTEM:ExtraMonitor,488476
19,36,1,SYSTEM:ExtraMonitor,488476
20,36,1,SYSTEM:ExtraMonitor,488476
21,36,1,SYSTEM:ExtraMonitor,488476
22,36,1,SYSTEM:ExtraMonitor,488476
23,36,1,SYSTEM:ExtraMonitor,488476
0,37,1,SYSTEM:ExtraMonitor,488476
1,37,1,SYSTEM:ExtraMonitor,488476
2,37,1,SYSTEM:ExtraMonitor,488476
3,37,1,SYSTEM:ExtraMonitor,488476
4,37,1,SYSTEM:ExtraMonitor,488476
5,37,1,SYSTEM:ExtraMonitor,488476
6,37,1,SYSTEM:ExtraMonitor,488476
7,37,1,SYSTEM:ExtraMonitor,488476
9,37,1,SYSTEM:ExtraMonitor,488476
10,37,1,SYSTEM:ExtraMonitor,488476
11,37,1,SYSTEM:ExtraMonitor,488476
12,37,1,SYSTEM:ExtraMonitor,488476
13,37,1,SYSTEM:ExtraMonitor,488476
14,37,1,SYSTEM:ExtraMonitor,488476
15,37,1,SYSTEM:ExtraMonitor,488476
16,37,1,SYSTEM:ExtraMonitor,488476
17,37,1,SYSTEM:ExtraMonitor,488476
18,37,1,SYSTEM:ExtraMonitor,488476
19,37,1,SYSTEM:ExtraMonitor,488476
20,37,1,SYSTEM:ExtraMonitor,488476
21,37,1,SYSTEM:ExtraMonitor,488476
22,37,1,SYSTEM:ExtraMonitor,488476
23,37,1,SYSTEM:ExtraMonitor,488476
0,38,1,SYSTEM:ExtraMonitor,488476
1,38,1,SYSTEM:ExtraMonitor,488476
2,38,1,SYSTEM:ExtraMonitor,488476
3,38,1,SYSTEM:ExtraMonitor,488476
4,38,1,SYSTEM:ExtraMonitor,488476
5,38,1,SYSTEM:ExtraMonitor,488476
6,38,1,SYSTEM:ExtraMonitor,488476
7,38,1,SYSTEM:ExtraMonitor,488476
8,38,1,SYSTEM:ExtraMonitor,488476
9,38,1,SYSTEM:ExtraMonitor,488476
10,38,1,SYSTEM:ExtraMonitor,488476
11,38,1,SYSTEM:ExtraMonitor,488476
12,38,1,SYSTEM:ExtraMonitor,488476
13,38,1,SYSTEM:ExtraMonitor,488476
14,38,1,SYSTEM:ExtraMonitor,488476
15,38,1,SYSTEM:ExtraMonitor,488476
16,38,1,SYSTEM:ExtraMonitor,488476
17,38,1,SYSTEM:ExtraMonitor,488476
18,38,1,SYSTEM:ExtraMonitor,488476
19,38,1,SYSTEM:ExtraMonitor,488476
20,38,1,SYSTEM:ExtraMonitor,488476
21,38,1,SYSTEM:ExtraMonitor,488476
22,38,1,SYSTEM:ExtraMonitor,488476
23,38,1,SYSTEM:ExtraMonitor,488476
0,39,1,SYSTEM:ExtraMonitor,488476
1,39,1,SYSTEM:ExtraMonitor,488476
2,39,1,SYSTEM:ExtraMonitor,488476
3,39,1,SYSTEM:ExtraMonitor,488476
4,39,1,SYSTEM:ExtraMonitor,488476
5,39,1,SYSTEM:ExtraMonitor,488476
6,39,1,SYSTEM:ExtraMonitor,488476
7,39,1,SYSTEM:ExtraMonitor,488476
8,39,1,SYSTEM:ExtraMonitor,488476
9,39,1,SYSTEM:ExtraMonitor,488476
10,39,1,SYSTEM:ExtraMonitor,488476
11,39,1,SYSTEM:ExtraMonitor,488476
12,39,1,SYSTEM:ExtraMonitor,488476
13,39,1,SYSTEM:ExtraMonitor,488476
14,39,1,SYSTEM:ExtraMonitor,488476
15,39,1,SYSTEM:ExtraMonitor,488476
16,39,1,SYSTEM:ExtraMonitor,488476
17,39,1,SYSTEM:ExtraMonitor,488476
18,39,1,SYSTEM:ExtraMonitor,488476
19,39,1,SYSTEM:ExtraMonitor,488476
20,39,1,SYSTEM:ExtraMonitor,488476
21,39,1,SYSTEM:ExtraMonitor,488476
22,39,1,SYSTEM:ExtraMonitor,488476
23,39,1,SYSTEM:ExtraMonitor,488476
0,40,1,SYSTEM:ExtraMonitor,488476
1,40,1,SYSTEM:ExtraMonitor,488476
2,40,1,SYSTEM:ExtraMonitor,488476
3,40,1,SYSTEM:ExtraMonitor,488476
4,40,1,SYSTEM:ExtraMonitor,488476
5,40,1,SYSTEM:ExtraMonitor,488476
6,40,1,SYSTEM:ExtraMonitor,488476
7,40,1,SYSTEM:ExtraMonitor,488476
8,40,1,"SYSTEM:PacketGatherer(40,8)",477250
8,40,2,SYSTEM:ExtraMonitor,488476
8,40,3,s_cnn,14632
8,40,4,s_cnn,14632
8,40,5,s_cnn,14632
8,40,6,s_cnn,14632
8,40,7,s_cnn,14632
8,40,8,s_cnn,14632
8,40,9,s_cnn,14632
8,40,10,s_cnn,14632
8,40,11,s_cnn,14632
8,40,12,s_cnn,14632
8,40,13,s_cnn,14632
8,40,14,s_cnn,14632
8,40,15,s_cnn,14632
8,40,16,s_cnn,14632
8,40,17,s_cnn,14632
9,40,1,SYSTEM:ExtraMonitor,488476
9,40,2,s_cnn,14632
9,40,3,s_cnn,14632
9,40,4,s_cnn,14632
9,40,5,s_cnn,14632
9,40,6,s_cnn,14632
9,40,7,s_cnn,14632
9,40,8,s_cnn,14632
9,40,9,s_cnn,14632
9,40,10,s_cnn,14632
9,40,11,s_cnn,14632
9,40,12,s_cnn,14632
9,40,13,s_cnn,14632
9,40,14,s_cnn,14632
9,40,15,s_cnn,14632
9,40,16,s_cnn,14632
9,40,17,s_cnn,14632
10,40,1,SYSTEM:ExtraMonitor,488476
10,40,2,s_cnn,14632
10,40,3,s_cnn,14632
10,40,4,s_cnn,14632
10,40,5,s_cnn,14632
10,40,6,s_cnn,14632
10,40,7,s_cnn,14632
10,40,8,s_cnn,14632
10,40,9,s_cnn,14632
10,40,10,s_cnn,14632
10,40,11,s_cnn,14632
10,40,12,s_cnn,14632
10,40,13,s_cnn,14632
10,40,14,s_cnn,14632
10,40,15,s_cnn,14632
10,40,16,s_cnn,14632
10,40,17,s_cnn,14632
11,40,1,SYSTEM:ExtraMonitor,488476
11,40,2,s_cnn,14632
11,40,3,s_cnn,14632
11,40,4,s_cnn,14632
11,40,5,s_cnn,14632
11,40,6,s_cnn,14632
11,40,7,s_cnn,14632
11,40,8,s_cnn,14632
11,40,9,s_cnn,14632
11,40,10,s_cnn,14632
11,40,11,s_cnn,14632
11,40,12,s_cnn,14632
11,40,13,s_cnn,14632
11,40,14,s_cnn,14632
11,40,15,s_cnn,14632
11,40,16,s_cnn,14632
11,40,17,s_cnn,14632
12,40,1,SYSTEM:ExtraMonitor,488476
13,40,1,SYSTEM:ExtraMonitor,488476
14,40,1,SYSTEM:ExtraMonitor,488476
15,40,1,SYSTEM:ExtraMonitor,488476
16,40,1,SYSTEM:ExtraMonitor,488476
17,40,1,SYSTEM:ExtraMonitor,488476
18,40,1,SYSTEM:ExtraMonitor,488476
19,40,1,SYSTEM:ExtraMonitor,488476
20,40,1,"SYSTEM:PacketGatherer(40,20)",477250
20,40,2,SYSTEM:ExtraMonitor,488476
20,40,3,f_cnn,14632
20,40,4,f_cnn,14632
20,40,5,f_cnn,14632
20,40,6,f_cnn,14632
20,40,7,f_cnn,14632
20,40,8,f_cnn,14632
20,40,9,f_cnn,14632
20,40,10,f_cnn,14632
20,40,11,f_cnn,14632
20,40,12,f_cnn,14632
20,40,13,f_cnn,14632
20,40,14,f_cnn,14632
20,40,15,f_cnn,14632
20,40,16,f_cnn,14632
20,40,17,f_cnn,14632
21,40,1,SYSTEM:ExtraMonitor,488476
21,40,2,f_cnn,14632
21,40,3,f_cnn,14632
21,40,4,f_cnn,14632
21,40,5,f_cnn,14632
21,40,6,f_cnn,14632
21,40,7,f_cnn,14632
21,40,8,f_cnn,14632
21,40,9,f_cnn,14632
21,40,10,f_cnn,14632
21,40,11,f_cnn,14632
21,40,12,f_cnn,14632
21,40,13,f_cnn,14632
21,40,14,f_cnn,14632
21,40,15,f_cnn,14632
21,40,16,f_cnn,14632
21,40,17,f_cnn,14632
22,40,1,SYSTEM:ExtraMonitor,488476
22,40,2,f_cnn,14632
22,40,3,f_cnn,14632
22,40,4,f_cnn,14632
22,40,5,f_cnn,14632
22,40,6,f_cnn,14632
22,40,7,f_cnn,14632
22,40,8,f_cnn,14632
22,40,9,f_cnn,14632
22,40,10,f_cnn,14632
22,40,11,f_cnn,14632
22,40,12,f_cnn,14632
22,40,13,f_cnn,14632
22,40,14,f_cnn,14632
22,40,15,f_cnn,14632
22,40,16,f_cnn,14632
22,40,17,f_cnn,14632
23,40,1,SYSTEM:ExtraMonitor,488476
23,40,2,f_cnn,14632
23,40,3,f_cnn,14632
23,40,4,f_cnn,14632
23,40,5,f_cnn,14632
23,40,6,f_cnn,14632
23,40,7,f_cnn,14632
23,40,8,f_cnn,14632
23,40,9,f_cnn,14632
23,40,10,f_cnn,14632
23,40,11,f_cnn,14632
23,40,12,f_cnn,14632
23,40,13,f_cnn,14632
23,40,14,f_cnn,14632
23,40,15,f_cnn,14632
23,40,16,f_cnn,14632
23,40,17,f_cnn,14632
0,41,1,SYSTEM:ExtraMonitor,488476
0,41,2,f_cnn,14632
0,41,3,f_cnn,14632
0,41,4,f_cnn,14632
0,41,5,f_cnn,14632
0,41,6,f_cnn,14632
0,41,7,f_cnn,14632
0,41,8,f_cnn,14632
0,41,9,f_cnn,14632
0,41,10,f_cnn,14632
0,41,11,f_cnn,14632
0,41,12,f_cnn,14632
0,41,13,f_cnn,14632
0,41,14,f_cnn,14632
0,41,15,f_cnn,14632
0,41,16,f_cnn,14632
0,41,17,f_cnn,14632
1,41,1,SYSTEM:ExtraMonitor,488476
2,41,1,SYSTEM:ExtraMonitor,488476
3,41,1,SYSTEM:ExtraMonitor,488476
4,41,1,SYSTEM:ExtraMonitor,488476
5,41,1,SYSTEM:ExtraMonitor,488476
6,41,1,SYSTEM:ExtraMonitor,488476
7,41,1,SYSTEM:ExtraMonitor,488476
8,41,1,SYSTEM:ExtraMonitor,488476
8,41,2,s_cnn,14632
8,41,3,s_cnn,14632
8,41,4,s_cnn,14632
8,41,5,s_cnn,14632
8,41,6,s_cnn,14632
8,41,7,s_cnn,14632
8,41,8,s_cnn,14632
8,41,9,s_cnn,14632
8,41,10,s_cnn,14632
8,41,11,s_cnn,14632
8,41,12,s_cnn,14632
8,41,13,s_cnn,14632
8,41,14,s_cnn,14632
8,41,15,s_cnn,14632
8,41,16,s_cnn,14632
8,41,17,s_cnn,14632
9,41,1,SYSTEM:ExtraMonitor,488476
9,41,2,s_cnn,14632
9,41,3,s_cnn,14632
9,41,4,s_cnn,14632
9,41,5,s_cnn,14632
9,41,6,s_cnn,14632
9,41,7,s_cnn,14632
9,41,8,s_cnn,14632
9,41,9,s_cnn,14632
9,41,10,s_cnn,14632
9,41,11,s_cnn,14632
9,41,12,s_cnn,14632
9,41,13,s_cnn,14632
9,41,14,s_cnn,14632
9,41,15,s_cnn,14632
9,41,16,s_cnn,14632
10,41,1,SYSTEM:ExtraMonitor,488476
10,41,2,s_cnn,14632
10,41,3,s_cnn,14632
10,41,4,s_cnn,14632
10,41,5,s_cnn,14632
10,41,6,s_cnn,14632
10,41,7,s_cnn,14632
10,41,8,s_cnn,14632
10,41,9,s_cnn,14632
10,41,10,s_cnn,14632
10,41,11,s_cnn,14632
10,41,12,s_cnn,14632
10,41,13,s_cnn,14632
10,41,14,s_cnn,14632
10,41,15,s_cnn,14632
10,41,16,s_cnn,14632
10,41,17,s_cnn,14632
11,41,1,SYSTEM:ExtraMonitor,488476
11,41,2,s_cnn,14632
11,41,3,s_cnn,14632
11,41,4,s_cnn,14632
11,41,5,s_cnn,14632
11,41,6,s_cnn,14632
11,41,7,s_cnn,14632
11,41,8,s_cnn,14632
11,41,9,s_cnn,14632
11,41,10,s_cnn,14632
11,41,11,s_cnn,14632
11,41,12,s_cnn,14632
11,41,13,s_cnn,14632
11,41,14,s_cnn,14632
11,41,15,s_cnn,14632
11,41,16,s_cnn,14632
12,41,1,SYSTEM:ExtraMonitor,488476
12,41,2,s_cnn,14632
12,41,3,s_cnn,14632
12,41,4,s_cnn,14632
12,41,5,s_cnn,14632
12,41,6,s_cnn,14632
12,41,7,s_cnn,14632
12,41,8,s_cnn,14632
12,41,9,s_cnn,14632
12,41,10,s_cnn,14632
12,41,11,s_cnn,14632
12,41,12,s_cnn,14632
12,41,13,s_cnn,14632
12,41,14,s_cnn,14632
12,41,15,s_cnn,14632
12,41,16,s_cnn,14632
12,41,17,s_cnn,14632
13,41,1,SYSTEM:ExtraMonitor,488476
14,41,1,SYSTEM:ExtraMonitor,488476
15,41,1,SYSTEM:ExtraMonitor,488476
16,41,1,SYSTEM:ExtraMonitor,488476
17,41,1,SYSTEM:ExtraMonitor,488476
18,41,1,SYSTEM:ExtraMonitor,488476
19,41,1,SYSTEM:ExtraMonitor,488476
20,41,1,SYSTEM:ExtraMonitor,488476
20,41,2,f_cnn,14632
20,41,3,f_cnn,14632
20,41,4,f_cnn,14632
20,41,5,f_cnn,14632
20,41,6,f_cnn,14632
20,41,7,f_cnn,14632
20,41,8,f_cnn,14632
20,41,9,f_cnn,14632
20,41,10,f_cnn,14632
20,41,11,f_cnn,14632
20,41,12,f_cnn,14632
20,41,13,f_cnn,14632
20,41,14,f_cnn,14632
20,41,15,f_cnn,14632
20,41,16,f_cnn,14632
20,41,17,f_cnn,14632
21,41,1,SYSTEM:ExtraMonitor,488476
21,41,2,f_cnn,14632
21,41,3,f_cnn,14632
21,41,4,f_cnn,14632
21,41,5,f_cnn,14632
21,41,6,f_cnn,14632
21,41,7,f_cnn,14632
21,41,8,f_cnn,14632
21,41,9,f_cnn,14632
21,41,10,f_cnn,14632
21,41,11,f_cnn,14632
21,41,12,f_cnn,14632
21,41,13,f_cnn,14632
21,41,14,f_cnn,14632
21,41,15,f_cnn,14632
21,41,16,f_cnn,14632
22,41,1,SYSTEM:ExtraMonitor,488476
22,41,2,f_cnn,14632
22,41,3,f_cnn,14632
22,41,4,f_cnn,14632
22,41,5,f_cnn,14632
22,41,6,f_cnn,14632
22,41,7,f_cnn,14632
22,41,8,f_cnn,14632
22,41,9,f_cnn,14632
22,41,10,f_cnn,14632
22,41,11,f_cnn,14632
22,41,12,f_cnn,14632
22,41,13,f_cnn,14632
22,41,14,f_cnn,14632
22,41,15,f_cnn,14632
22,41,16,f_cnn,14632
22,41,17,f_cnn,14632
23,41,1,SYSTEM:ExtraMonitor,488476
23,41,2,f_cnn,14632
23,41,3,f_cnn,14632
23,41,4,f_cnn,14632
23,41,5,f_cnn,14632
23,41,6,f_cnn,14632
23,41,7,f_cnn,14632
23,41,8,f_cnn,14632
23,41,9,f_cnn,14632
23,41,10,f_cnn,14632
23,41,11,f_cnn,14632
23,41,12,f_cnn,14632
23,41,13,f_cnn,14632
23,41,14,f_cnn,14632
23,41,15,f_cnn,14632
23,41,16,f_cnn,14632
0,42,1,SYSTEM:ExtraMonitor,488476
0,42,2,f_cnn,14632
0,42,3,f_cnn,14632
0,42,4,f_cnn,14632
0,42,5,f_cnn,14632
0,42,6,f_cnn,14632
0,42,7,f_cnn,14632
0,42,8,f_cnn,14632
0,42,9,f_cnn,14632
0,42,10,f_cnn,14632
0,42,11,f_cnn,14632
0,42,12,f_cnn,14632
0,42,13,f_cnn,14632
0,42,14,f_cnn,14632
0,42,15,f_cnn,14632
0,42,16,f_cnn,14632
0,42,17,f_cnn,14632
1,42,1,SYSTEM:ExtraMonitor,488476
1,42,2,f_cnn,14632
1,42,3,f_cnn,14632
1,42,4,f_cnn,14632
1,42,5,f_cnn,14632
1,42,6,f_cnn,14632
1,42,7,f_cnn,14632
1,42,8,f_cnn,14632
1,42,9,f_cnn,14632
1,42,10,f_cnn,14632
1,42,11,f_cnn,14632
1,42,12,f_cnn,14632
1,42,13,f_cnn,14632
1,42,14,f_cnn,14632
1,42,15,f_cnn,14632
1,42,16,f_cnn,14632
1,42,17,f_cnn,14632
2,42,1,SYSTEM:ExtraMonitor,488476
3,42,1,SYSTEM:ExtraMonitor,488476
4,42,1,SYSTEM:ExtraMonitor,488476
5,42,1,SYSTEM:ExtraMonitor,488476
6,42,1,SYSTEM:ExtraMonitor,488476
7,42,1,SYSTEM:ExtraMonitor,488476
8,42,1,SYSTEM:ExtraMonitor,488476
8,42,2,s_cnn,14632
8,42,3,s_cnn,14632
8,42,4,s_cnn,14632
8,42,5,s_cnn,14632
8,42,6,s_cnn,14632
8,42,7,s_cnn,14632
8,42,8,s_cnn,14632
8,42,9,s_cnn,14632
8,42,10,s_cnn,14632
8,42,11,s_cnn,14632
8,42,12,s_cnn,14632
8,42,13,s_cnn,14632
8,42,14,s_cnn,14632
8,42,15,s_cnn,14632
8,42,16,s_cnn,14632
8,42,17,s_cnn,14632
9,42,1,SYSTEM:ExtraMonitor,488476
9,42,2,s_cnn,14632
9,42,3,s_cnn,14632
9,42,4,s_cnn,14632
9,42,5,s_cnn,14632
9,42,6,s_cnn,14632
9,42,7,s_cnn,14632
9,42,8,s_cnn,14632
9,42,9,s_cnn,14632
9,42,10,s_cnn,14632
9,42,11,s_cnn,14632
9,42,12,s_cnn,14632
9,42,13,s_cnn,14632
9,42,14,s_cnn,14632
9,42,15,s_cnn,14632
9,42,16,s_cnn,14632
9,42,17,s_cnn,14632
10,42,1,SYSTEM:ExtraMonitor,488476
10,42,2,s_cnn,14632
10,42,3,s_cnn,14632
10,42,4,s_cnn,14632
10,42,5,s_cnn,14632
10,42,6,s_cnn,14632
10,42,7,s_cnn,14632
10,42,8,s_cnn,14632
10,42,9,s_cnn,14632
10,42,10,s_cnn,14632
10,42,11,s_cnn,14632
10,42,12,s_cnn,14632
10,42,13,s_cnn,14632
10,42,14,s_cnn,14632
10,42,15,s_cnn,14632
10,42,16,s_cnn,14632
11,42,1,SYSTEM:ExtraMonitor,488476
11,42,2,s_cnn,14632
11,42,3,s_cnn,14632
11,42,4,s_cnn,14632
11,42,5,s_cnn,14632
11,42,6,s_cnn,14632
11,42,7,s_cnn,14632
11,42,8,s_cnn,14632
11,42,9,s_cnn,14632
11,42,10,s_cnn,14632
11,42,11,s_cnn,14632
11,42,12,s_cnn,14632
11,42,13,s_cnn,14632
11,42,14,s_cnn,14632
11,42,15,s_cnn,14632
11,42,16,s_cnn,14632
11,42,17,s_cnn,14632
12,42,1,SYSTEM:ExtraMonitor,488476
12,42,2,s_cnn,14632
12,42,3,s_cnn,14632
12,42,4,s_cnn,14632
12,42,5,s_cnn,14632
12,42,6,s_cnn,14632
12,42,7,s_cnn,14632
12,42,8,s_cnn,14632
12,42,9,s_cnn,14632
12,42,10,s_cnn,14632
12,42,11,s_cnn,14632
12,42,12,s_cnn,14632
12,42,13,s_cnn,14632
12,42,14,s_cnn,14632
12,42,15,s_cnn,14632
12,42,16,s_cnn,14632
12,42,17,s_cnn,14632
13,42,1,SYSTEM:ExtraMonitor,488476
13,42,2,s_cnn,14632
13,42,3,s_cnn,14632
13,42,4,s_cnn,14632
13,42,5,s_cnn,14632
13,42,6,s_cnn,14632
13,42,7,s_cnn,14632
13,42,8,s_cnn,14632
13,42,9,s_cnn,14632
13,42,10,s_cnn,14632
13,42,11,s_cnn,14632
13,42,12,s_cnn,14632
13,42,13,s_cnn,14632
13,42,14,s_cnn,14632
13,42,15,s_cnn,14632
13,42,16,s_cnn,14632
14,42,1,SYSTEM:ExtraMonitor,488476
15,42,1,SYSTEM:ExtraMonitor,488476
16,42,1,SYSTEM:ExtraMonitor,488476
17,42,1,SYSTEM:ExtraMonitor,488476
18,42,1,SYSTEM:ExtraMonitor,488476
19,42,1,SYSTEM:ExtraMonitor,488476
20,42,1,SYSTEM:ExtraMonitor,488476
20,42,2,f_cnn,14632
20,42,3,f_cnn,14632
20,42,4,f_cnn,14632
20,42,5,f_cnn,14632
20,42,6,f_cnn,14632
20,42,7,f_cnn,14632
20,42,8,f_cnn,14632
20,42,9,f_cnn,14632
20,42,10,f_cnn,14632
20,42,11,f_cnn,14632
20,42,12,f_cnn,14632
20,42,13,f_cnn,14632
20,42,14,f_cnn,14632
20,42,15,f_cnn,14632
20,42,16,f_cnn,14632
20,42,17,f_cnn,14632
21,42,1,SYSTEM:ExtraMonitor,488476
21,42,2,f_cnn,14632
21,42,3,f_cnn,14632
21,42,4,f_cnn,14632
21,42,5,f_cnn,14632
21,42,6,f_cnn,14632
21,42,7,f_cnn,14632
21,42,8,f_cnn,14632
21,42,9,f_cnn,14632
21,42,10,f_cnn,14632
21,42,11,f_cnn,14632
21,42,12,f_cnn,14632
21,42,13,f_cnn,14632
21,42,14,f_cnn,14632
21,42,15,f_cnn,14632
21,42,16,f_cnn,14632
21,42,17,f_cnn,14632
22,42,1,SYSTEM:ExtraMonitor,488476
22,42,2,f_cnn,14632
22,42,3,f_cnn,14632
22,42,4,f_cnn,14632
22,42,5,f_cnn,14632
22,42,6,f_cnn,14632
22,42,7,f_cnn,14632
22,42,8,f_cnn,14632
22,42,9,f_cnn,14632
22,42,10,f_cnn,14632
22,42,11,f_cnn,14632
22,42,12,f_cnn,14632
22,42,13,f_cnn,14632
22,42,14,f_cnn,14632
22,42,15,f_cnn,14632
22,42,16,f_cnn,14632
22,42,17,f_cnn,14632
23,42,1,SYSTEM:ExtraMonitor,488476
23,42,2,f_cnn,14632
23,42,3,f_cnn,14632
23,42,4,f_cnn,14632
23,42,5,f_cnn,14632
23,42,6,f_cnn,14632
23,42,7,f_cnn,14632
23,42,8,f_cnn,14632
23,42,9,f_cnn,14632
23,42,10,f_cnn,14632
23,42,11,f_cnn,14632
23,42,12,f_cnn,14632
23,42,13,f_cnn,14632
23,42,14,f_cnn,14632
23,42,15,f_cnn,14632
23,42,16,f_cnn,14632
23,42,17,f_cnn,14632
0,43,1,SYSTEM:ExtraMonitor,488476
0,43,2,f_cnn,14632
0,43,3,f_cnn,14632
0,43,4,f_cnn,14632
0,43,5,f_cnn,14632
0,43,6,f_cnn,14632
0,43,7,f_cnn,14632
0,43,8,f_cnn,14632
0,43,9,f_cnn,14632
0,43,10,f_cnn,14632
0,43,11,f_cnn,14632
0,43,12,f_cnn,14632
0,43,13,f_cnn,14632
0,43,14,f_cnn,14632
0,43,15,f_cnn,14632
0,43,16,f_cnn,14632
0,43,17,f_cnn,14632
1,43,1,SYSTEM:ExtraMonitor,488476
1,43,2,f_cnn,14632
1,43,3,f_cnn,14632
1,43,4,f_cnn,14632
1,43,5,f_cnn,14632
1,43,6,f_cnn,14632
1,43,7,f_cnn,14632
1,43,8,f_cnn,14632
1,43,9,f_cnn,14632
1,43,10,f_cnn,14632
1,43,11,f_cnn,14632
1,43,12,f_cnn,14632
1,43,13,f_cnn,14632
1,43,14,f_cnn,14632
1,43,15,f_cnn,14632
1,43,16,f_cnn,14632
2,43,1,SYSTEM:ExtraMonitor,488476
2,43,2,f_cnn,14632
2,43,3,f_cnn,14632
2,43,4,f_cnn,14632
2,43,5,f_cnn,14632
2,43,6,f_cnn,14632
2,43,7,f_cnn,14632
2,43,8,f_cnn,14632
2,43,9,f_cnn,14632
2,43,10,f_cnn,14632
2,43,11,f_cnn,14632
2,43,12,f_cnn,14632
2,43,13,f_cnn,14632
2,43,14,f_cnn,14632
2,43,15,f_cnn,14632
2,43,16,f_cnn,14632
2,43,17,f_cnn,14632
3,43,1,SYSTEM:ExtraMonitor,488476
4,43,1,SYSTEM:ExtraMonitor,488476
5,43,1,SYSTEM:ExtraMonitor,488476
6,43,1,SYSTEM:ExtraMonitor,488476
7,43,1,SYSTEM:ExtraMonitor,488476
8,43,1,SYSTEM:ExtraMonitor,488476
8,43,2,s_cnn,14632
8,43,3,s_cnn,14632
8,43,4,s_cnn,14632
8,43,5,s_cnn,14632
8,43,6,s_cnn,14632
8,43,7,s_cnn,14632
8,43,8,s_cnn,14632
8,43,9,s_cnn,14632
8,43,10,s_cnn,14632
8,43,11,s_cnn,14632
8,43,12,s_cnn,14632
8,43,13,s_cnn,14632
8,43,14,s_cnn,14632
8,43,15,s_cnn,14632
8,43,16,s_cnn,14632
8,43,17,s_cnn,14632
9,43,1,SYSTEM:ExtraMonitor,488476
9,43,2,s_cnn,14632
9,43,3,s_cnn,14632
9,43,4,s_cnn,14632
9,43,5,s_cnn,14632
9,43,6,s_cnn,14632
9,43,7,s_cnn,14632
9,43,8,s_cnn,14632
9,43,9,s_cnn,14632
9,43,10,s_cnn,14632
9,43,11,s_cnn,14632
9,43,12,s_cnn,14632
9,43,13,s_cnn,14632
9,43,14,s_cnn,14632
9,43,15,s_cnn,14632
9,43,16,s_cnn,14632
10,43,1,SYSTEM:ExtraMonitor,488476
10,43,2,s_cnn,14632
10,43,3,s_cnn,14632
10,43,4,s_cnn,14632
10,43,5,s_cnn,14632
10,43,6,s_cnn,14632
10,43,7,s_cnn,14632
10,43,8,s_cnn,14632
10,43,9,s_cnn,14632
10,43,10,s_cnn,14632
10,43,11,s_cnn,14632
10,43,12,s_cnn,14632
10,43,13,s_cnn,14632
10,43,14,s_cnn,14632
10,43,15,s_cnn,14632
10,43,16,s_cnn,14632
10,43,17,s_cnn,14632
11,43,1,SYSTEM:ExtraMonitor,488476
11,43,2,s_cnn,14632
11,43,3,s_cnn,14632
11,43,4,s_cnn,14632
11,43,5,s_cnn,14632
11,43,6,s_cnn,14632
11,43,7,s_cnn,14632
11,43,8,s_cnn,14632
11,43,9,s_cnn,14632
11,43,10,s_cnn,14632
11,43,11,s_cnn,14632
11,43,12,s_cnn,14632
11,43,13,s_cnn,14632
11,43,14,s_cnn,14632
11,43,15,s_cnn,14632
11,43,16,s_cnn,14632
12,43,1,SYSTEM:ExtraMonitor,488476
12,43,2,s_cnn,14632
12,43,3,s_cnn,14632
12,43,4,s_cnn,14632
12,43,5,s_cnn,14632
12,43,6,s_cnn,14632
12,43,7,s_cnn,14632
12,43,8,s_cnn,14632
12,43,9,s_cnn,14632
12,43,10,s_cnn,14632
12,43,11,s_cnn,14632
12,43,12,s_cnn,14632
12,43,13,s_cnn,14632
12,43,14,s_cnn,14632
12,43,15,s_cnn,14632
12,43,16,s_cnn,14632
12,43,17,s_cnn,14632
14,43,1,SYSTEM:ExtraMonitor,488476
14,43,2,s_cnn,14632
14,43,3,s_cnn,14632
14,43,4,s_cnn,14632
14,43,5,s_cnn,14632
14,43,6,s_cnn,14632
14,43,7,s_cnn,14632
14,43,8,s_cnn,14632
14,43,9,s_cnn,14632
14,43,10,s_cnn,14632
14,43,11,s_cnn,14632
14,43,12,s_cnn,14632
14,43,13,s_cnn,14632
14,43,14,s_cnn,14632
14,43,15,s_cnn,14632
14,43,16,s_cnn,14632
14,43,17,s_cnn,14632
15,43,1,SYSTEM:ExtraMonitor,488476
16,43,1,SYSTEM:ExtraMonitor,488476
17,43,1,SYSTEM:ExtraMonitor,488476
18,43,1,SYSTEM:ExtraMonitor,488476
19,43,1,SYSTEM:ExtraMonitor,488476
20,43,1,SYSTEM:ExtraMonitor,488476
20,43,2,f_cnn,14632
20,43,3,f_cnn,14632
20,43,4,f_cnn,14632
20,43,5,f_cnn,14632
20,43,6,f_cnn,14632
20,43,7,f_cnn,14632
20,43,8,f_cnn,14632
20,43,9,f_cnn,14632
20,43,10,f_cnn,14632
20,43,11,f_cnn,14632
20,43,12,f_cnn,14632
20,43,13,f_cnn,14632
20,43,14,f_cnn,14632
20,43,15,f_cnn,14632
20,43,16,f_cnn,14632
20,43,17,f_cnn,14632
21,43,1,SYSTEM:ExtraMonitor,488476
21,43,2,f_cnn,14632
21,43,3,f_cnn,14632
21,43,4,f_cnn,14632
21,43,5,f_cnn,14632
21,43,6,f_cnn,14632
21,43,7,f_cnn,14632
21,43,8,f_cnn,14632
21,43,9,f_cnn,14632
21,43,10,f_cnn,14632
21,43,11,f_cnn,14632
21,43,12,f_cnn,14632
21,43,13,f_cnn,14632
21,43,14,f_cnn,14632
21,43,15,f_cnn,14632
21,43,16,f_cnn,14632
22,43,1,SYSTEM:ExtraMonitor,488476
22,43,2,f_cnn,14632
22,43,3,f_cnn,14632
22,43,4,f_cnn,14632
22,43,5,f_cnn,14632
22,43,6,f_cnn,14632
22,43,7,f_cnn,14632
22,43,8,f_cnn,14632
22,43,9,f_cnn,14632
22,43,10,f_cnn,14632
22,43,11,f_cnn,14632
22,43,12,f_cnn,14632
22,43,13,f_cnn,14632
22,43,14,f_cnn,14632
22,43,15,f_cnn,14632
22,43,16,f_cnn,14632
22,43,17,f_cnn,14632
23,43,1,SYSTEM:ExtraMonitor,488476
23,43,2,f_cnn,14632
23,43,3,f_cnn,14632
23,43,4,f_cnn,14632
23,43,5,f_cnn,14632
23,43,6,f_cnn,14632
23,43,7,f_cnn,14632
23,43,8,f_cnn,14632
23,43,9,f_cnn,14632
23,43,10,f_cnn,14632
23,43,11,f_cnn,14632
23,43,12,f_cnn,14632
23,43,13,f_cnn,14632
23,43,14,f_cnn,14632
23,43,15,f_cnn,14632
23,43,16,f_cnn,14632
0,44,1,SYSTEM:ExtraMonitor,488476
0,44,2,f_cnn,14632
0,44,3,f_cnn,14632
0,44,4,f_cnn,14632
0,44,5,f_cnn,14632
0,44,6,f_cnn,14632
0,44,7,f_cnn,14632
0,44,8,f_cnn,14632
0,44,9,f_cnn,14632
0,44,10,f_cnn,14632
0,44,11,f_cnn,14632
0,44,12,f_cnn,14632
0,44,13,f_cnn,14632
0,44,14,f_cnn,14632
0,44,15,f_cnn,14632
0,44,16,f_cnn,14632
0,44,17,f_cnn,14632
1,44,1,SYSTEM:ExtraMonitor,488476
1,44,2,f_cnn,14632
1,44,3,f_cnn,14632
1,44,4,f_cnn,14632
1,44,5,f_cnn,14632
1,44,6,f_cnn,14632
1,44,7,f_cnn,14632
1,44,8,f_cnn,14632
1,44,9,f_cnn,14632
1,44,10,f_cnn,14632
1,44,11,f_cnn,14632
1,44,12,f_cnn,14632
1,44,13,f_cnn,14632
1,44,14,f_cnn,14632
1,44,15,f_cnn,14632
1,44,16,f_cnn,14632
1,44,17,f_cnn,14632
2,44,1,SYSTEM:ExtraMonitor,488476
2,44,2,f_cnn,14632
2,44,3,f_cnn,14632
2,44,4,f_cnn,14632
2,44,5,f_cnn,14632
2,44,6,f_cnn,14632
2,44,7,f_cnn,14632
2,44,8,f_cnn,14632
2,44,9,f_cnn,14632
2,44,10,f_cnn,14632
2,44,11,f_cnn,14632
2,44,12,f_cnn,14632
2,44,13,f_cnn,14632
2,44,14,f_cnn,14632
2,44,15,f_cnn,14632
2,44,16,f_cnn,14632
2,44,17,f_cnn,14632
3,44,1,SYSTEM:ExtraMonitor,488476
3,44,2,f_cnn,14632
3,44,3,f_cnn,14632
3,44,4,f_cnn,14632
3,44,5,f_cnn,14632
3,44,6,f_cnn,14632
3,44,7,f_cnn,14632
3,44,8,f_cnn,14632
3,44,9,f_cnn,14632
3,44,10,f_cnn,14632
3,44,11,f_cnn,14632
3,44,12,f_cnn,14632
3,44,13,f_cnn,14632
3,44,14,f_cnn,14632
3,44,15,f_cnn,14632
3,44,16,f_cnn,14632
3,44,17,f_cnn,14632
4,44,1,"SYSTEM:PacketGatherer(44,4)",477250
4,44,2,SYSTEM:ExtraMonitor,488476
4,44,3,f_cnn,14632
4,44,4,f_cnn,14632
4,44,5,f_cnn,14632
4,44,6,f_cnn,14632
4,44,7,f_cnn,14632
4,44,8,f_cnn,14632
4,44,9,f_cnn,14632
4,44,10,f_cnn,14632
4,44,11,f_cnn,14632
4,44,12,f_cnn,14632
4,44,13,f_cnn,14632
4,44,14,f_cnn,14632
4,44,15,f_cnn,14632
4,44,16,f_cnn,14632
4,44,17,f_cnn,14632
5,44,1,SYSTEM:ExtraMonitor,488476
5,44,2,f_cnn,14632
5,44,3,f_cnn,14632
5,44,4,f_cnn,14632
5,44,5,f_cnn,14632
5,44,6,f_cnn,14632
5,44,7,f_cnn,14632
5,44,8,f_cnn,14632
5,44,9,f_cnn,14632
5,44,10,f_cnn,14632
5,44,11,f_cnn,14632
5,44,12,f_cnn,14632
5,44,13,f_cnn,14632
5,44,14,f_cnn,14632
5,44,15,f_cnn,14632
5,44,16,f_cnn,14632
6,44,1,SYSTEM:ExtraMonitor,488476
6,44,2,f_cnn,14632
6,44,3,f_cnn,14632
6,44,4,f_cnn,14632
6,44,5,f_cnn,14632
6,44,6,f_cnn,14632
6,44,7,f_cnn,14632
6,44,8,f_cnn,14632
6,44,9,f_cnn,14632
6,44,10,f_cnn,14632
6,44,11,f_cnn,14632
6,44,12,f_cnn,14632
6,44,13,f_cnn,14632
6,44,14,f_cnn,14632
6,44,15,f_cnn,14632
6,44,16,f_cnn,14632
6,44,17,f_cnn,14632
7,44,1,SYSTEM:ExtraMonitor,488476
7,44,2,f_cnn,14632
7,44,3,f_cnn,14632
7,44,4,f_cnn,14632
7,44,5,f_cnn,14632
7,44,6,f_cnn,14632
7,44,7,f_cnn,14632
7,44,8,f_cnn,14632
7,44,9,f_cnn,14632
7,44,10,f_cnn,14632
7,44,11,f_cnn,14632
7,44,12,f_cnn,14632
7,44,13,f_cnn,14632
7,44,14,f_cnn,14632
7,44,15,f_cnn,14632
7,44,16,f_cnn,14632
7,44,17,f_cnn,14632
8,44,1,SYSTEM:ExtraMonitor,488476
8,44,2,s_cnn,14632
8,44,3,s_cnn,14632
8,44,4,s_cnn,14632
8,44,5,s_cnn,14632
8,44,6,s_cnn,14632
8,44,7,s_cnn,14632
8,44,8,s_cnn,14632
8,44,9,s_cnn,14632
8,44,10,s_cnn,14632
8,44,11,s_cnn,14632
8,44,12,s_cnn,14632
8,44,13,s_cnn,14632
8,44,14,s_cnn,14632
8,44,15,s_cnn,14632
8,44,16,s_cnn,14632
8,44,17,s_cnn,14632
9,44,1,SYSTEM:ExtraMonitor,488476
9,44,2,s_cnn,14632
9,44,3,s_cnn,14632
9,44,4,s_cnn,14632
9,44,5,s_cnn,14632
9,44,6,s_cnn,14632
9,44,7,s_cnn,14632
9,44,8,s_cnn,14632
9,44,9,s_cnn,14632
9,44,10,s_cnn,14632
9,44,11,s_cnn,14632
9,44,12,s_cnn,14632
9,44,13,s_cnn,14632
9,44,14,s_cnn,14632
9,44,15,s_cnn,14632
9,44,16,s_cnn,14632
9,44,17,s_cnn,14632
10,44,1,SYSTEM:ExtraMonitor,488476
10,44,2,s_cnn,14632
10,44,3,s_cnn,14632
10,44,4,s_cnn,14632
10,44,5,s_cnn,14632
10,44,6,s_cnn,14632
10,44,7,s_cnn,14632
10,44,8,s_cnn,14632
10,44,9,s_cnn,14632
10,44,10,s_cnn,14632
10,44,11,s_cnn,14632
10,44,12,s_cnn,14632
10,44,13,s_cnn,14632
10,44,14,s_cnn,14632
10,44,15,s_cnn,14632
10,44,16,s_cnn,14632
10,44,17,s_cnn,14632
11,44,1,SYSTEM:ExtraMonitor,488476
11,44,2,s_cnn,14632
11,44,3,s_cnn,14632
11,44,4,s_cnn,14632
11,44,5,s_cnn,14632
11,44,6,s_cnn,14632
11,44,7,s_cnn,14632
11,44,8,s_cnn,14632
11,44,9,s_cnn,14632
11,44,10,s_cnn,14632
11,44,11,s_cnn,14632
11,44,12,s_cnn,14632
11,44,13,s_cnn,14632
11,44,14,s_cnn,14632
11,44,15,s_cnn,14632
11,44,16,s_cnn,14632
11,44,17,s_cnn,14632
12,44,1,SYSTEM:ExtraMonitor,488476
12,44,2,s_cnn,14632
12,44,3,s_cnn,14632
12,44,4,s_cnn,14632
12,44,5,s_cnn,14632
12,44,6,s_cnn,14632
12,44,7,s_cnn,14632
12,44,8,s_cnn,14632
12,44,9,s_cnn,14632
12,44,10,s_cnn,14632
12,44,11,s_cnn,14632
12,44,12,s_cnn,14632
12,44,13,s_cnn,14632
12,44,14,s_cnn,14632
12,44,15,s_cnn,14632
12,44,16,s_cnn,14632
12,44,17,s_cnn,14632
13,44,1,SYSTEM:ExtraMonitor,488476
13,44,2,s_cnn,14632
13,44,3,s_cnn,14632
13,44,4,s_cnn,14632
13,44,5,s_cnn,14632
13,44,6,s_cnn,14632
13,44,7,s_cnn,14632
13,44,8,s_cnn,14632
13,44,9,s_cnn,14632
13,44,10,s_cnn,14632
13,44,11,s_cnn,14632
13,44,12,s_cnn,14632
13,44,13,s_cnn,14632
13,44,14,s_cnn,14632
13,44,15,s_cnn,14632
13,44,16,s_cnn,14632
13,44,17,s_cnn,14632
14,44,1,SYSTEM:ExtraMonitor,488476
14,44,2,s_cnn,14632
14,44,3,s_cnn,14632
14,44,4,s_cnn,14632
14,44,5,s_cnn,14632
14,44,6,s_cnn,14632
14,44,7,s_cnn,14632
14,44,8,s_cnn,14632
14,44,9,s_cnn,14632
14,44,10,s_cnn,14632
14,44,11,s_cnn,14632
14,44,12,s_cnn,14632
14,44,13,s_cnn,14632
14,44,14,s_cnn,14632
14,44,15,s_cnn,14632
14,44,16,s_cnn,14632
14,44,17,s_cnn,14632
15,44,1,SYSTEM:ExtraMonitor,488476
15,44,2,s_cnn,14632
15,44,3,s_cnn,14632
15,44,4,s_cnn,14632
15,44,5,s_cnn,14632
15,44,6,s_cnn,14632
15,44,7,s_cnn,14632
15,44,8,s_cnn,14632
15,44,9,s_cnn,14632
15,44,10,s_cnn,14632
15,44,11,s_cnn,14632
15,44,12,s_cnn,14632
15,44,13,s_cnn,14632
15,44,14,s_cnn,14632
15,44,15,s_cnn,14632
15,44,16,s_cnn,14632
15,44,17,s_cnn,14632
16,44,1,"SYSTEM:PacketGatherer(44,16)",477250
16,44,2,SYSTEM:ExtraMonitor,488476
16,44,3,f_cnn,14632
16,44,4,f_cnn,14632
16,44,5,f_cnn,14632
16,44,6,f_cnn,14632
16,44,7,f_cnn,14632
16,44,8,f_cnn,14632
16,44,9,f_cnn,14632
16,44,10,f_cnn,14632
16,44,11,f_cnn,14632
16,44,12,f_cnn,14632
16,44,13,f_cnn,14632
16,44,14,f_cnn,14632
16,44,15,f_cnn,14632
16,44,16,f_cnn,14632
16,44,17,f_cnn,14632
17,44,1,SYSTEM:ExtraMonitor,488476
17,44,2,f_cnn,14632
17,44,3,f_cnn,14632
17,44,4,f_cnn,14632
17,44,5,f_cnn,14632
17,44,6,f_cnn,14632
17,44,7,f_cnn,14632
17,44,8,f_cnn,14632
17,44,9,f_cnn,14632
17,44,10,f_cnn,14632
17,44,11,f_cnn,14632
17,44,12,f_cnn,14632
17,44,13,f_cnn,14632
17,44,14,f_cnn,14632
17,44,15,f_cnn,14632
17,44,16,f_cnn,14632
17,44,17,f_cnn,14632
18,44,1,SYSTEM:ExtraMonitor,488476
18,44,2,f_cnn,14632
18,44,3,f_cnn,14632
18,44,4,f_cnn,14632
18,44,5,f_cnn,14632
18,44,6,f_cnn,14632
18,44,7,f_cnn,14632
18,44,8,f_cnn,14632
18,44,9,f_cnn,14632
18,44,10,f_cnn,14632
18,44,11,f_cnn,14632
18,44,12,f_cnn,14632
18,44,13,f_cnn,14632
18,44,14,f_cnn,14632
18,44,15,f_cnn,14632
18,44,16,f_cnn,14632
18,44,17,f_cnn,14632
19,44,1,SYSTEM:ExtraMonitor,488476
19,44,2,f_cnn,14632
19,44,3,f_cnn,14632
19,44,4,f_cnn,14632
19,44,5,f_cnn,14632
19,44,6,f_cnn,14632
19,44,7,f_cnn,14632
19,44,8,f_cnn,14632
19,44,9,f_cnn,14632
19,44,10,f_cnn,14632
19,44,11,f_cnn,14632
19,44,12,f_cnn,14632
19,44,13,f_cnn,14632
19,44,14,f_cnn,14632
19,44,15,f_cnn,14632
19,44,16,f_cnn,14632
19,44,17,f_cnn,14632
20,44,1,SYSTEM:ExtraMonitor,488476
20,44,2,f_cnn,14632
20,44,3,f_cnn,14632
20,44,4,f_cnn,14632
20,44,5,f_cnn,14632
20,44,6,f_cnn,14632
20,44,7,f_cnn,14632
20,44,8,f_cnn,14632
20,44,9,f_cnn,14632
20,44,10,f_cnn,14632
20,44,11,f_cnn,14632
20,44,12,f_cnn,14632
20,44,13,f_cnn,14632
20,44,14,f_cnn,14632
20,44,15,f_cnn,14632
20,44,16,f_cnn,14632
20,44,17,f_cnn,14632
21,44,1,SYSTEM:ExtraMonitor,488476
21,44,2,f_cnn,14632
21,44,3,f_cnn,14632
21,44,4,f_cnn,14632
21,44,5,f_cnn,14632
21,44,6,f_cnn,14632
21,44,7,f_cnn,14632
21,44,8,f_cnn,14632
21,44,9,f_cnn,14632
21,44,10,f_cnn,14632
21,44,11,f_cnn,14632
21,44,12,f_cnn,14632
21,44,13,f_cnn,14632
21,44,14,f_cnn,14632
21,44,15,f_cnn,14632
21,44,16,f_cnn,14632
21,44,17,f_cnn,14632
22,44,1,SYSTEM:ExtraMonitor,488476
22,44,2,f_cnn,14632
22,44,3,f_cnn,14632
22,44,4,f_cnn,14632
22,44,5,f_cnn,14632
22,44,6,f_cnn,14632
22,44,7,f_cnn,14632
22,44,8,f_cnn,14632
22,44,9,f_cnn,14632
22,44,10,f_cnn,14632
22,44,11,f_cnn,14632
22,44,12,f_cnn,14632
22,44,13,f_cnn,14632
22,44,14,f_cnn,14632
22,44,15,f_cnn,14632
22,44,16,f_cnn,14632
22,44,17,f_cnn,14632
23,44,1,SYSTEM:ExtraMonitor,488476
23,44,2,f_cnn,14632
23,44,3,f_cnn,14632
23,44,4,f_cnn,14632
23,44,5,f_cnn,14632
23,44,6,f_cnn,14632
23,44,7,f_cnn,14632
23,44,8,f_cnn,14632
23,44,9,f_cnn,14632
23,44,10,f_cnn,14632
23,44,11,f_cnn,14632
23,44,12,f_cnn,14632
23,44,13,f_cnn,14632
23,44,14,f_cnn,14632
23,44,15,f_cnn,14632
23,44,16,f_cnn,14632
23,44,17,f_cnn,14632
0,45,1,SYSTEM:ExtraMonitor,488476
0,45,2,f_cnn,14632
0,45,3,f_cnn,14632
0,45,4,f_cnn,14632
0,45,5,f_cnn,14632
0,45,6,f_cnn,14632
0,45,7,f_cnn,14632
0,45,8,f_cnn,14632
0,45,9,f_cnn,14632
0,45,10,f_cnn,14632
0,45,11,f_cnn,14632
0,45,12,f_cnn,14632
0,45,13,f_cnn,14632
0,45,14,f_cnn,14632
0,45,15,f_cnn,14632
0,45,16,f_cnn,14632
1,45,1,SYSTEM:ExtraMonitor,488476
1,45,2,f_cnn,14632
1,45,3,f_cnn,14632
1,45,4,f_cnn,14632
1,45,5,f_cnn,14632
1,45,6,f_cnn,14632
1,45,7,f_cnn,14632
1,45,8,f_cnn,14632
1,45,9,f_cnn,14632
1,45,10,f_cnn,14632
1,45,11,f_cnn,14632
1,45,12,f_cnn,14632
1,45,13,f_cnn,14632
1,45,14,f_cnn,14632
1,45,15,f_cnn,14632
1,45,16,f_cnn,14632
1,45,17,f_cnn,14632
2,45,1,SYSTEM:ExtraMonitor,488476
2,45,2,f_cnn,14632
2,45,3,f_cnn,14632
2,45,4,f_cnn,14632
2,45,5,f_cnn,14632
2,45,6,f_cnn,14632
2,45,7,f_cnn,14632
2,45,8,f_cnn,14632
2,45,9,f_cnn,14632
2,45,10,f_cnn,14632
2,45,11,f_cnn,14632
2,45,12,f_cnn,14632
2,45,13,f_cnn,14632
2,45,14,f_cnn,14632
2,45,15,f_cnn,14632
2,45,16,f_cnn,14632
3,45,1,SYSTEM:ExtraMonitor,488476
3,45,2,f_cnn,14632
3,45,3,f_cnn,14632
3,45,4,f_cnn,14632
3,45,5,f_cnn,14632
3,45,6,f_cnn,14632
3,45,7,f_cnn,14632
3,45,8,f_cnn,14632
3,45,9,f_cnn,14632
3,45,10,f_cnn,14632
3,45,11,f_cnn,14632
3,45,12,f_cnn,14632
3,45,13,f_cnn,14632
3,45,14,f_cnn,14632
3,45,15,f_cnn,14632
3,45,16,f_cnn,14632
3,45,17,f_cnn,14632
4,45,1,SYSTEM:ExtraMonitor,488476
4,45,2,f_cnn,14632
4,45,3,f_cnn,14632
4,45,4,f_cnn,14632
4,45,5,f_cnn,14632
4,45,6,f_cnn,14632
4,45,7,f_cnn,14632
4,45,8,f_cnn,14632
4,45,9,f_cnn,14632
4,45,10,f_cnn,14632
4,45,11,f_cnn,14632
4,45,12,f_cnn,14632
4,45,13,f_cnn,14632
4,45,14,f_cnn,14632
4,45,15,f_cnn,14632
4,45,16,f_cnn,14632
4,45,17,f_cnn,14632
5,45,1,SYSTEM:ExtraMonitor,488476
5,45,2,f_cnn,14632
5,45,3,f_cnn,14632
5,45,4,f_cnn,14632
5,45,5,f_cnn,14632
5,45,6,f_cnn,14632
5,45,7,f_cnn,14632
5,45,8,f_cnn,14632
5,45,9,f_cnn,14632
5,45,10,f_cnn,14632
5,45,11,f_cnn,14632
5,45,12,f_cnn,14632
5,45,13,f_cnn,14632
5,45,14,f_cnn,14632
5,45,15,f_cnn,14632
5,45,16,f_cnn,14632
6,45,1,SYSTEM:ExtraMonitor,488476
6,45,2,f_cnn,14632
6,45,3,f_cnn,14632
6,45,4,f_cnn,14632
6,45,5,f_cnn,14632
6,45,6,f_cnn,14632
6,45,7,f_cnn,14632
6,45,8,f_cnn,14632
6,45,9,f_cnn,14632
6,45,10,f_cnn,14632
6,45,11,f_cnn,14632
6,45,12,f_cnn,14632
6,45,13,f_cnn,14632
6,45,14,f_cnn,14632
6,45,15,f_cnn,14632
6,45,16,f_cnn,14632
6,45,17,f_cnn,14632
7,45,1,SYSTEM:ExtraMonitor,488476
7,45,2,f_cnn,14632
7,45,3,f_cnn,14632
7,45,4,f_cnn,14632
7,45,5,f_cnn,14632
7,45,6,f_cnn,14632
7,45,7,f_cnn,14632
7,45,8,f_cnn,14632
7,45,9,f_cnn,14632
7,45,10,f_cnn,14632
7,45,11,f_cnn,14632
7,45,12,f_cnn,14632
7,45,13,f_cnn,14632
7,45,14,f_cnn,14632
7,45,15,f_cnn,14632
7,45,16,f_cnn,14632
8,45,1,SYSTEM:ExtraMonitor,488476
8,45,2,f_cnn,14632
8,45,3,f_cnn,14632
8,45,4,f_cnn,14632
8,45,5,f_cnn,14632
8,45,6,f_cnn,14632
8,45,7,f_cnn,14632
8,45,8,f_cnn,14632
8,45,9,f_cnn,14632
8,45,10,f_cnn,14632
8,45,11,f_cnn,14632
8,45,12,f_cnn,14632
8,45,13,f_cnn,14632
8,45,14,f_cnn,14632
8,45,15,f_cnn,14632
8,45,16,f_cnn,14632
8,45,17,f_cnn,14632
9,45,1,SYSTEM:ExtraMonitor,488476
9,45,2,s_cnn,14632
9,45,3,s_cnn,14632
9,45,4,s_cnn,14632
9,45,5,s_cnn,14632
9,45,6,s_cnn,14632
9,45,7,s_cnn,14632
9,45,8,s_cnn,14632
9,45,9,s_cnn,14632
9,45,10,s_cnn,14632
9,45,11,s_cnn,14632
9,45,12,s_cnn,14632
9,45,13,s_cnn,14632
9,45,14,s_cnn,14632
9,45,15,s_cnn,14632
9,45,16,s_cnn,14632
9,45,17,s_cnn,14632
10,45,1,SYSTEM:ExtraMonitor,488476
10,45,2,s_cnn,14632
10,45,3,s_cnn,14632
10,45,4,s_cnn,14632
10,45,5,s_cnn,14632
10,45,6,s_cnn,14632
10,45,7,s_cnn,14632
10,45,8,s_cnn,14632
10,45,9,s_cnn,14632
10,45,10,s_cnn,14632
10,45,11,s_cnn,14632
10,45,12,s_cnn,14632
10,45,13,s_cnn,14632
10,45,14,s_cnn,14632
10,45,15,s_cnn,14632
10,45,16,s_cnn,14632
11,45,1,SYSTEM:ExtraMonitor,488476
11,45,2,s_cnn,14632
11,45,3,s_cnn,14632
11,45,4,s_cnn,14632
11,45,5,s_cnn,14632
11,45,6,s_cnn,14632
11,45,7,s_cnn,14632
11,45,8,s_cnn,14632
11,45,9,s_cnn,14632
11,45,10,s_cnn,14632
11,45,11,s_cnn,14632
11,45,12,s_cnn,14632
11,45,13,s_cnn,14632
11,45,14,s_cnn,14632
11,45,15,s_cnn,14632
11,45,16,s_cnn,14632
11,45,17,s_cnn,14632
12,45,1,SYSTEM:ExtraMonitor,488476
12,45,2,s_cnn,14632
12,45,3,s_cnn,14632
12,45,4,s_cnn,14632
12,45,5,s_cnn,14632
12,45,6,s_cnn,14632
12,45,7,s_cnn,14632
12,45,8,s_cnn,14632
12,45,9,s_cnn,14632
12,45,10,s_cnn,14632
12,45,11,s_cnn,14632
12,45,12,s_cnn,14632
12,45,13,s_cnn,14632
12,45,14,s_cnn,14632
12,45,15,s_cnn,14632
12,45,16,s_cnn,14632
13,45,1,SYSTEM:ExtraMonitor,488476
13,45,2,s_cnn,14632
13,45,3,s_cnn,14632
13,45,4,s_cnn,14632
13,45,5,s_cnn,14632
13,45,6,s_cnn,14632
13,45,7,s_cnn,14632
13,45,8,s_cnn,14632
13,45,9,s_cnn,14632
13,45,10,s_cnn,14632
13,45,11,s_cnn,14632
13,45,12,s_cnn,14632
13,45,13,s_cnn,14632
13,45,14,s_cnn,14632
13,45,15,s_cnn,14632
13,45,16,s_cnn,14632
13,45,17,s_cnn,14632
14,45,1,SYSTEM:ExtraMonitor,488476
14,45,2,s_cnn,14632
14,45,3,s_cnn,14632
14,45,4,s_cnn,14632
14,45,5,s_cnn,14632
14,45,6,s_cnn,14632
14,45,7,s_cnn,14632
14,45,8,s_cnn,14632
14,45,9,s_cnn,14632
14,45,10,s_cnn,14632
14,45,11,s_cnn,14632
14,45,12,s_cnn,14632
14,45,13,s_cnn,14632
14,45,14,s_cnn,14632
14,45,15,s_cnn,14632
14,45,16,s_cnn,14632
15,45,1,SYSTEM:ExtraMonitor,488476
15,45,2,s_cnn,14632
15,45,3,s_cnn,14632
15,45,4,s_cnn,14632
15,45,5,s_cnn,14632
15,45,6,s_cnn,14632
15,45,7,s_cnn,14632
15,45,8,s_cnn,14632
15,45,9,s_cnn,14632
15,45,10,s_cnn,14632
15,45,11,s_cnn,14632
15,45,12,s_cnn,14632
15,45,13,s_cnn,14632
15,45,14,s_cnn,14632
15,45,15,s_cnn,14632
15,45,16,s_cnn,14632
15,45,17,s_cnn,14632
16,45,1,SYSTEM:ExtraMonitor,488476
16,45,2,f_cnn,14632
16,45,3,f_cnn,14632
16,45,4,f_cnn,14632
16,45,5,f_cnn,14632
16,45,6,f_cnn,14632
16,45,7,f_cnn,14632
16,45,8,f_cnn,14632
16,45,9,f_cnn,14632
16,45,10,f_cnn,14632
16,45,11,f_cnn,14632
16,45,12,f_cnn,14632
16,45,13,f_cnn,14632
16,45,14,f_cnn,14632
16,45,15,f_cnn,14632
16,45,16,f_cnn,14632
16,45,17,f_cnn,14632
17,45,1,SYSTEM:ExtraMonitor,488476
17,45,2,f_cnn,14632
17,45,3,f_cnn,14632
17,45,4,f_cnn,14632
17,45,5,f_cnn,14632
17,45,6,f_cnn,14632
17,45,7,f_cnn,14632
17,45,8,f_cnn,14632
17,45,9,f_cnn,14632
17,45,10,f_cnn,14632
17,45,11,f_cnn,14632
17,45,12,f_cnn,14632
17,45,13,f_cnn,14632
17,45,14,f_cnn,14632
17,45,15,f_cnn,14632
17,45,16,f_cnn,14632
18,45,1,SYSTEM:ExtraMonitor,488476
18,45,2,f_cnn,14632
18,45,3,f_cnn,14632
18,45,4,f_cnn,14632
18,45,5,f_cnn,14632
18,45,6,f_cnn,14632
18,45,7,f_cnn,14632
18,45,8,f_cnn,14632
18,45,9,f_cnn,14632
18,45,10,f_cnn,14632
18,45,11,f_cnn,14632
18,45,12,f_cnn,14632
18,45,13,f_cnn,14632
18,45,14,f_cnn,14632
18,45,15,f_cnn,14632
18,45,16,f_cnn,14632
18,45,17,f_cnn,14632
19,45,1,SYSTEM:ExtraMonitor,488476
19,45,2,f_cnn,14632
19,45,3,f_cnn,14632
19,45,4,f_cnn,14632
19,45,5,f_cnn,14632
19,45,6,f_cnn,14632
19,45,7,f_cnn,14632
19,45,8,f_cnn,14632
19,45,9,f_cnn,14632
19,45,10,f_cnn,14632
19,45,11,f_cnn,14632
19,45,12,f_cnn,14632
19,45,13,f_cnn,14632
19,45,14,f_cnn,14632
19,45,15,f_cnn,14632
19,45,16,f_cnn,14632
20,45,1,SYSTEM:ExtraMonitor,488476
20,45,2,f_cnn,14632
20,45,3,f_cnn,14632
20,45,4,f_cnn,14632
20,45,5,f_cnn,14632
20,45,6,f_cnn,14632
20,45,7,f_cnn,14632
20,45,8,f_cnn,14632
20,45,9,f_cnn,14632
20,45,10,f_cnn,14632
20,45,11,f_cnn,14632
20,45,12,f_cnn,14632
20,45,13,f_cnn,14632
20,45,14,f_cnn,14632
20,45,15,f_cnn,14632
20,45,16,f_cnn,14632
20,45,17,f_cnn,14632
21,45,1,SYSTEM:ExtraMonitor,488476
21,45,2,f_cnn,14632
21,45,3,f_cnn,14632
21,45,4,f_cnn,14632
21,45,5,f_cnn,14632
21,45,6,f_cnn,14632
21,45,7,f_cnn,14632
21,45,8,f_cnn,14632
21,45,9,f_cnn,14632
21,45,10,f_cnn,14632
21,45,11,f_cnn,14632
21,45,12,f_cnn,14632
21,45,13,f_cnn,14632
21,45,14,f_cnn,14632
21,45,15,f_cnn,14632
21,45,16,f_cnn,14632
21,45,17,f_cnn,14632
22,45,1,SYSTEM:ExtraMonitor,488476
22,45,2,f_cnn,14632
22,45,3,f_cnn,14632
22,45,4,f_cnn,14632
22,45,5,f_cnn,14632
22,45,6,f_cnn,14632
22,45,7,f_cnn,14632
22,45,8,f_cnn,14632
22,45,9,f_cnn,14632
22,45,10,f_cnn,14632
22,45,11,f_cnn,14632
22,45,12,f_cnn,14632
22,45,13,f_cnn,14632
22,45,14,f_cnn,14632
22,45,15,f_cnn,14632
22,45,16,f_cnn,14632
23,45,1,SYSTEM:ExtraMonitor,488476
23,45,2,f_cnn,14632
23,45,3,f_cnn,14632
23,45,4,f_cnn,14632
23,45,5,f_cnn,14632
23,45,6,f_cnn,14632
23,45,7,f_cnn,14632
23,45,8,f_cnn,14632
23,45,9,f_cnn,14632
23,45,10,f_cnn,14632
23,45,11,f_cnn,14632
23,45,12,f_cnn,14632
23,45,13,f_cnn,14632
23,45,14,f_cnn,14632
23,45,15,f_cnn,14632
23,45,16,f_cnn,14632
23,45,17,f_cnn,14632
0,46,1,SYSTEM:ExtraMonitor,488476
0,46,2,f_cnn,14632
0,46,3,f_cnn,14632
0,46,4,f_cnn,14632
0,46,5,f_cnn,14632
0,46,6,f_cnn,14632
0,46,7,f_cnn,14632
0,46,8,f_cnn,14632
0,46,9,f_cnn,14632
0,46,10,f_cnn,14632
0,46,11,f_cnn,14632
0,46,12,f_cnn,14632
0,46,13,f_cnn,14632
0,46,14,f_cnn,14632
0,46,15,f_cnn,14632
0,46,16,f_cnn,14632
0,46,17,f_cnn,14632
1,46,1,SYSTEM:ExtraMonitor,488476
1,46,2,f_cnn,14632
1,46,3,f_cnn,14632
1,46,4,f_cnn,14632
1,46,5,f_cnn,14632
1,46,6,f_cnn,14632
1,46,7,f_cnn,14632
1,46,8,f_cnn,14632
1,46,9,f_cnn,14632
1,46,10,f_cnn,14632
1,46,11,f_cnn,14632
1,46,12,f_cnn,14632
1,46,13,f_cnn,14632
1,46,14,f_cnn,14632
1,46,15,f_cnn,14632
1,46,16,f_cnn,14632
1,46,17,f_cnn,14632
2,46,1,SYSTEM:ExtraMonitor,488476
2,46,2,f_cnn,14632
2,46,3,f_cnn,14632
2,46,4,f_cnn,14632
2,46,5,f_cnn,14632
2,46,6,f_cnn,14632
2,46,7,f_cnn,14632
2,46,8,f_cnn,14632
2,46,9,f_cnn,14632
2,46,10,f_cnn,14632
2,46,11,f_cnn,14632
2,46,12,f_cnn,14632
2,46,13,f_cnn,14632
2,46,14,f_cnn,14632
2,46,15,f_cnn,14632
2,46,16,f_cnn,14632
2,46,17,f_cnn,14632
3,46,1,SYSTEM:ExtraMonitor,488476
3,46,2,f_cnn,14632
3,46,3,f_cnn,14632
3,46,4,f_cnn,14632
3,46,5,f_cnn,14632
3,46,6,f_cnn,14632
3,46,7,f_cnn,14632
3,46,8,f_cnn,14632
3,46,9,f_cnn,14632
3,46,10,f_cnn,14632
3,46,11,f_cnn,14632
3,46,12,f_cnn,14632
3,46,13,f_cnn,14632
3,46,14,f_cnn,14632
3,46,15,f_cnn,14632
3,46,16,f_cnn,14632
3,46,17,f_cnn,14632
4,46,1,SYSTEM:ExtraMonitor,488476
4,46,2,f_cnn,14632
4,46,3,f_cnn,14632
4,46,4,f_cnn,14632
4,46,5,f_cnn,14632
4,46,6,f_cnn,14632
4,46,7,f_cnn,14632
4,46,8,f_cnn,14632
4,46,9,f_cnn,14632
4,46,10,f_cnn,14632
4,46,11,f_cnn,14632
4,46,12,f_cnn,14632
4,46,13,f_cnn,14632
4,46,14,f_cnn,14632
4,46,15,f_cnn,14632
4,46,16,f_cnn,14632
4,46,17,f_cnn,14632
5,46,1,SYSTEM:ExtraMonitor,488476
5,46,2,f_cnn,14632
5,46,3,f_cnn,14632
5,46,4,f_cnn,14632
5,46,5,f_cnn,14632
5,46,6,f_cnn,14632
5,46,7,f_cnn,14632
5,46,8,f_cnn,14632
5,46,9,f_cnn,14632
5,46,10,f_cnn,14632
5,46,11,f_cnn,14632
5,46,12,f_cnn,14632
5,46,13,f_cnn,14632
5,46,14,f_cnn,14632
5,46,15,f_cnn,14632
5,46,16,f_cnn,14632
5,46,17,f_cnn,14632
6,46,1,SYSTEM:ExtraMonitor,488476
6,46,2,f_cnn,14632
6,46,3,f_cnn,14632
6,46,4,f_cnn,14632
6,46,5,f_cnn,14632
6,46,6,f_cnn,14632
6,46,7,f_cnn,14632
6,46,8,f_cnn,14632
6,46,9,f_cnn,14632
6,46,10,f_cnn,14632
6,46,11,f_cnn,14632
6,46,12,f_cnn,14632
6,46,13,f_cnn,14632
6,46,14,f_cnn,14632
6,46,15,f_cnn,14632
6,46,16,f_cnn,14632
6,46,17,f_cnn,14632
7,46,1,SYSTEM:ExtraMonitor,488476
7,46,2,f_cnn,14632
7,46,3,f_cnn,14632
7,46,4,f_cnn,14632
7,46,5,f_cnn,14632
7,46,6,f_cnn,14632
7,46,7,f_cnn,14632
7,46,8,f_cnn,14632
7,46,9,f_cnn,14632
7,46,10,f_cnn,14632
7,46,11,f_cnn,14632
7,46,12,f_cnn,14632
7,46,13,f_cnn,14632
7,46,14,f_cnn,14632
7,46,15,f_cnn,14632
7,46,16,f_cnn,14632
7,46,17,f_cnn,14632
8,46,1,SYSTEM:ExtraMonitor,488476
8,46,2,f_cnn,14632
8,46,3,f_cnn,14632
8,46,4,f_cnn,14632
8,46,5,f_cnn,14632
8,46,6,f_cnn,14632
8,46,7,f_cnn,14632
8,46,8,f_cnn,14632
8,46,9,f_cnn,14632
8,46,10,f_cnn,14632
8,46,11,f_cnn,14632
8,46,12,f_cnn,14632
8,46,13,f_cnn,14632
8,46,14,f_cnn,14632
8,46,15,f_cnn,14632
8,46,16,f_cnn,14632
8,46,17,f_cnn,14632
9,46,1,SYSTEM:ExtraMonitor,488476
9,46,2,f_cnn,14632
9,46,3,f_cnn,14632
9,46,4,f_cnn,14632
9,46,5,f_cnn,14632
9,46,6,f_cnn,14632
9,46,7,f_cnn,14632
9,46,8,f_cnn,14632
9,46,9,f_cnn,14632
9,46,10,f_cnn,14632
9,46,11,f_cnn,14632
9,46,12,f_cnn,14632
9,46,13,f_cnn,14632
9,46,14,f_cnn,14632
9,46,15,f_cnn,14632
9,46,16,f_cnn,14632
9,46,17,f_cnn,14632
10,46,1,SYSTEM:ExtraMonitor,488476
10,46,2,s_cnn,14632
10,46,3,s_cnn,14632
10,46,4,s_cnn,14632
10,46,5,s_cnn,14632
10,46,6,s_cnn,14632
10,46,7,s_cnn,14632
10,46,8,s_cnn,14632
10,46,9,s_cnn,14632
10,46,10,s_cnn,14632
10,46,11,s_cnn,14632
10,46,12,s_cnn,14632
10,46,13,s_cnn,14632
10,46,14,s_cnn,14632
10,46,15,s_cnn,14632
10,46,16,s_cnn,14632
10,46,17,s_cnn,14632
11,46,1,SYSTEM:ExtraMonitor,488476
11,46,2,s_cnn,14632
11,46,3,s_cnn,14632
11,46,4,s_cnn,14632
11,46,5,s_cnn,14632
11,46,6,s_cnn,14632
11,46,7,s_cnn,14632
11,46,8,s_cnn,14632
11,46,9,s_cnn,14632
11,46,10,s_cnn,14632
11,46,11,s_cnn,14632
11,46,12,s_cnn,14632
11,46,13,s_cnn,14632
11,46,14,s_cnn,14632
11,46,15,s_cnn,14632
11,46,16,s_cnn,14632
11,46,17,s_cnn,14632
12,46,1,SYSTEM:ExtraMonitor,488476
12,46,2,s_cnn,14632
12,46,3,s_cnn,14632
12,46,4,s_cnn,14632
12,46,5,s_cnn,14632
12,46,6,s_cnn,14632
12,46,7,s_cnn,14632
12,46,8,s_cnn,14632
12,46,9,s_cnn,14632
12,46,10,s_cnn,14632
12,46,11,s_cnn,14632
12,46,12,s_cnn,14632
12,46,13,s_cnn,14632
12,46,14,s_cnn,14632
12,46,15,s_cnn,14632
12,46,16,s_cnn,14632
12,46,17,s_cnn,14632
13,46,1,SYSTEM:ExtraMonitor,488476
13,46,2,s_cnn,14632
13,46,3,s_cnn,14632
13,46,4,s_cnn,14632
13,46,5,s_cnn,14632
13,46,6,s_cnn,14632
13,46,7,s_cnn,14632
13,46,8,s_cnn,14632
13,46,9,s_cnn,14632
13,46,10,s_cnn,14632
13,46,11,s_cnn,14632
13,46,12,s_cnn,14632
13,46,13,s_cnn,14632
13,46,14,s_cnn,14632
13,46,15,s_cnn,14632
13,46,16,s_cnn,14632
13,46,17,s_cnn,14632
14,46,1,SYSTEM:ExtraMonitor,488476
14,46,2,s_cnn,14632
14,46,3,s_cnn,14632
14,46,4,s_cnn,14632
14,46,5,s_cnn,14632
14,46,6,s_cnn,14632
14,46,7,s_cnn,14632
14,46,8,s_cnn,14632
14,46,9,s_cnn,14632
14,46,10,s_cnn,14632
14,46,11,s_cnn,14632
14,46,12,s_cnn,14632
14,46,13,s_cnn,14632
14,46,14,s_cnn,14632
14,46,15,s_cnn,14632
14,46,16,s_cnn,14632
14,46,17,s_cnn,14632
15,46,1,SYSTEM:ExtraMonitor,488476
15,46,2,s_cnn,14632
15,46,3,s_cnn,14632
15,46,4,s_cnn,14632
15,46,5,s_cnn,14632
15,46,6,s_cnn,14632
15,46,7,s_cnn,14632
15,46,8,s_cnn,14632
15,46,9,s_cnn,14632
15,46,10,s_cnn,14632
15,46,11,s_cnn,14632
15,46,12,s_cnn,14632
15,46,13,s_cnn,14632
15,46,14,s_cnn,14632
15,46,15,s_cnn,14632
15,46,16,s_cnn,14632
15,46,17,s_cnn,14632
16,46,1,SYSTEM:ExtraMonitor,488476
16,46,2,f_cnn,14632
16,46,3,f_cnn,14632
16,46,4,f_cnn,14632
16,46,5,f_cnn,14632
16,46,6,f_cnn,14632
16,46,7,f_cnn,14632
16,46,8,f_cnn,14632
16,46,9,f_cnn,14632
16,46,10,f_cnn,14632
16,46,11,f_cnn,14632
16,46,12,f_cnn,14632
16,46,13,f_cnn,14632
16,46,14,f_cnn,14632
16,46,15,f_cnn,14632
16,46,16,f_cnn,14632
16,46,17,f_cnn,14632
17,46,1,SYSTEM:ExtraMonitor,488476
17,46,2,f_cnn,14632
17,46,3,f_cnn,14632
17,46,4,f_cnn,14632
17,46,5,f_cnn,14632
17,46,6,f_cnn,14632
17,46,7,f_cnn,14632
17,46,8,f_cnn,14632
17,46,9,f_cnn,14632
17,46,10,f_cnn,14632
17,46,11,f_cnn,14632
17,46,12,f_cnn,14632
17,46,13,f_cnn,14632
17,46,14,f_cnn,14632
17,46,15,f_cnn,14632
17,46,16,f_cnn,14632
17,46,17,f_cnn,14632
18,46,1,SYSTEM:ExtraMonitor,488476
18,46,2,f_cnn,14632
18,46,3,f_cnn,14632
18,46,4,f_cnn,14632
18,46,5,f_cnn,14632
18,46,6,f_cnn,14632
18,46,7,f_cnn,14632
18,46,8,f_cnn,14632
18,46,9,f_cnn,14632
18,46,10,f_cnn,14632
18,46,11,f_cnn,14632
18,46,12,f_cnn,14632
18,46,13,f_cnn,14632
18,46,14,f_cnn,14632
18,46,15,f_cnn,14632
18,46,16,f_cnn,14632
18,46,17,f_cnn,14632
19,46,1,SYSTEM:ExtraMonitor,488476
19,46,2,f_cnn,14632
19,46,3,f_cnn,14632
19,46,4,f_cnn,14632
19,46,5,f_cnn,14632
19,46,6,f_cnn,14632
19,46,7,f_cnn,14632
19,46,8,f_cnn,14632
19,46,9,f_cnn,14632
19,46,10,f_cnn,14632
19,46,11,f_cnn,14632
19,46,12,f_cnn,14632
19,46,13,f_cnn,14632
19,46,14,f_cnn,14632
19,46,15,f_cnn,14632
19,46,16,f_cnn,14632
19,46,17,f_cnn,14632
20,46,1,SYSTEM:ExtraMonitor,488476
20,46,2,f_cnn,14632
20,46,3,f_cnn,14632
20,46,4,f_cnn,14632
20,46,5,f_cnn,14632
20,46,6,f_cnn,14632
20,46,7,f_cnn,14632
20,46,8,f_cnn,14632
20,46,9,f_cnn,14632
20,46,10,f_cnn,14632
20,46,11,f_cnn,14632
20,46,12,f_cnn,14632
20,46,13,f_cnn,14632
20,46,14,f_cnn,14632
20,46,15,f_cnn,14632
20,46,16,f_cnn,14632
20,46,17,f_cnn,14632
21,46,1,SYSTEM:ExtraMonitor,488476
21,46,2,f_cnn,14632
21,46,3,f_cnn,14632
21,46,4,f_cnn,14632
21,46,5,f_cnn,14632
21,46,6,f_cnn,14632
21,46,7,f_cnn,14632
21,46,8,f_cnn,14632
21,46,9,f_cnn,14632
21,46,10,f_cnn,14632
21,46,11,f_cnn,14632
21,46,12,f_cnn,14632
21,46,13,f_cnn,14632
21,46,14,f_cnn,14632
21,46,15,f_cnn,14632
21,46,16,f_cnn,14632
21,46,17,f_cnn,14632
22,46,1,SYSTEM:ExtraMonitor,488476
22,46,2,f_cnn,14632
22,46,3,f_cnn,14632
22,46,4,f_cnn,14632
22,46,5,f_cnn,14632
22,46,6,f_cnn,14632
22,46,7,f_cnn,14632
22,46,8,f_cnn,14632
22,46,9,f_cnn,14632
22,46,10,f_cnn,14632
22,46,11,f_cnn,14632
22,46,12,f_cnn,14632
22,46,13,f_cnn,14632
22,46,14,f_cnn,14632
22,46,15,f_cnn,14632
22,46,16,f_cnn,14632
22,46,17,f_cnn,14632
23,46,1,SYSTEM:ExtraMonitor,488476
23,46,2,f_cnn,14632
23,46,3,f_cnn,14632
23,46,4,f_cnn,14632
23,46,5,f_cnn,14632
23,46,6,f_cnn,14632
23,46,7,f_cnn,14632
23,46,8,f_cnn,14632
23,46,9,f_cnn,14632
23,46,10,f_cnn,14632
23,46,11,f_cnn,14632
23,46,12,f_cnn,14632
23,46,13,f_cnn,14632
23,46,14,f_cnn,14632
23,46,15,f_cnn,14632
23,46,16,f_cnn,14632
23,46,17,f_cnn,14632
0,47,1,SYSTEM:ExtraMonitor,488476
0,47,2,f_cnn,14632
0,47,3,f_cnn,14632
0,47,4,f_cnn,14632
0,47,5,f_cnn,14632
0,47,6,f_cnn,14632
0,47,7,f_cnn,14632
0,47,8,f_cnn,14632
0,47,9,f_cnn,14632
0,47,10,f_cnn,14632
0,47,11,f_cnn,14632
0,47,12,f_cnn,14632
0,47,13,f_cnn,14632
0,47,14,f_cnn,14632
0,47,15,f_cnn,14632
0,47,16,f_cnn,14632
0,47,17,f_cnn,14632
1,47,1,SYSTEM:ExtraMonitor,488476
1,47,2,f_cnn,14632
1,47,3,f_cnn,14632
1,47,4,f_cnn,14632
1,47,5,f_cnn,14632
1,47,6,f_cnn,14632
1,47,7,f_cnn,14632
1,47,8,f_cnn,14632
1,47,9,f_cnn,14632
1,47,10,f_cnn,14632
1,47,11,f_cnn,14632
1,47,12,f_cnn,14632
1,47,13,f_cnn,14632
1,47,14,f_cnn,14632
1,47,15,f_cnn,14632
1,47,16,f_cnn,14632
1,47,17,f_cnn,14632
2,47,1,SYSTEM:ExtraMonitor,488476
2,47,2,f_cnn,14632
2,47,3,f_cnn,14632
2,47,4,f_cnn,14632
2,47,5,f_cnn,14632
2,47,6,f_cnn,14632
2,47,7,f_cnn,14632
2,47,8,f_cnn,14632
2,47,9,f_cnn,14632
2,47,10,f_cnn,14632
2,47,11,f_cnn,14632
2,47,12,f_cnn,14632
2,47,13,f_cnn,14632
2,47,14,f_cnn,14632
2,47,15,f_cnn,14632
2,47,16,f_cnn,14632
2,47,17,f_cnn,14632
3,47,1,SYSTEM:ExtraMonitor,488476
3,47,2,f_cnn,14632
3,47,3,f_cnn,14632
3,47,4,f_cnn,14632
3,47,5,f_cnn,14632
3,47,6,f_cnn,14632
3,47,7,f_cnn,14632
3,47,8,f_cnn,14632
3,47,9,f_cnn,14632
3,47,10,f_cnn,14632
3,47,11,f_cnn,14632
3,47,12,f_cnn,14632
3,47,13,f_cnn,14632
3,47,14,f_cnn,14632
3,47,15,f_cnn,14632
3,47,16,f_cnn,14632
3,47,17,f_cnn,14632
4,47,1,SYSTEM:ExtraMonitor,488476
4,47,2,f_cnn,14632
4,47,3,f_cnn,14632
4,47,4,f_cnn,14632
4,47,5,f_cnn,14632
4,47,6,f_cnn,14632
4,47,7,f_cnn,14632
4,47,8,f_cnn,14632
4,47,9,f_cnn,14632
4,47,10,f_cnn,14632
4,47,11,f_cnn,14632
4,47,12,f_cnn,14632
4,47,13,f_cnn,14632
4,47,14,f_cnn,14632
4,47,15,f_cnn,14632
4,47,16,f_cnn,14632
4,47,17,f_cnn,14632
5,47,1,SYSTEM:ExtraMonitor,488476
5,47,2,f_cnn,14632
5,47,3,f_cnn,14632
5,47,4,f_cnn,14632
5,47,5,f_cnn,14632
5,47,6,f_cnn,14632
5,47,7,f_cnn,14632
5,47,8,f_cnn,14632
5,47,9,f_cnn,14632
5,47,10,f_cnn,14632
5,47,11,f_cnn,14632
5,47,12,f_cnn,14632
5,47,13,f_cnn,14632
5,47,14,f_cnn,14632
5,47,15,f_cnn,14632
5,47,16,f_cnn,14632
6,47,1,SYSTEM:ExtraMonitor,488476
6,47,2,f_cnn,14632
6,47,3,f_cnn,14632
6,47,4,f_cnn,14632
6,47,5,f_cnn,14632
6,47,6,f_cnn,14632
6,47,7,f_cnn,14632
6,47,8,f_cnn,14632
6,47,9,f_cnn,14632
6,47,10,f_cnn,14632
6,47,11,f_cnn,14632
6,47,12,f_cnn,14632
6,47,13,f_cnn,14632
6,47,14,f_cnn,14632
6,47,15,f_cnn,14632
6,47,16,f_cnn,14632
6,47,17,f_cnn,14632
7,47,1,SYSTEM:ExtraMonitor,488476
7,47,2,f_cnn,14632
7,47,3,f_cnn,14632
7,47,4,f_cnn,14632
7,47,5,f_cnn,14632
7,47,6,f_cnn,14632
7,47,7,f_cnn,14632
7,47,8,f_cnn,14632
7,47,9,f_cnn,14632
7,47,10,f_cnn,14632
7,47,11,f_cnn,14632
7,47,12,f_cnn,14632
7,47,13,f_cnn,14632
7,47,14,f_cnn,14632
7,47,15,f_cnn,14632
7,47,16,f_cnn,14632
8,47,1,SYSTEM:ExtraMonitor,488476
8,47,2,f_cnn,14632
8,47,3,f_cnn,14632
8,47,4,f_cnn,14632
8,47,5,f_cnn,14632
8,47,6,f_cnn,14632
8,47,7,f_cnn,14632
8,47,8,f_cnn,14632
8,47,9,f_cnn,14632
8,47,10,f_cnn,14632
8,47,11,f_cnn,14632
8,47,12,f_cnn,14632
8,47,13,f_cnn,14632
8,47,14,f_cnn,14632
8,47,15,f_cnn,14632
8,47,16,f_cnn,14632
8,47,17,f_cnn,14632
9,47,1,SYSTEM:ExtraMonitor,488476
9,47,2,f_cnn,14632
9,47,3,f_cnn,14632
9,47,4,f_cnn,14632
9,47,5,f_cnn,14632
9,47,6,f_cnn,14632
9,47,7,f_cnn,14632
9,47,8,f_cnn,14632
9,47,9,f_cnn,14632
9,47,10,f_cnn,14632
9,47,11,f_cnn,14632
9,47,12,f_cnn,14632
9,47,13,f_cnn,14632
9,47,14,f_cnn,14632
9,47,15,f_cnn,14632
9,47,16,f_cnn,14632
10,47,1,SYSTEM:ExtraMonitor,488476
10,47,2,f_cnn,14632
10,47,3,f_cnn,14632
10,47,4,f_cnn,14632
10,47,5,f_cnn,14632
10,47,6,f_cnn,14632
10,47,7,f_cnn,14632
10,47,8,f_cnn,14632
10,47,9,f_cnn,14632
10,47,10,f_cnn,14632
10,47,11,f_cnn,14632
10,47,12,f_cnn,14632
10,47,13,f_cnn,14632
10,47,14,f_cnn,14632
10,47,15,f_cnn,14632
10,47,16,f_cnn,14632
10,47,17,f_cnn,14632
11,47,1,SYSTEM:ExtraMonitor,488476
11,47,2,s_cnn,14632
11,47,3,s_cnn,14632
11,47,4,s_cnn,14632
11,47,5,s_cnn,14632
11,47,6,s_cnn,14632
11,47,7,s_cnn,14632
11,47,8,s_cnn,14632
11,47,9,s_cnn,14632
11,47,10,s_cnn,14632
11,47,11,s_cnn,14632
11,47,12,s_cnn,14632
11,47,13,s_cnn,14632
11,47,14,s_cnn,14632
11,47,15,s_cnn,14632
11,47,16,s_cnn,14632
11,47,17,s_cnn,14632
12,47,1,SYSTEM:ExtraMonitor,488476
12,47,2,s_cnn,14632
12,47,3,s_cnn,14632
12,47,4,s_cnn,14632
12,47,5,s_cnn,14632
12,47,6,s_cnn,14632
12,47,7,s_cnn,14632
12,47,8,s_cnn,14632
12,47,9,s_cnn,14632
12,47,10,s_cnn,14632
12,47,11,s_cnn,14632
12,47,12,s_cnn,14632
12,47,13,s_cnn,14632
12,47,14,s_cnn,14632
12,47,15,s_cnn,14632
12,47,16,s_cnn,14632
12,47,17,s_cnn,14632
13,47,1,SYSTEM:ExtraMonitor,488476
13,47,2,s_cnn,14632
13,47,3,s_cnn,14632
13,47,4,s_cnn,14632
13,47,5,s_cnn,14632
13,47,6,s_cnn,14632
13,47,7,s_cnn,14632
13,47,8,s_cnn,14632
13,47,9,s_cnn,14632
13,47,10,s_cnn,14632
13,47,11,s_cnn,14632
13,47,12,s_cnn,14632
13,47,13,s_cnn,14632
13,47,14,s_cnn,14632
13,47,15,s_cnn,14632
13,47,16,s_cnn,14632
13,47,17,s_cnn,14632
14,47,1,SYSTEM:ExtraMonitor,488476
14,47,2,s_cnn,14632
14,47,3,s_cnn,14632
14,47,4,s_cnn,14632
14,47,5,s_cnn,14632
14,47,6,s_cnn,14632
14,47,7,s_cnn,14632
14,47,8,s_cnn,14632
14,47,9,s_cnn,14632
14,47,10,s_cnn,14632
14,47,11,s_cnn,14632
14,47,12,s_cnn,14632
14,47,13,s_cnn,14632
14,47,14,s_cnn,14632
14,47,15,s_cnn,14632
14,47,16,s_cnn,14632
14,47,17,s_cnn,14632
15,47,1,SYSTEM:ExtraMonitor,488476
15,47,2,s_cnn,14632
15,47,3,s_cnn,14632
15,47,4,s_cnn,14632
15,47,5,s_cnn,14632
15,47,6,s_cnn,14632
15,47,7,s_cnn,14632
15,47,8,s_cnn,14632
15,47,9,s_cnn,14632
15,47,10,s_cnn,14632
15,47,11,s_cnn,14632
15,47,12,s_cnn,14632
15,47,13,s_cnn,14632
15,47,14,s_cnn,14632
15,47,15,s_cnn,14632
15,47,16,s_cnn,14632
15,47,17,s_cnn,14632
16,47,1,SYSTEM:ExtraMonitor,488476
16,47,2,f_cnn,14632
16,47,3,f_cnn,14632
16,47,4,f_cnn,14632
16,47,5,f_cnn,14632
16,47,6,f_cnn,14632
16,47,7,f_cnn,14632
16,47,8,f_cnn,14632
16,47,9,f_cnn,14632
16,47,10,f_cnn,14632
16,47,11,f_cnn,14632
16,47,12,f_cnn,14632
16,47,13,f_cnn,14632
16,47,14,f_cnn,14632
16,47,15,f_cnn,14632
16,47,16,f_cnn,14632
16,47,17,f_cnn,14632
17,47,1,SYSTEM:ExtraMonitor,488476
17,47,2,f_cnn,14632
17,47,3,f_cnn,14632
17,47,4,f_cnn,14632
17,47,5,f_cnn,14632
17,47,6,f_cnn,14632
17,47,7,f_cnn,14632
17,47,8,f_cnn,14632
17,47,9,f_cnn,14632
17,47,10,f_cnn,14632
17,47,11,f_cnn,14632
17,47,12,f_cnn,14632
17,47,13,f_cnn,14632
17,47,14,f_cnn,14632
17,47,15,f_cnn,14632
17,47,16,f_cnn,14632
18,47,1,SYSTEM:ExtraMonitor,488476
18,47,2,f_cnn,14632
18,47,3,f_cnn,14632
18,47,4,f_cnn,14632
18,47,5,f_cnn,14632
18,47,6,f_cnn,14632
18,47,7,f_cnn,14632
18,47,8,f_cnn,14632
18,47,9,f_cnn,14632
18,47,10,f_cnn,14632
18,47,11,f_cnn,14632
18,47,12,f_cnn,14632
18,47,13,f_cnn,14632
18,47,14,f_cnn,14632
18,47,15,f_cnn,14632
18,47,16,f_cnn,14632
18,47,17,f_cnn,14632
19,47,1,SYSTEM:ExtraMonitor,488476
19,47,2,f_cnn,14632
19,47,3,f_cnn,14632
19,47,4,f_cnn,14632
19,47,5,f_cnn,14632
19,47,6,f_cnn,14632
19,47,7,f_cnn,14632
19,47,8,f_cnn,14632
19,47,9,f_cnn,14632
19,47,10,f_cnn,14632
19,47,11,f_cnn,14632
19,47,12,f_cnn,14632
19,47,13,f_cnn,14632
19,47,14,f_cnn,14632
19,47,15,f_cnn,14632
19,47,16,f_cnn,14632
20,47,1,SYSTEM:ExtraMonitor,488476
20,47,2,f_cnn,14632
20,47,3,f_cnn,14632
20,47,4,f_cnn,14632
20,47,5,f_cnn,14632
20,47,6,f_cnn,14632
20,47,7,f_cnn,14632
20,47,8,f_cnn,14632
20,47,9,f_cnn,14632
20,47,10,f_cnn,14632
20,47,11,f_cnn,14632
20,47,12,f_cnn,14632
20,47,13,f_cnn,14632
20,47,14,f_cnn,14632
20,47,15,f_cnn,14632
20,47,16,f_cnn,14632
20,47,17,f_cnn,14632
21,47,1,SYSTEM:ExtraMonitor,488476
21,47,2,f_cnn,14632
21,47,3,f_cnn,14632
21,47,4,f_cnn,14632
21,47,5,f_cnn,14632
21,47,6,f_cnn,14632
21,47,7,f_cnn,14632
21,47,8,f_cnn,14632
21,47,9,f_cnn,14632
21,47,10,f_cnn,14632
21,47,11,f_cnn,14632
21,47,12,f_cnn,14632
21,47,13,f_cnn,14632
21,47,14,f_cnn,14632
21,47,15,f_cnn,14632
21,47,16,f_cnn,14632
22,47,1,SYSTEM:ExtraMonitor,488476
22,47,2,f_cnn,14632
22,47,3,f_cnn,14632
22,47,4,f_cnn,14632
22,47,5,f_cnn,14632
22,47,6,f_cnn,14632
22,47,7,f_cnn,14632
22,47,8,f_cnn,14632
22,47,9,f_cnn,14632
22,47,10,f_cnn,14632
22,47,11,f_cnn,14632
22,47,12,f_cnn,14632
22,47,13,f_cnn,14632
22,47,14,f_cnn,14632
22,47,15,f_cnn,14632
22,47,16,f_cnn,14632
22,47,17,f_cnn,14632
23,47,1,SYSTEM:ExtraMonitor,488476
23,47,2,f_cnn,14632
23,47,3,f_cnn,14632
23,47,4,f_cnn,14632
23,47,5,f_cnn,14632
23,47,6,f_cnn,14632
23,47,7,f_cnn,14632
23,47,8,f_cnn,14632
23,47,9,f_cnn,14632
23,47,10,f_cnn,14632
23,47,11,f_cnn,14632
23,47,12,f_cnn,14632
23,47,13,f_cnn,14632
23,47,14,f_cnn,14632
23,47,15,f_cnn,14632
23,47,16,f_cnn,14632
23,47,17,f_cnn,14632
